2026-07-16 10:58:50,591 [Worker-6: Loading available Gradle versions] INFO  o.e.b.c.i.u.g.PublishedGradleVersions - Gradle version information cache is not available. Remote download required.
2026-07-20 10:10:05,040 [Worker-6: Loading available Gradle versions] INFO  o.e.b.c.i.u.g.PublishedGradleVersions - Gradle version information cache is out-of-date. Trying to update.
2026-07-22 14:19:04,842 [Worker-6: Loading available Gradle versions] INFO  o.e.b.c.i.u.g.PublishedGradleVersions - Gradle version information cache is out-of-date. Trying to update.
2026-07-22 14:22:24,382 [Worker-3: reload maven project] INFO  o.e.m.c.i.e.AbstractTransferListenerAdapter - Downloading https://repo.maven.apache.org/maven2/org/springframework/boot/spring-boot-starter-parent/4.0.7/spring-boot-starter-parent-4.0.7.pom
2026-07-22 14:22:24,394 [Worker-3: reload maven project] INFO  o.e.m.c.i.e.AbstractTransferListenerAdapter - Downloaded https://repo.maven.apache.org/maven2/org/springframework/boot/spring-boot-starter-parent/4.0.7/spring-boot-starter-parent-4.0.7.pom
2026-07-22 14:22:24,425 [Worker-3: reload maven project] INFO  o.e.m.c.i.e.AbstractTransferListenerAdapter - Downloading https://repo.maven.apache.org/maven2/org/springframework/boot/spring-boot-dependencies/4.0.7/spring-boot-dependencies-4.0.7.pom
2026-07-22 14:22:24,431 [Worker-3: reload maven project] INFO  o.e.m.c.i.e.AbstractTransferListenerAdapter - Downloaded https://repo.maven.apache.org/maven2/org/springframework/boot/spring-boot-dependencies/4.0.7/spring-boot-dependencies-4.0.7.pom
2026-07-22 14:22:24,530 [Worker-3: reload maven project] INFO  o.e.m.c.i.e.AbstractTransferListenerAdapter - Downloading https://repo.maven.apache.org/maven2/org/apache/activemq/activemq-bom/6.1.8/activemq-bom-6.1.8.pom
2026-07-22 14:22:24,533 [Worker-3: reload maven project] INFO  o.e.m.c.i.e.AbstractTransferListenerAdapter - Downloaded https://repo.maven.apache.org/maven2/org/apache/activemq/activemq-bom/6.1.8/activemq-bom-6.1.8.pom
2026-07-22 14:22:24,566 [Worker-3: reload maven project] INFO  o.e.m.c.i.e.AbstractTransferListenerAdapter - Downloading https://repo.maven.apache.org/maven2/org/apache/activemq/artemis-bom/2.43.0/artemis-bom-2.43.0.pom
2026-07-22 14:22:24,569 [Worker-3: reload maven project] INFO  o.e.m.c.i.e.AbstractTransferListenerAdapter - Downloaded https://repo.maven.apache.org/maven2/org/apache/activemq/artemis-bom/2.43.0/artemis-bom-2.43.0.pom
2026-07-22 14:22:24,591 [Worker-3: reload maven project] INFO  o.e.m.c.i.e.AbstractTransferListenerAdapter - Downloading https://repo.maven.apache.org/maven2/org/apache/activemq/artemis-project/2.43.0/artemis-project-2.43.0.pom
2026-07-22 14:22:24,595 [Worker-3: reload maven project] INFO  o.e.m.c.i.e.AbstractTransferListenerAdapter - Downloaded https://repo.maven.apache.org/maven2/org/apache/activemq/artemis-project/2.43.0/artemis-project-2.43.0.pom
2026-07-22 14:22:24,618 [Worker-3: reload maven project] INFO  o.e.m.c.i.e.AbstractTransferListenerAdapter - Downloading https://repo.maven.apache.org/maven2/org/apache/apache/35/apache-35.pom
2026-07-22 14:22:24,622 [Worker-3: reload maven project] INFO  o.e.m.c.i.e.AbstractTransferListenerAdapter - Downloaded https://repo.maven.apache.org/maven2/org/apache/apache/35/apache-35.pom
2026-07-22 14:22:24,653 [Worker-3: reload maven project] INFO  o.e.m.c.i.e.AbstractTransferListenerAdapter - Downloading https://repo.maven.apache.org/maven2/org/assertj/assertj-bom/3.27.7/assertj-bom-3.27.7.pom
2026-07-22 14:22:24,656 [Worker-3: reload maven project] INFO  o.e.m.c.i.e.AbstractTransferListenerAdapter - Downloaded https://repo.maven.apache.org/maven2/org/assertj/assertj-bom/3.27.7/assertj-bom-3.27.7.pom
2026-07-22 14:22:24,679 [Worker-3: reload maven project] INFO  o.e.m.c.i.e.AbstractTransferListenerAdapter - Downloading https://repo.maven.apache.org/maven2/io/zipkin/reporter2/zipkin-reporter-bom/3.5.3/zipkin-reporter-bom-3.5.3.pom
2026-07-22 14:22:24,682 [Worker-3: reload maven project] INFO  o.e.m.c.i.e.AbstractTransferListenerAdapter - Downloaded https://repo.maven.apache.org/maven2/io/zipkin/reporter2/zipkin-reporter-bom/3.5.3/zipkin-reporter-bom-3.5.3.pom
2026-07-22 14:22:24,704 [Worker-3: reload maven project] INFO  o.e.m.c.i.e.AbstractTransferListenerAdapter - Downloading https://repo.maven.apache.org/maven2/io/zipkin/brave/brave-bom/6.3.1/brave-bom-6.3.1.pom
2026-07-22 14:22:24,709 [Worker-3: reload maven project] INFO  o.e.m.c.i.e.AbstractTransferListenerAdapter - Downloaded https://repo.maven.apache.org/maven2/io/zipkin/brave/brave-bom/6.3.1/brave-bom-6.3.1.pom
2026-07-22 14:22:24,736 [Worker-3: reload maven project] INFO  o.e.m.c.i.e.AbstractTransferListenerAdapter - Downloading https://repo.maven.apache.org/maven2/org/apache/cassandra/java-driver-bom/4.19.3/java-driver-bom-4.19.3.pom
2026-07-22 14:22:24,741 [Worker-3: reload maven project] INFO  o.e.m.c.i.e.AbstractTransferListenerAdapter - Downloaded https://repo.maven.apache.org/maven2/org/apache/cassandra/java-driver-bom/4.19.3/java-driver-bom-4.19.3.pom
2026-07-22 14:22:24,763 [Worker-3: reload maven project] INFO  o.e.m.c.i.e.AbstractTransferListenerAdapter - Downloading https://repo.maven.apache.org/maven2/org/apache/groovy/groovy-bom/5.0.6/groovy-bom-5.0.6.pom
2026-07-22 14:22:24,768 [Worker-3: reload maven project] INFO  o.e.m.c.i.e.AbstractTransferListenerAdapter - Downloaded https://repo.maven.apache.org/maven2/org/apache/groovy/groovy-bom/5.0.6/groovy-bom-5.0.6.pom
2026-07-22 14:22:24,792 [Worker-3: reload maven project] INFO  o.e.m.c.i.e.AbstractTransferListenerAdapter - Downloading https://repo.maven.apache.org/maven2/org/infinispan/infinispan-bom/15.2.6.Final/infinispan-bom-15.2.6.Final.pom
2026-07-22 14:22:24,796 [Worker-3: reload maven project] INFO  o.e.m.c.i.e.AbstractTransferListenerAdapter - Downloaded https://repo.maven.apache.org/maven2/org/infinispan/infinispan-bom/15.2.6.Final/infinispan-bom-15.2.6.Final.pom
2026-07-22 14:22:24,821 [Worker-3: reload maven project] INFO  o.e.m.c.i.e.AbstractTransferListenerAdapter - Downloading https://repo.maven.apache.org/maven2/org/infinispan/infinispan-build-configuration-parent/15.2.6.Final/infinispan-build-configuration-parent-15.2.6.Final.pom
2026-07-22 14:22:24,825 [Worker-3: reload maven project] INFO  o.e.m.c.i.e.AbstractTransferListenerAdapter - Downloaded https://repo.maven.apache.org/maven2/org/infinispan/infinispan-build-configuration-parent/15.2.6.Final/infinispan-build-configuration-parent-15.2.6.Final.pom
2026-07-22 14:22:24,860 [Worker-3: reload maven project] INFO  o.e.m.c.i.e.AbstractTransferListenerAdapter - Downloading https://repo.maven.apache.org/maven2/com/fasterxml/jackson/jackson-bom/2.21.4/jackson-bom-2.21.4.pom
2026-07-22 14:22:24,865 [Worker-3: reload maven project] INFO  o.e.m.c.i.e.AbstractTransferListenerAdapter - Downloaded https://repo.maven.apache.org/maven2/com/fasterxml/jackson/jackson-bom/2.21.4/jackson-bom-2.21.4.pom
2026-07-22 14:22:24,889 [Worker-3: reload maven project] INFO  o.e.m.c.i.e.AbstractTransferListenerAdapter - Downloading https://repo.maven.apache.org/maven2/com/fasterxml/jackson/jackson-parent/2.21/jackson-parent-2.21.pom
2026-07-22 14:22:24,895 [Worker-3: reload maven project] INFO  o.e.m.c.i.e.AbstractTransferListenerAdapter - Downloaded https://repo.maven.apache.org/maven2/com/fasterxml/jackson/jackson-parent/2.21/jackson-parent-2.21.pom
2026-07-22 14:22:24,921 [Worker-3: reload maven project] INFO  o.e.m.c.i.e.AbstractTransferListenerAdapter - Downloading https://repo.maven.apache.org/maven2/com/fasterxml/oss-parent/75/oss-parent-75.pom
2026-07-22 14:22:24,926 [Worker-3: reload maven project] INFO  o.e.m.c.i.e.AbstractTransferListenerAdapter - Downloaded https://repo.maven.apache.org/maven2/com/fasterxml/oss-parent/75/oss-parent-75.pom
2026-07-22 14:22:24,954 [Worker-3: reload maven project] INFO  o.e.m.c.i.e.AbstractTransferListenerAdapter - Downloading https://repo.maven.apache.org/maven2/tools/jackson/jackson-bom/3.1.4/jackson-bom-3.1.4.pom
2026-07-22 14:22:24,958 [Worker-3: reload maven project] INFO  o.e.m.c.i.e.AbstractTransferListenerAdapter - Downloaded https://repo.maven.apache.org/maven2/tools/jackson/jackson-bom/3.1.4/jackson-bom-3.1.4.pom
2026-07-22 14:22:24,981 [Worker-3: reload maven project] INFO  o.e.m.c.i.e.AbstractTransferListenerAdapter - Downloading https://repo.maven.apache.org/maven2/com/fasterxml/oss-parent/79/oss-parent-79.pom
2026-07-22 14:22:24,987 [Worker-3: reload maven project] INFO  o.e.m.c.i.e.AbstractTransferListenerAdapter - Downloaded https://repo.maven.apache.org/maven2/com/fasterxml/oss-parent/79/oss-parent-79.pom
2026-07-22 14:22:25,016 [Worker-3: reload maven project] INFO  o.e.m.c.i.e.AbstractTransferListenerAdapter - Downloading https://repo.maven.apache.org/maven2/org/glassfish/jersey/jersey-bom/4.0.2/jersey-bom-4.0.2.pom
2026-07-22 14:22:25,020 [Worker-3: reload maven project] INFO  o.e.m.c.i.e.AbstractTransferListenerAdapter - Downloaded https://repo.maven.apache.org/maven2/org/glassfish/jersey/jersey-bom/4.0.2/jersey-bom-4.0.2.pom
2026-07-22 14:22:25,046 [Worker-3: reload maven project] INFO  o.e.m.c.i.e.AbstractTransferListenerAdapter - Downloading https://repo.maven.apache.org/maven2/org/eclipse/ee4j/project/1.0.9/project-1.0.9.pom
2026-07-22 14:22:25,050 [Worker-3: reload maven project] INFO  o.e.m.c.i.e.AbstractTransferListenerAdapter - Downloaded https://repo.maven.apache.org/maven2/org/eclipse/ee4j/project/1.0.9/project-1.0.9.pom
2026-07-22 14:22:25,080 [Worker-3: reload maven project] INFO  o.e.m.c.i.e.AbstractTransferListenerAdapter - Downloading https://repo.maven.apache.org/maven2/org/eclipse/jetty/ee11/jetty-ee11-bom/12.1.10/jetty-ee11-bom-12.1.10.pom
2026-07-22 14:22:25,085 [Worker-3: reload maven project] INFO  o.e.m.c.i.e.AbstractTransferListenerAdapter - Downloaded https://repo.maven.apache.org/maven2/org/eclipse/jetty/ee11/jetty-ee11-bom/12.1.10/jetty-ee11-bom-12.1.10.pom
2026-07-22 14:22:25,111 [Worker-3: reload maven project] INFO  o.e.m.c.i.e.AbstractTransferListenerAdapter - Downloading https://repo.maven.apache.org/maven2/org/eclipse/jetty/jetty-bom/12.1.10/jetty-bom-12.1.10.pom
2026-07-22 14:22:25,116 [Worker-3: reload maven project] INFO  o.e.m.c.i.e.AbstractTransferListenerAdapter - Downloaded https://repo.maven.apache.org/maven2/org/eclipse/jetty/jetty-bom/12.1.10/jetty-bom-12.1.10.pom
2026-07-22 14:22:25,148 [Worker-3: reload maven project] INFO  o.e.m.c.i.e.AbstractTransferListenerAdapter - Downloading https://repo.maven.apache.org/maven2/org/jooq/jooq-bom/3.19.35/jooq-bom-3.19.35.pom
2026-07-22 14:22:25,152 [Worker-3: reload maven project] INFO  o.e.m.c.i.e.AbstractTransferListenerAdapter - Downloaded https://repo.maven.apache.org/maven2/org/jooq/jooq-bom/3.19.35/jooq-bom-3.19.35.pom
2026-07-22 14:22:25,181 [Worker-3: reload maven project] INFO  o.e.m.c.i.e.AbstractTransferListenerAdapter - Downloading https://repo.maven.apache.org/maven2/org/junit/junit-bom/6.0.3/junit-bom-6.0.3.pom
2026-07-22 14:22:25,185 [Worker-3: reload maven project] INFO  o.e.m.c.i.e.AbstractTransferListenerAdapter - Downloaded https://repo.maven.apache.org/maven2/org/junit/junit-bom/6.0.3/junit-bom-6.0.3.pom
2026-07-22 14:22:25,211 [Worker-3: reload maven project] INFO  o.e.m.c.i.e.AbstractTransferListenerAdapter - Downloading https://repo.maven.apache.org/maven2/org/jetbrains/kotlin/kotlin-bom/2.2.21/kotlin-bom-2.2.21.pom
2026-07-22 14:22:25,217 [Worker-3: reload maven project] INFO  o.e.m.c.i.e.AbstractTransferListenerAdapter - Downloaded https://repo.maven.apache.org/maven2/org/jetbrains/kotlin/kotlin-bom/2.2.21/kotlin-bom-2.2.21.pom
2026-07-22 14:22:25,242 [Worker-3: reload maven project] INFO  o.e.m.c.i.e.AbstractTransferListenerAdapter - Downloading https://repo.maven.apache.org/maven2/org/jetbrains/kotlinx/kotlinx-coroutines-bom/1.10.2/kotlinx-coroutines-bom-1.10.2.pom
2026-07-22 14:22:25,247 [Worker-3: reload maven project] INFO  o.e.m.c.i.e.AbstractTransferListenerAdapter - Downloaded https://repo.maven.apache.org/maven2/org/jetbrains/kotlinx/kotlinx-coroutines-bom/1.10.2/kotlinx-coroutines-bom-1.10.2.pom
2026-07-22 14:22:25,270 [Worker-3: reload maven project] INFO  o.e.m.c.i.e.AbstractTransferListenerAdapter - Downloading https://repo.maven.apache.org/maven2/org/jetbrains/kotlinx/kotlinx-serialization-bom/1.9.0/kotlinx-serialization-bom-1.9.0.pom
2026-07-22 14:22:25,274 [Worker-3: reload maven project] INFO  o.e.m.c.i.e.AbstractTransferListenerAdapter - Downloaded https://repo.maven.apache.org/maven2/org/jetbrains/kotlinx/kotlinx-serialization-bom/1.9.0/kotlinx-serialization-bom-1.9.0.pom
2026-07-22 14:22:25,299 [Worker-3: reload maven project] INFO  o.e.m.c.i.e.AbstractTransferListenerAdapter - Downloading https://repo.maven.apache.org/maven2/org/apache/logging/log4j/log4j-bom/2.25.4/log4j-bom-2.25.4.pom
2026-07-22 14:22:25,304 [Worker-3: reload maven project] INFO  o.e.m.c.i.e.AbstractTransferListenerAdapter - Downloaded https://repo.maven.apache.org/maven2/org/apache/logging/log4j/log4j-bom/2.25.4/log4j-bom-2.25.4.pom
2026-07-22 14:22:25,328 [Worker-3: reload maven project] INFO  o.e.m.c.i.e.AbstractTransferListenerAdapter - Downloading https://repo.maven.apache.org/maven2/io/micrometer/micrometer-bom/1.16.6/micrometer-bom-1.16.6.pom
2026-07-22 14:22:25,335 [Worker-3: reload maven project] INFO  o.e.m.c.i.e.AbstractTransferListenerAdapter - Downloaded https://repo.maven.apache.org/maven2/io/micrometer/micrometer-bom/1.16.6/micrometer-bom-1.16.6.pom
2026-07-22 14:22:25,357 [Worker-3: reload maven project] INFO  o.e.m.c.i.e.AbstractTransferListenerAdapter - Downloading https://repo.maven.apache.org/maven2/org/mockito/mockito-bom/5.20.0/mockito-bom-5.20.0.pom
2026-07-22 14:22:25,360 [Worker-3: reload maven project] INFO  o.e.m.c.i.e.AbstractTransferListenerAdapter - Downloaded https://repo.maven.apache.org/maven2/org/mockito/mockito-bom/5.20.0/mockito-bom-5.20.0.pom
2026-07-22 14:22:25,382 [Worker-3: reload maven project] INFO  o.e.m.c.i.e.AbstractTransferListenerAdapter - Downloading https://repo.maven.apache.org/maven2/org/mongodb/mongodb-driver-bom/5.6.5/mongodb-driver-bom-5.6.5.pom
2026-07-22 14:22:25,386 [Worker-3: reload maven project] INFO  o.e.m.c.i.e.AbstractTransferListenerAdapter - Downloaded https://repo.maven.apache.org/maven2/org/mongodb/mongodb-driver-bom/5.6.5/mongodb-driver-bom-5.6.5.pom
2026-07-22 14:22:25,413 [Worker-3: reload maven project] INFO  o.e.m.c.i.e.AbstractTransferListenerAdapter - Downloading https://repo.maven.apache.org/maven2/org/neo4j/driver/neo4j-java-driver-bom/6.1.0/neo4j-java-driver-bom-6.1.0.pom
2026-07-22 14:22:25,416 [Worker-3: reload maven project] INFO  o.e.m.c.i.e.AbstractTransferListenerAdapter - Downloaded https://repo.maven.apache.org/maven2/org/neo4j/driver/neo4j-java-driver-bom/6.1.0/neo4j-java-driver-bom-6.1.0.pom
2026-07-22 14:22:25,437 [Worker-3: reload maven project] INFO  o.e.m.c.i.e.AbstractTransferListenerAdapter - Downloading https://repo.maven.apache.org/maven2/org/neo4j/bolt/neo4j-bolt-connection-bom/11.0.2/neo4j-bolt-connection-bom-11.0.2.pom
2026-07-22 14:22:25,440 [Worker-3: reload maven project] INFO  o.e.m.c.i.e.AbstractTransferListenerAdapter - Downloaded https://repo.maven.apache.org/maven2/org/neo4j/bolt/neo4j-bolt-connection-bom/11.0.2/neo4j-bolt-connection-bom-11.0.2.pom
2026-07-22 14:22:25,463 [Worker-3: reload maven project] INFO  o.e.m.c.i.e.AbstractTransferListenerAdapter - Downloading https://repo.maven.apache.org/maven2/io/netty/netty-bom/4.2.15.Final/netty-bom-4.2.15.Final.pom
2026-07-22 14:22:25,467 [Worker-3: reload maven project] INFO  o.e.m.c.i.e.AbstractTransferListenerAdapter - Downloaded https://repo.maven.apache.org/maven2/io/netty/netty-bom/4.2.15.Final/netty-bom-4.2.15.Final.pom
2026-07-22 14:22:25,488 [Worker-3: reload maven project] INFO  o.e.m.c.i.e.AbstractTransferListenerAdapter - Downloading https://repo.maven.apache.org/maven2/org/sonatype/oss/oss-parent/7/oss-parent-7.pom
2026-07-22 14:22:25,491 [Worker-3: reload maven project] INFO  o.e.m.c.i.e.AbstractTransferListenerAdapter - Downloaded https://repo.maven.apache.org/maven2/org/sonatype/oss/oss-parent/7/oss-parent-7.pom
2026-07-22 14:22:25,513 [Worker-3: reload maven project] INFO  o.e.m.c.i.e.AbstractTransferListenerAdapter - Downloading https://repo.maven.apache.org/maven2/io/opentelemetry/opentelemetry-bom/1.55.0/opentelemetry-bom-1.55.0.pom
2026-07-22 14:22:25,516 [Worker-3: reload maven project] INFO  o.e.m.c.i.e.AbstractTransferListenerAdapter - Downloaded https://repo.maven.apache.org/maven2/io/opentelemetry/opentelemetry-bom/1.55.0/opentelemetry-bom-1.55.0.pom
2026-07-22 14:22:25,539 [Worker-3: reload maven project] INFO  o.e.m.c.i.e.AbstractTransferListenerAdapter - Downloading https://repo.maven.apache.org/maven2/io/prometheus/prometheus-metrics-bom/1.4.3/prometheus-metrics-bom-1.4.3.pom
2026-07-22 14:22:25,542 [Worker-3: reload maven project] INFO  o.e.m.c.i.e.AbstractTransferListenerAdapter - Downloaded https://repo.maven.apache.org/maven2/io/prometheus/prometheus-metrics-bom/1.4.3/prometheus-metrics-bom-1.4.3.pom
2026-07-22 14:22:25,565 [Worker-3: reload maven project] INFO  o.e.m.c.i.e.AbstractTransferListenerAdapter - Downloading https://repo.maven.apache.org/maven2/io/prometheus/client_java_parent/1.4.3/client_java_parent-1.4.3.pom
2026-07-22 14:22:25,568 [Worker-3: reload maven project] INFO  o.e.m.c.i.e.AbstractTransferListenerAdapter - Downloaded https://repo.maven.apache.org/maven2/io/prometheus/client_java_parent/1.4.3/client_java_parent-1.4.3.pom
2026-07-22 14:22:25,591 [Worker-3: reload maven project] INFO  o.e.m.c.i.e.AbstractTransferListenerAdapter - Downloading https://repo.maven.apache.org/maven2/io/prometheus/simpleclient_bom/0.16.0/simpleclient_bom-0.16.0.pom
2026-07-22 14:22:25,594 [Worker-3: reload maven project] INFO  o.e.m.c.i.e.AbstractTransferListenerAdapter - Downloaded https://repo.maven.apache.org/maven2/io/prometheus/simpleclient_bom/0.16.0/simpleclient_bom-0.16.0.pom
2026-07-22 14:22:25,620 [Worker-3: reload maven project] INFO  o.e.m.c.i.e.AbstractTransferListenerAdapter - Downloading https://repo.maven.apache.org/maven2/io/prometheus/parent/0.16.0/parent-0.16.0.pom
2026-07-22 14:22:25,623 [Worker-3: reload maven project] INFO  o.e.m.c.i.e.AbstractTransferListenerAdapter - Downloaded https://repo.maven.apache.org/maven2/io/prometheus/parent/0.16.0/parent-0.16.0.pom
2026-07-22 14:22:25,649 [Worker-3: reload maven project] INFO  o.e.m.c.i.e.AbstractTransferListenerAdapter - Downloading https://repo.maven.apache.org/maven2/org/apache/pulsar/pulsar-bom/4.1.3/pulsar-bom-4.1.3.pom
2026-07-22 14:22:25,653 [Worker-3: reload maven project] INFO  o.e.m.c.i.e.AbstractTransferListenerAdapter - Downloaded https://repo.maven.apache.org/maven2/org/apache/pulsar/pulsar-bom/4.1.3/pulsar-bom-4.1.3.pom
2026-07-22 14:22:25,680 [Worker-3: reload maven project] INFO  o.e.m.c.i.e.AbstractTransferListenerAdapter - Downloading https://repo.maven.apache.org/maven2/com/querydsl/querydsl-bom/5.1.0/querydsl-bom-5.1.0.pom
2026-07-22 14:22:25,683 [Worker-3: reload maven project] INFO  o.e.m.c.i.e.AbstractTransferListenerAdapter - Downloaded https://repo.maven.apache.org/maven2/com/querydsl/querydsl-bom/5.1.0/querydsl-bom-5.1.0.pom
2026-07-22 14:22:25,704 [Worker-3: reload maven project] INFO  o.e.m.c.i.e.AbstractTransferListenerAdapter - Downloading https://repo.maven.apache.org/maven2/io/projectreactor/reactor-bom/2025.0.6/reactor-bom-2025.0.6.pom
2026-07-22 14:22:25,709 [Worker-3: reload maven project] INFO  o.e.m.c.i.e.AbstractTransferListenerAdapter - Downloaded https://repo.maven.apache.org/maven2/io/projectreactor/reactor-bom/2025.0.6/reactor-bom-2025.0.6.pom
2026-07-22 14:22:25,733 [Worker-3: reload maven project] INFO  o.e.m.c.i.e.AbstractTransferListenerAdapter - Downloading https://repo.maven.apache.org/maven2/io/rsocket/rsocket-bom/1.1.5/rsocket-bom-1.1.5.pom
2026-07-22 14:22:25,737 [Worker-3: reload maven project] INFO  o.e.m.c.i.e.AbstractTransferListenerAdapter - Downloaded https://repo.maven.apache.org/maven2/io/rsocket/rsocket-bom/1.1.5/rsocket-bom-1.1.5.pom
2026-07-22 14:22:25,763 [Worker-3: reload maven project] INFO  o.e.m.c.i.e.AbstractTransferListenerAdapter - Downloading https://repo.maven.apache.org/maven2/org/seleniumhq/selenium/selenium-bom/4.37.0/selenium-bom-4.37.0.pom
2026-07-22 14:22:25,766 [Worker-3: reload maven project] INFO  o.e.m.c.i.e.AbstractTransferListenerAdapter - Downloaded https://repo.maven.apache.org/maven2/org/seleniumhq/selenium/selenium-bom/4.37.0/selenium-bom-4.37.0.pom
2026-07-22 14:22:25,786 [Worker-3: reload maven project] INFO  o.e.m.c.i.e.AbstractTransferListenerAdapter - Downloading https://repo.maven.apache.org/maven2/org/springframework/amqp/spring-amqp-bom/4.0.4/spring-amqp-bom-4.0.4.pom
2026-07-22 14:22:25,789 [Worker-3: reload maven project] INFO  o.e.m.c.i.e.AbstractTransferListenerAdapter - Downloaded https://repo.maven.apache.org/maven2/org/springframework/amqp/spring-amqp-bom/4.0.4/spring-amqp-bom-4.0.4.pom
2026-07-22 14:22:25,812 [Worker-3: reload maven project] INFO  o.e.m.c.i.e.AbstractTransferListenerAdapter - Downloading https://repo.maven.apache.org/maven2/org/springframework/batch/spring-batch-bom/6.0.4/spring-batch-bom-6.0.4.pom
2026-07-22 14:22:25,815 [Worker-3: reload maven project] INFO  o.e.m.c.i.e.AbstractTransferListenerAdapter - Downloaded https://repo.maven.apache.org/maven2/org/springframework/batch/spring-batch-bom/6.0.4/spring-batch-bom-6.0.4.pom
2026-07-22 14:22:25,837 [Worker-3: reload maven project] INFO  o.e.m.c.i.e.AbstractTransferListenerAdapter - Downloading https://repo.maven.apache.org/maven2/org/springframework/data/spring-data-bom/2025.1.6/spring-data-bom-2025.1.6.pom
2026-07-22 14:22:25,841 [Worker-3: reload maven project] INFO  o.e.m.c.i.e.AbstractTransferListenerAdapter - Downloaded https://repo.maven.apache.org/maven2/org/springframework/data/spring-data-bom/2025.1.6/spring-data-bom-2025.1.6.pom
2026-07-22 14:22:25,863 [Worker-3: reload maven project] INFO  o.e.m.c.i.e.AbstractTransferListenerAdapter - Downloading https://repo.maven.apache.org/maven2/org/springframework/spring-framework-bom/7.0.8/spring-framework-bom-7.0.8.pom
2026-07-22 14:22:25,867 [Worker-3: reload maven project] INFO  o.e.m.c.i.e.AbstractTransferListenerAdapter - Downloaded https://repo.maven.apache.org/maven2/org/springframework/spring-framework-bom/7.0.8/spring-framework-bom-7.0.8.pom
2026-07-22 14:22:25,890 [Worker-3: reload maven project] INFO  o.e.m.c.i.e.AbstractTransferListenerAdapter - Downloading https://repo.maven.apache.org/maven2/org/springframework/integration/spring-integration-bom/7.0.5/spring-integration-bom-7.0.5.pom
2026-07-22 14:22:25,894 [Worker-3: reload maven project] INFO  o.e.m.c.i.e.AbstractTransferListenerAdapter - Downloaded https://repo.maven.apache.org/maven2/org/springframework/integration/spring-integration-bom/7.0.5/spring-integration-bom-7.0.5.pom
2026-07-22 14:22:25,916 [Worker-3: reload maven project] INFO  o.e.m.c.i.e.AbstractTransferListenerAdapter - Downloading https://repo.maven.apache.org/maven2/org/springframework/pulsar/spring-pulsar-bom/2.0.6/spring-pulsar-bom-2.0.6.pom
2026-07-22 14:22:25,920 [Worker-3: reload maven project] INFO  o.e.m.c.i.e.AbstractTransferListenerAdapter - Downloaded https://repo.maven.apache.org/maven2/org/springframework/pulsar/spring-pulsar-bom/2.0.6/spring-pulsar-bom-2.0.6.pom
2026-07-22 14:22:25,940 [Worker-3: reload maven project] INFO  o.e.m.c.i.e.AbstractTransferListenerAdapter - Downloading https://repo.maven.apache.org/maven2/org/springframework/restdocs/spring-restdocs-bom/4.0.1/spring-restdocs-bom-4.0.1.pom
2026-07-22 14:22:25,944 [Worker-3: reload maven project] INFO  o.e.m.c.i.e.AbstractTransferListenerAdapter - Downloaded https://repo.maven.apache.org/maven2/org/springframework/restdocs/spring-restdocs-bom/4.0.1/spring-restdocs-bom-4.0.1.pom
2026-07-22 14:22:25,966 [Worker-3: reload maven project] INFO  o.e.m.c.i.e.AbstractTransferListenerAdapter - Downloading https://repo.maven.apache.org/maven2/org/springframework/security/spring-security-bom/7.0.6/spring-security-bom-7.0.6.pom
2026-07-22 14:22:25,970 [Worker-3: reload maven project] INFO  o.e.m.c.i.e.AbstractTransferListenerAdapter - Downloaded https://repo.maven.apache.org/maven2/org/springframework/security/spring-security-bom/7.0.6/spring-security-bom-7.0.6.pom
2026-07-22 14:22:25,992 [Worker-3: reload maven project] INFO  o.e.m.c.i.e.AbstractTransferListenerAdapter - Downloading https://repo.maven.apache.org/maven2/org/springframework/session/spring-session-bom/4.0.4/spring-session-bom-4.0.4.pom
2026-07-22 14:22:25,997 [Worker-3: reload maven project] INFO  o.e.m.c.i.e.AbstractTransferListenerAdapter - Downloaded https://repo.maven.apache.org/maven2/org/springframework/session/spring-session-bom/4.0.4/spring-session-bom-4.0.4.pom
2026-07-22 14:22:26,018 [Worker-3: reload maven project] INFO  o.e.m.c.i.e.AbstractTransferListenerAdapter - Downloading https://repo.maven.apache.org/maven2/org/springframework/ws/spring-ws-bom/5.0.2/spring-ws-bom-5.0.2.pom
2026-07-22 14:22:26,022 [Worker-3: reload maven project] INFO  o.e.m.c.i.e.AbstractTransferListenerAdapter - Downloaded https://repo.maven.apache.org/maven2/org/springframework/ws/spring-ws-bom/5.0.2/spring-ws-bom-5.0.2.pom
2026-07-22 14:22:26,043 [Worker-3: reload maven project] INFO  o.e.m.c.i.e.AbstractTransferListenerAdapter - Downloading https://repo.maven.apache.org/maven2/org/testcontainers/testcontainers-bom/2.0.5/testcontainers-bom-2.0.5.pom
2026-07-22 14:22:26,057 [Worker-3: reload maven project] INFO  o.e.m.c.i.e.AbstractTransferListenerAdapter - Downloaded https://repo.maven.apache.org/maven2/org/testcontainers/testcontainers-bom/2.0.5/testcontainers-bom-2.0.5.pom
2026-07-22 14:22:26,246 [Worker-3: reload maven project] INFO  o.e.m.c.i.e.AbstractTransferListenerAdapter - Downloading https://repo.maven.apache.org/maven2/org/springframework/boot/spring-boot-starter-webmvc/4.0.7/spring-boot-starter-webmvc-4.0.7.pom
2026-07-22 14:22:26,249 [Worker-3: reload maven project] INFO  o.e.m.c.i.e.AbstractTransferListenerAdapter - Downloaded https://repo.maven.apache.org/maven2/org/springframework/boot/spring-boot-starter-webmvc/4.0.7/spring-boot-starter-webmvc-4.0.7.pom
2026-07-22 14:22:26,278 [Worker-3: reload maven project] INFO  o.e.m.c.i.e.AbstractTransferListenerAdapter - Downloading https://repo.maven.apache.org/maven2/org/springframework/boot/spring-boot-starter/4.0.7/spring-boot-starter-4.0.7.pom
2026-07-22 14:22:26,282 [Worker-3: reload maven project] INFO  o.e.m.c.i.e.AbstractTransferListenerAdapter - Downloaded https://repo.maven.apache.org/maven2/org/springframework/boot/spring-boot-starter/4.0.7/spring-boot-starter-4.0.7.pom
2026-07-22 14:22:26,303 [Worker-3: reload maven project] INFO  o.e.m.c.i.e.AbstractTransferListenerAdapter - Downloading https://repo.maven.apache.org/maven2/org/springframework/boot/spring-boot-starter-logging/4.0.7/spring-boot-starter-logging-4.0.7.pom
2026-07-22 14:22:26,306 [Worker-3: reload maven project] INFO  o.e.m.c.i.e.AbstractTransferListenerAdapter - Downloaded https://repo.maven.apache.org/maven2/org/springframework/boot/spring-boot-starter-logging/4.0.7/spring-boot-starter-logging-4.0.7.pom
2026-07-22 14:22:26,329 [Worker-3: reload maven project] INFO  o.e.m.c.i.e.AbstractTransferListenerAdapter - Downloading https://repo.maven.apache.org/maven2/ch/qos/logback/logback-classic/1.5.34/logback-classic-1.5.34.pom
2026-07-22 14:22:26,332 [Worker-3: reload maven project] INFO  o.e.m.c.i.e.AbstractTransferListenerAdapter - Downloaded https://repo.maven.apache.org/maven2/ch/qos/logback/logback-classic/1.5.34/logback-classic-1.5.34.pom
2026-07-22 14:22:26,354 [Worker-3: reload maven project] INFO  o.e.m.c.i.e.AbstractTransferListenerAdapter - Downloading https://repo.maven.apache.org/maven2/ch/qos/logback/logback-parent/1.5.34/logback-parent-1.5.34.pom
2026-07-22 14:22:26,358 [Worker-3: reload maven project] INFO  o.e.m.c.i.e.AbstractTransferListenerAdapter - Downloaded https://repo.maven.apache.org/maven2/ch/qos/logback/logback-parent/1.5.34/logback-parent-1.5.34.pom
2026-07-22 14:22:26,384 [Worker-3: reload maven project] INFO  o.e.m.c.i.e.AbstractTransferListenerAdapter - Downloading https://repo.maven.apache.org/maven2/ch/qos/logback/logback-core/1.5.34/logback-core-1.5.34.pom
2026-07-22 14:22:26,387 [Worker-3: reload maven project] INFO  o.e.m.c.i.e.AbstractTransferListenerAdapter - Downloaded https://repo.maven.apache.org/maven2/ch/qos/logback/logback-core/1.5.34/logback-core-1.5.34.pom
2026-07-22 14:22:26,410 [Worker-3: reload maven project] INFO  o.e.m.c.i.e.AbstractTransferListenerAdapter - Downloading https://repo.maven.apache.org/maven2/org/slf4j/slf4j-api/2.0.18/slf4j-api-2.0.18.pom
2026-07-22 14:22:26,413 [Worker-3: reload maven project] INFO  o.e.m.c.i.e.AbstractTransferListenerAdapter - Downloaded https://repo.maven.apache.org/maven2/org/slf4j/slf4j-api/2.0.18/slf4j-api-2.0.18.pom
2026-07-22 14:22:26,431 [Worker-3: reload maven project] INFO  o.e.m.c.i.e.AbstractTransferListenerAdapter - Downloading https://repo.maven.apache.org/maven2/org/slf4j/slf4j-parent/2.0.18/slf4j-parent-2.0.18.pom
2026-07-22 14:22:26,433 [Worker-3: reload maven project] INFO  o.e.m.c.i.e.AbstractTransferListenerAdapter - Downloaded https://repo.maven.apache.org/maven2/org/slf4j/slf4j-parent/2.0.18/slf4j-parent-2.0.18.pom
2026-07-22 14:22:26,459 [Worker-3: reload maven project] INFO  o.e.m.c.i.e.AbstractTransferListenerAdapter - Downloading https://repo.maven.apache.org/maven2/org/slf4j/slf4j-bom/2.0.18/slf4j-bom-2.0.18.pom
2026-07-22 14:22:26,463 [Worker-3: reload maven project] INFO  o.e.m.c.i.e.AbstractTransferListenerAdapter - Downloaded https://repo.maven.apache.org/maven2/org/slf4j/slf4j-bom/2.0.18/slf4j-bom-2.0.18.pom
2026-07-22 14:22:26,485 [Worker-3: reload maven project] INFO  o.e.m.c.i.e.AbstractTransferListenerAdapter - Downloading https://repo.maven.apache.org/maven2/org/apache/logging/log4j/log4j-to-slf4j/2.25.4/log4j-to-slf4j-2.25.4.pom
2026-07-22 14:22:26,487 [Worker-3: reload maven project] INFO  o.e.m.c.i.e.AbstractTransferListenerAdapter - Downloaded https://repo.maven.apache.org/maven2/org/apache/logging/log4j/log4j-to-slf4j/2.25.4/log4j-to-slf4j-2.25.4.pom
2026-07-22 14:22:26,512 [Worker-3: reload maven project] INFO  o.e.m.c.i.e.AbstractTransferListenerAdapter - Downloading https://repo.maven.apache.org/maven2/org/apache/logging/log4j/log4j/2.25.4/log4j-2.25.4.pom
2026-07-22 14:22:26,515 [Worker-3: reload maven project] INFO  o.e.m.c.i.e.AbstractTransferListenerAdapter - Downloaded https://repo.maven.apache.org/maven2/org/apache/logging/log4j/log4j/2.25.4/log4j-2.25.4.pom
2026-07-22 14:22:26,538 [Worker-3: reload maven project] INFO  o.e.m.c.i.e.AbstractTransferListenerAdapter - Downloading https://repo.maven.apache.org/maven2/org/apache/groovy/groovy-bom/4.0.27/groovy-bom-4.0.27.pom
2026-07-22 14:22:26,541 [Worker-3: reload maven project] INFO  o.e.m.c.i.e.AbstractTransferListenerAdapter - Downloaded https://repo.maven.apache.org/maven2/org/apache/groovy/groovy-bom/4.0.27/groovy-bom-4.0.27.pom
2026-07-22 14:22:26,567 [Worker-3: reload maven project] INFO  o.e.m.c.i.e.AbstractTransferListenerAdapter - Downloading https://repo.maven.apache.org/maven2/com/fasterxml/jackson/jackson-bom/2.19.1/jackson-bom-2.19.1.pom
2026-07-22 14:22:26,570 [Worker-3: reload maven project] INFO  o.e.m.c.i.e.AbstractTransferListenerAdapter - Downloaded https://repo.maven.apache.org/maven2/com/fasterxml/jackson/jackson-bom/2.19.1/jackson-bom-2.19.1.pom
2026-07-22 14:22:26,591 [Worker-3: reload maven project] INFO  o.e.m.c.i.e.AbstractTransferListenerAdapter - Downloading https://repo.maven.apache.org/maven2/com/fasterxml/jackson/jackson-parent/2.19.2/jackson-parent-2.19.2.pom
2026-07-22 14:22:26,594 [Worker-3: reload maven project] INFO  o.e.m.c.i.e.AbstractTransferListenerAdapter - Downloaded https://repo.maven.apache.org/maven2/com/fasterxml/jackson/jackson-parent/2.19.2/jackson-parent-2.19.2.pom
2026-07-22 14:22:26,619 [Worker-3: reload maven project] INFO  o.e.m.c.i.e.AbstractTransferListenerAdapter - Downloading https://repo.maven.apache.org/maven2/com/fasterxml/oss-parent/68/oss-parent-68.pom
2026-07-22 14:22:26,622 [Worker-3: reload maven project] INFO  o.e.m.c.i.e.AbstractTransferListenerAdapter - Downloaded https://repo.maven.apache.org/maven2/com/fasterxml/oss-parent/68/oss-parent-68.pom
2026-07-22 14:22:26,645 [Worker-3: reload maven project] INFO  o.e.m.c.i.e.AbstractTransferListenerAdapter - Downloading https://repo.maven.apache.org/maven2/jakarta/platform/jakarta.jakartaee-bom/9.1.0/jakarta.jakartaee-bom-9.1.0.pom
2026-07-22 14:22:26,648 [Worker-3: reload maven project] INFO  o.e.m.c.i.e.AbstractTransferListenerAdapter - Downloaded https://repo.maven.apache.org/maven2/jakarta/platform/jakarta.jakartaee-bom/9.1.0/jakarta.jakartaee-bom-9.1.0.pom
2026-07-22 14:22:26,668 [Worker-3: reload maven project] INFO  o.e.m.c.i.e.AbstractTransferListenerAdapter - Downloading https://repo.maven.apache.org/maven2/jakarta/platform/jakartaee-api-parent/9.1.0/jakartaee-api-parent-9.1.0.pom
2026-07-22 14:22:26,671 [Worker-3: reload maven project] INFO  o.e.m.c.i.e.AbstractTransferListenerAdapter - Downloaded https://repo.maven.apache.org/maven2/jakarta/platform/jakartaee-api-parent/9.1.0/jakartaee-api-parent-9.1.0.pom
2026-07-22 14:22:26,695 [Worker-3: reload maven project] INFO  o.e.m.c.i.e.AbstractTransferListenerAdapter - Downloading https://repo.maven.apache.org/maven2/org/eclipse/ee4j/project/1.0.7/project-1.0.7.pom
2026-07-22 14:22:26,698 [Worker-3: reload maven project] INFO  o.e.m.c.i.e.AbstractTransferListenerAdapter - Downloaded https://repo.maven.apache.org/maven2/org/eclipse/ee4j/project/1.0.7/project-1.0.7.pom
2026-07-22 14:22:26,719 [Worker-3: reload maven project] INFO  o.e.m.c.i.e.AbstractTransferListenerAdapter - Downloading https://repo.maven.apache.org/maven2/org/junit/junit-bom/5.13.2/junit-bom-5.13.2.pom
2026-07-22 14:22:26,722 [Worker-3: reload maven project] INFO  o.e.m.c.i.e.AbstractTransferListenerAdapter - Downloaded https://repo.maven.apache.org/maven2/org/junit/junit-bom/5.13.2/junit-bom-5.13.2.pom
2026-07-22 14:22:26,746 [Worker-3: reload maven project] INFO  o.e.m.c.i.e.AbstractTransferListenerAdapter - Downloading https://repo.maven.apache.org/maven2/org/mockito/mockito-bom/4.11.0/mockito-bom-4.11.0.pom
2026-07-22 14:22:26,750 [Worker-3: reload maven project] INFO  o.e.m.c.i.e.AbstractTransferListenerAdapter - Downloaded https://repo.maven.apache.org/maven2/org/mockito/mockito-bom/4.11.0/mockito-bom-4.11.0.pom
2026-07-22 14:22:26,770 [Worker-3: reload maven project] INFO  o.e.m.c.i.e.AbstractTransferListenerAdapter - Downloading https://repo.maven.apache.org/maven2/org/springframework/spring-framework-bom/5.3.39/spring-framework-bom-5.3.39.pom
2026-07-22 14:22:26,778 [Worker-3: reload maven project] INFO  o.e.m.c.i.e.AbstractTransferListenerAdapter - Downloaded https://repo.maven.apache.org/maven2/org/springframework/spring-framework-bom/5.3.39/spring-framework-bom-5.3.39.pom
2026-07-22 14:22:26,798 [Worker-3: reload maven project] INFO  o.e.m.c.i.e.AbstractTransferListenerAdapter - Downloading https://repo.maven.apache.org/maven2/org/apache/logging/log4j/log4j-api/2.25.4/log4j-api-2.25.4.pom
2026-07-22 14:22:26,802 [Worker-3: reload maven project] INFO  o.e.m.c.i.e.AbstractTransferListenerAdapter - Downloaded https://repo.maven.apache.org/maven2/org/apache/logging/log4j/log4j-api/2.25.4/log4j-api-2.25.4.pom
2026-07-22 14:22:26,821 [Worker-3: reload maven project] INFO  o.e.m.c.i.e.AbstractTransferListenerAdapter - Downloading https://repo.maven.apache.org/maven2/org/slf4j/jul-to-slf4j/2.0.18/jul-to-slf4j-2.0.18.pom
2026-07-22 14:22:26,825 [Worker-3: reload maven project] INFO  o.e.m.c.i.e.AbstractTransferListenerAdapter - Downloaded https://repo.maven.apache.org/maven2/org/slf4j/jul-to-slf4j/2.0.18/jul-to-slf4j-2.0.18.pom
2026-07-22 14:22:26,850 [Worker-3: reload maven project] INFO  o.e.m.c.i.e.AbstractTransferListenerAdapter - Downloading https://repo.maven.apache.org/maven2/org/springframework/boot/spring-boot-autoconfigure/4.0.7/spring-boot-autoconfigure-4.0.7.pom
2026-07-22 14:22:26,853 [Worker-3: reload maven project] INFO  o.e.m.c.i.e.AbstractTransferListenerAdapter - Downloaded https://repo.maven.apache.org/maven2/org/springframework/boot/spring-boot-autoconfigure/4.0.7/spring-boot-autoconfigure-4.0.7.pom
2026-07-22 14:22:26,874 [Worker-3: reload maven project] INFO  o.e.m.c.i.e.AbstractTransferListenerAdapter - Downloading https://repo.maven.apache.org/maven2/org/springframework/boot/spring-boot/4.0.7/spring-boot-4.0.7.pom
2026-07-22 14:22:26,878 [Worker-3: reload maven project] INFO  o.e.m.c.i.e.AbstractTransferListenerAdapter - Downloaded https://repo.maven.apache.org/maven2/org/springframework/boot/spring-boot/4.0.7/spring-boot-4.0.7.pom
2026-07-22 14:22:26,900 [Worker-3: reload maven project] INFO  o.e.m.c.i.e.AbstractTransferListenerAdapter - Downloading https://repo.maven.apache.org/maven2/org/springframework/spring-core/7.0.8/spring-core-7.0.8.pom
2026-07-22 14:22:26,903 [Worker-3: reload maven project] INFO  o.e.m.c.i.e.AbstractTransferListenerAdapter - Downloaded https://repo.maven.apache.org/maven2/org/springframework/spring-core/7.0.8/spring-core-7.0.8.pom
2026-07-22 14:22:26,923 [Worker-3: reload maven project] INFO  o.e.m.c.i.e.AbstractTransferListenerAdapter - Downloading https://repo.maven.apache.org/maven2/commons-logging/commons-logging/1.3.6/commons-logging-1.3.6.pom
2026-07-22 14:22:26,927 [Worker-3: reload maven project] INFO  o.e.m.c.i.e.AbstractTransferListenerAdapter - Downloaded https://repo.maven.apache.org/maven2/commons-logging/commons-logging/1.3.6/commons-logging-1.3.6.pom
2026-07-22 14:22:26,952 [Worker-3: reload maven project] INFO  o.e.m.c.i.e.AbstractTransferListenerAdapter - Downloading https://repo.maven.apache.org/maven2/org/apache/commons/commons-parent/97/commons-parent-97.pom
2026-07-22 14:22:26,957 [Worker-3: reload maven project] INFO  o.e.m.c.i.e.AbstractTransferListenerAdapter - Downloaded https://repo.maven.apache.org/maven2/org/apache/commons/commons-parent/97/commons-parent-97.pom
2026-07-22 14:22:26,977 [Worker-3: reload maven project] INFO  o.e.m.c.i.e.AbstractTransferListenerAdapter - Downloading https://repo.maven.apache.org/maven2/org/apache/apache/37/apache-37.pom
2026-07-22 14:22:26,980 [Worker-3: reload maven project] INFO  o.e.m.c.i.e.AbstractTransferListenerAdapter - Downloaded https://repo.maven.apache.org/maven2/org/apache/apache/37/apache-37.pom
2026-07-22 14:22:27,002 [Worker-3: reload maven project] INFO  o.e.m.c.i.e.AbstractTransferListenerAdapter - Downloading https://repo.maven.apache.org/maven2/org/junit/junit-bom/5.14.2/junit-bom-5.14.2.pom
2026-07-22 14:22:27,006 [Worker-3: reload maven project] INFO  o.e.m.c.i.e.AbstractTransferListenerAdapter - Downloaded https://repo.maven.apache.org/maven2/org/junit/junit-bom/5.14.2/junit-bom-5.14.2.pom
2026-07-22 14:22:27,026 [Worker-3: reload maven project] INFO  o.e.m.c.i.e.AbstractTransferListenerAdapter - Downloading https://repo.maven.apache.org/maven2/org/jspecify/jspecify/1.0.0/jspecify-1.0.0.pom
2026-07-22 14:22:27,029 [Worker-3: reload maven project] INFO  o.e.m.c.i.e.AbstractTransferListenerAdapter - Downloaded https://repo.maven.apache.org/maven2/org/jspecify/jspecify/1.0.0/jspecify-1.0.0.pom
2026-07-22 14:22:27,048 [Worker-3: reload maven project] INFO  o.e.m.c.i.e.AbstractTransferListenerAdapter - Downloading https://repo.maven.apache.org/maven2/org/springframework/spring-context/7.0.8/spring-context-7.0.8.pom
2026-07-22 14:22:27,051 [Worker-3: reload maven project] INFO  o.e.m.c.i.e.AbstractTransferListenerAdapter - Downloaded https://repo.maven.apache.org/maven2/org/springframework/spring-context/7.0.8/spring-context-7.0.8.pom
2026-07-22 14:22:27,069 [Worker-3: reload maven project] INFO  o.e.m.c.i.e.AbstractTransferListenerAdapter - Downloading https://repo.maven.apache.org/maven2/org/springframework/spring-aop/7.0.8/spring-aop-7.0.8.pom
2026-07-22 14:22:27,072 [Worker-3: reload maven project] INFO  o.e.m.c.i.e.AbstractTransferListenerAdapter - Downloaded https://repo.maven.apache.org/maven2/org/springframework/spring-aop/7.0.8/spring-aop-7.0.8.pom
2026-07-22 14:22:27,093 [Worker-3: reload maven project] INFO  o.e.m.c.i.e.AbstractTransferListenerAdapter - Downloading https://repo.maven.apache.org/maven2/org/springframework/spring-beans/7.0.8/spring-beans-7.0.8.pom
2026-07-22 14:22:27,096 [Worker-3: reload maven project] INFO  o.e.m.c.i.e.AbstractTransferListenerAdapter - Downloaded https://repo.maven.apache.org/maven2/org/springframework/spring-beans/7.0.8/spring-beans-7.0.8.pom
2026-07-22 14:22:27,116 [Worker-3: reload maven project] INFO  o.e.m.c.i.e.AbstractTransferListenerAdapter - Downloading https://repo.maven.apache.org/maven2/org/springframework/spring-expression/7.0.8/spring-expression-7.0.8.pom
2026-07-22 14:22:27,118 [Worker-3: reload maven project] INFO  o.e.m.c.i.e.AbstractTransferListenerAdapter - Downloaded https://repo.maven.apache.org/maven2/org/springframework/spring-expression/7.0.8/spring-expression-7.0.8.pom
2026-07-22 14:22:27,140 [Worker-3: reload maven project] INFO  o.e.m.c.i.e.AbstractTransferListenerAdapter - Downloading https://repo.maven.apache.org/maven2/io/micrometer/micrometer-observation/1.16.6/micrometer-observation-1.16.6.pom
2026-07-22 14:22:27,142 [Worker-3: reload maven project] INFO  o.e.m.c.i.e.AbstractTransferListenerAdapter - Downloaded https://repo.maven.apache.org/maven2/io/micrometer/micrometer-observation/1.16.6/micrometer-observation-1.16.6.pom
2026-07-22 14:22:27,163 [Worker-3: reload maven project] INFO  o.e.m.c.i.e.AbstractTransferListenerAdapter - Downloading https://repo.maven.apache.org/maven2/io/micrometer/micrometer-commons/1.16.6/micrometer-commons-1.16.6.pom
2026-07-22 14:22:27,166 [Worker-3: reload maven project] INFO  o.e.m.c.i.e.AbstractTransferListenerAdapter - Downloaded https://repo.maven.apache.org/maven2/io/micrometer/micrometer-commons/1.16.6/micrometer-commons-1.16.6.pom
2026-07-22 14:22:27,187 [Worker-3: reload maven project] INFO  o.e.m.c.i.e.AbstractTransferListenerAdapter - Downloading https://repo.maven.apache.org/maven2/jakarta/annotation/jakarta.annotation-api/3.0.0/jakarta.annotation-api-3.0.0.pom
2026-07-22 14:22:27,190 [Worker-3: reload maven project] INFO  o.e.m.c.i.e.AbstractTransferListenerAdapter - Downloaded https://repo.maven.apache.org/maven2/jakarta/annotation/jakarta.annotation-api/3.0.0/jakarta.annotation-api-3.0.0.pom
2026-07-22 14:22:27,212 [Worker-3: reload maven project] INFO  o.e.m.c.i.e.AbstractTransferListenerAdapter - Downloading https://repo.maven.apache.org/maven2/org/yaml/snakeyaml/2.5/snakeyaml-2.5.pom
2026-07-22 14:22:27,215 [Worker-3: reload maven project] INFO  o.e.m.c.i.e.AbstractTransferListenerAdapter - Downloaded https://repo.maven.apache.org/maven2/org/yaml/snakeyaml/2.5/snakeyaml-2.5.pom
2026-07-22 14:22:27,234 [Worker-3: reload maven project] INFO  o.e.m.c.i.e.AbstractTransferListenerAdapter - Downloading https://repo.maven.apache.org/maven2/org/springframework/boot/spring-boot-starter-jackson/4.0.7/spring-boot-starter-jackson-4.0.7.pom
2026-07-22 14:22:27,237 [Worker-3: reload maven project] INFO  o.e.m.c.i.e.AbstractTransferListenerAdapter - Downloaded https://repo.maven.apache.org/maven2/org/springframework/boot/spring-boot-starter-jackson/4.0.7/spring-boot-starter-jackson-4.0.7.pom
2026-07-22 14:22:27,255 [Worker-3: reload maven project] INFO  o.e.m.c.i.e.AbstractTransferListenerAdapter - Downloading https://repo.maven.apache.org/maven2/org/springframework/boot/spring-boot-jackson/4.0.7/spring-boot-jackson-4.0.7.pom
2026-07-22 14:22:27,263 [Worker-3: reload maven project] INFO  o.e.m.c.i.e.AbstractTransferListenerAdapter - Downloaded https://repo.maven.apache.org/maven2/org/springframework/boot/spring-boot-jackson/4.0.7/spring-boot-jackson-4.0.7.pom
2026-07-22 14:22:27,285 [Worker-3: reload maven project] INFO  o.e.m.c.i.e.AbstractTransferListenerAdapter - Downloading https://repo.maven.apache.org/maven2/tools/jackson/core/jackson-databind/3.1.4/jackson-databind-3.1.4.pom
2026-07-22 14:22:27,288 [Worker-3: reload maven project] INFO  o.e.m.c.i.e.AbstractTransferListenerAdapter - Downloaded https://repo.maven.apache.org/maven2/tools/jackson/core/jackson-databind/3.1.4/jackson-databind-3.1.4.pom
2026-07-22 14:22:27,315 [Worker-3: reload maven project] INFO  o.e.m.c.i.e.AbstractTransferListenerAdapter - Downloading https://repo.maven.apache.org/maven2/tools/jackson/jackson-base/3.1.4/jackson-base-3.1.4.pom
2026-07-22 14:22:27,318 [Worker-3: reload maven project] INFO  o.e.m.c.i.e.AbstractTransferListenerAdapter - Downloaded https://repo.maven.apache.org/maven2/tools/jackson/jackson-base/3.1.4/jackson-base-3.1.4.pom
2026-07-22 14:22:27,344 [Worker-3: reload maven project] INFO  o.e.m.c.i.e.AbstractTransferListenerAdapter - Downloading https://repo.maven.apache.org/maven2/com/fasterxml/jackson/core/jackson-annotations/2.21/jackson-annotations-2.21.pom
2026-07-22 14:22:27,347 [Worker-3: reload maven project] INFO  o.e.m.c.i.e.AbstractTransferListenerAdapter - Downloaded https://repo.maven.apache.org/maven2/com/fasterxml/jackson/core/jackson-annotations/2.21/jackson-annotations-2.21.pom
2026-07-22 14:22:27,367 [Worker-3: reload maven project] INFO  o.e.m.c.i.e.AbstractTransferListenerAdapter - Downloading https://repo.maven.apache.org/maven2/tools/jackson/core/jackson-core/3.1.4/jackson-core-3.1.4.pom
2026-07-22 14:22:27,370 [Worker-3: reload maven project] INFO  o.e.m.c.i.e.AbstractTransferListenerAdapter - Downloaded https://repo.maven.apache.org/maven2/tools/jackson/core/jackson-core/3.1.4/jackson-core-3.1.4.pom
2026-07-22 14:22:27,392 [Worker-3: reload maven project] INFO  o.e.m.c.i.e.AbstractTransferListenerAdapter - Downloading https://repo.maven.apache.org/maven2/org/springframework/boot/spring-boot-starter-tomcat/4.0.7/spring-boot-starter-tomcat-4.0.7.pom
2026-07-22 14:22:27,396 [Worker-3: reload maven project] INFO  o.e.m.c.i.e.AbstractTransferListenerAdapter - Downloaded https://repo.maven.apache.org/maven2/org/springframework/boot/spring-boot-starter-tomcat/4.0.7/spring-boot-starter-tomcat-4.0.7.pom
2026-07-22 14:22:27,420 [Worker-3: reload maven project] INFO  o.e.m.c.i.e.AbstractTransferListenerAdapter - Downloading https://repo.maven.apache.org/maven2/org/springframework/boot/spring-boot-starter-tomcat-runtime/4.0.7/spring-boot-starter-tomcat-runtime-4.0.7.pom
2026-07-22 14:22:27,423 [Worker-3: reload maven project] INFO  o.e.m.c.i.e.AbstractTransferListenerAdapter - Downloaded https://repo.maven.apache.org/maven2/org/springframework/boot/spring-boot-starter-tomcat-runtime/4.0.7/spring-boot-starter-tomcat-runtime-4.0.7.pom
2026-07-22 14:22:27,445 [Worker-3: reload maven project] INFO  o.e.m.c.i.e.AbstractTransferListenerAdapter - Downloading https://repo.maven.apache.org/maven2/org/springframework/boot/spring-boot-tomcat/4.0.7/spring-boot-tomcat-4.0.7.pom
2026-07-22 14:22:27,448 [Worker-3: reload maven project] INFO  o.e.m.c.i.e.AbstractTransferListenerAdapter - Downloaded https://repo.maven.apache.org/maven2/org/springframework/boot/spring-boot-tomcat/4.0.7/spring-boot-tomcat-4.0.7.pom
2026-07-22 14:22:27,470 [Worker-3: reload maven project] INFO  o.e.m.c.i.e.AbstractTransferListenerAdapter - Downloading https://repo.maven.apache.org/maven2/org/springframework/boot/spring-boot-web-server/4.0.7/spring-boot-web-server-4.0.7.pom
2026-07-22 14:22:27,473 [Worker-3: reload maven project] INFO  o.e.m.c.i.e.AbstractTransferListenerAdapter - Downloaded https://repo.maven.apache.org/maven2/org/springframework/boot/spring-boot-web-server/4.0.7/spring-boot-web-server-4.0.7.pom
2026-07-22 14:22:27,497 [Worker-3: reload maven project] INFO  o.e.m.c.i.e.AbstractTransferListenerAdapter - Downloading https://repo.maven.apache.org/maven2/org/apache/tomcat/embed/tomcat-embed-core/11.0.22/tomcat-embed-core-11.0.22.pom
2026-07-22 14:22:27,500 [Worker-3: reload maven project] INFO  o.e.m.c.i.e.AbstractTransferListenerAdapter - Downloaded https://repo.maven.apache.org/maven2/org/apache/tomcat/embed/tomcat-embed-core/11.0.22/tomcat-embed-core-11.0.22.pom
2026-07-22 14:22:27,521 [Worker-3: reload maven project] INFO  o.e.m.c.i.e.AbstractTransferListenerAdapter - Downloading https://repo.maven.apache.org/maven2/org/apache/tomcat/embed/tomcat-embed-el/11.0.22/tomcat-embed-el-11.0.22.pom
2026-07-22 14:22:27,523 [Worker-3: reload maven project] INFO  o.e.m.c.i.e.AbstractTransferListenerAdapter - Downloaded https://repo.maven.apache.org/maven2/org/apache/tomcat/embed/tomcat-embed-el/11.0.22/tomcat-embed-el-11.0.22.pom
2026-07-22 14:22:27,557 [Worker-3: reload maven project] INFO  o.e.m.c.i.e.AbstractTransferListenerAdapter - Downloading https://repo.maven.apache.org/maven2/org/apache/tomcat/embed/tomcat-embed-websocket/11.0.22/tomcat-embed-websocket-11.0.22.pom
2026-07-22 14:22:27,559 [Worker-3: reload maven project] INFO  o.e.m.c.i.e.AbstractTransferListenerAdapter - Downloaded https://repo.maven.apache.org/maven2/org/apache/tomcat/embed/tomcat-embed-websocket/11.0.22/tomcat-embed-websocket-11.0.22.pom
2026-07-22 14:22:27,581 [Worker-3: reload maven project] INFO  o.e.m.c.i.e.AbstractTransferListenerAdapter - Downloading https://repo.maven.apache.org/maven2/org/springframework/spring-web/7.0.8/spring-web-7.0.8.pom
2026-07-22 14:22:27,583 [Worker-3: reload maven project] INFO  o.e.m.c.i.e.AbstractTransferListenerAdapter - Downloaded https://repo.maven.apache.org/maven2/org/springframework/spring-web/7.0.8/spring-web-7.0.8.pom
2026-07-22 14:22:27,603 [Worker-3: reload maven project] INFO  o.e.m.c.i.e.AbstractTransferListenerAdapter - Downloading https://repo.maven.apache.org/maven2/org/springframework/boot/spring-boot-http-converter/4.0.7/spring-boot-http-converter-4.0.7.pom
2026-07-22 14:22:27,610 [Worker-3: reload maven project] INFO  o.e.m.c.i.e.AbstractTransferListenerAdapter - Downloaded https://repo.maven.apache.org/maven2/org/springframework/boot/spring-boot-http-converter/4.0.7/spring-boot-http-converter-4.0.7.pom
2026-07-22 14:22:27,634 [Worker-3: reload maven project] INFO  o.e.m.c.i.e.AbstractTransferListenerAdapter - Downloading https://repo.maven.apache.org/maven2/org/springframework/boot/spring-boot-webmvc/4.0.7/spring-boot-webmvc-4.0.7.pom
2026-07-22 14:22:27,637 [Worker-3: reload maven project] INFO  o.e.m.c.i.e.AbstractTransferListenerAdapter - Downloaded https://repo.maven.apache.org/maven2/org/springframework/boot/spring-boot-webmvc/4.0.7/spring-boot-webmvc-4.0.7.pom
2026-07-22 14:22:27,662 [Worker-3: reload maven project] INFO  o.e.m.c.i.e.AbstractTransferListenerAdapter - Downloading https://repo.maven.apache.org/maven2/org/springframework/boot/spring-boot-servlet/4.0.7/spring-boot-servlet-4.0.7.pom
2026-07-22 14:22:27,665 [Worker-3: reload maven project] INFO  o.e.m.c.i.e.AbstractTransferListenerAdapter - Downloaded https://repo.maven.apache.org/maven2/org/springframework/boot/spring-boot-servlet/4.0.7/spring-boot-servlet-4.0.7.pom
2026-07-22 14:22:27,687 [Worker-3: reload maven project] INFO  o.e.m.c.i.e.AbstractTransferListenerAdapter - Downloading https://repo.maven.apache.org/maven2/org/springframework/spring-webmvc/7.0.8/spring-webmvc-7.0.8.pom
2026-07-22 14:22:27,691 [Worker-3: reload maven project] INFO  o.e.m.c.i.e.AbstractTransferListenerAdapter - Downloaded https://repo.maven.apache.org/maven2/org/springframework/spring-webmvc/7.0.8/spring-webmvc-7.0.8.pom
2026-07-22 14:22:27,709 [Worker-3: reload maven project] INFO  o.e.m.c.i.e.AbstractTransferListenerAdapter - Downloading https://repo.maven.apache.org/maven2/org/mybatis/spring/boot/mybatis-spring-boot-starter/4.0.1/mybatis-spring-boot-starter-4.0.1.pom
2026-07-22 14:22:27,713 [Worker-3: reload maven project] INFO  o.e.m.c.i.e.AbstractTransferListenerAdapter - Downloaded https://repo.maven.apache.org/maven2/org/mybatis/spring/boot/mybatis-spring-boot-starter/4.0.1/mybatis-spring-boot-starter-4.0.1.pom
2026-07-22 14:22:27,732 [Worker-3: reload maven project] INFO  o.e.m.c.i.e.AbstractTransferListenerAdapter - Downloading https://repo.maven.apache.org/maven2/org/mybatis/spring/boot/mybatis-spring-boot/4.0.1/mybatis-spring-boot-4.0.1.pom
2026-07-22 14:22:27,735 [Worker-3: reload maven project] INFO  o.e.m.c.i.e.AbstractTransferListenerAdapter - Downloaded https://repo.maven.apache.org/maven2/org/mybatis/spring/boot/mybatis-spring-boot/4.0.1/mybatis-spring-boot-4.0.1.pom
2026-07-22 14:22:27,756 [Worker-3: reload maven project] INFO  o.e.m.c.i.e.AbstractTransferListenerAdapter - Downloading https://repo.maven.apache.org/maven2/org/mybatis/mybatis-parent/51/mybatis-parent-51.pom
2026-07-22 14:22:27,759 [Worker-3: reload maven project] INFO  o.e.m.c.i.e.AbstractTransferListenerAdapter - Downloaded https://repo.maven.apache.org/maven2/org/mybatis/mybatis-parent/51/mybatis-parent-51.pom
2026-07-22 14:22:27,784 [Worker-3: reload maven project] INFO  o.e.m.c.i.e.AbstractTransferListenerAdapter - Downloading https://repo.maven.apache.org/maven2/org/springframework/boot/spring-boot-dependencies/4.0.1/spring-boot-dependencies-4.0.1.pom
2026-07-22 14:22:27,787 [Worker-3: reload maven project] INFO  o.e.m.c.i.e.AbstractTransferListenerAdapter - Downloaded https://repo.maven.apache.org/maven2/org/springframework/boot/spring-boot-dependencies/4.0.1/spring-boot-dependencies-4.0.1.pom
2026-07-22 14:22:28,333 [Worker-3: reload maven project] INFO  o.e.m.c.i.e.AbstractTransferListenerAdapter - Downloaded https://oss.sonatype.org/content/repositories/snapshots/org/assertj/assertj-bom/3.27.6/assertj-bom-3.27.6.pom
2026-07-22 14:22:29,142 [Worker-3: reload maven project] INFO  o.e.m.c.i.e.AbstractTransferListenerAdapter - Downloaded https://repo.spring.io/milestone/org/assertj/assertj-bom/3.27.6/assertj-bom-3.27.6.pom
2026-07-22 14:22:29,341 [Worker-3: reload maven project] INFO  o.e.m.c.i.e.AbstractTransferListenerAdapter - Downloaded https://repo.spring.io/snapshot/org/assertj/assertj-bom/3.27.6/assertj-bom-3.27.6.pom
2026-07-22 14:22:29,359 [Worker-3: reload maven project] INFO  o.e.m.c.i.e.AbstractTransferListenerAdapter - Downloading https://repo.maven.apache.org/maven2/org/assertj/assertj-bom/3.27.6/assertj-bom-3.27.6.pom
2026-07-22 14:22:29,364 [Worker-3: reload maven project] INFO  o.e.m.c.i.e.AbstractTransferListenerAdapter - Downloaded https://repo.maven.apache.org/maven2/org/assertj/assertj-bom/3.27.6/assertj-bom-3.27.6.pom
2026-07-22 14:22:29,581 [Worker-3: reload maven project] INFO  o.e.m.c.i.e.AbstractTransferListenerAdapter - Downloaded https://oss.sonatype.org/content/repositories/snapshots/io/zipkin/reporter2/zipkin-reporter-bom/3.5.1/zipkin-reporter-bom-3.5.1.pom
2026-07-22 14:22:29,781 [Worker-3: reload maven project] INFO  o.e.m.c.i.e.AbstractTransferListenerAdapter - Downloaded https://repo.spring.io/milestone/io/zipkin/reporter2/zipkin-reporter-bom/3.5.1/zipkin-reporter-bom-3.5.1.pom
2026-07-22 14:22:29,981 [Worker-3: reload maven project] INFO  o.e.m.c.i.e.AbstractTransferListenerAdapter - Downloaded https://repo.spring.io/snapshot/io/zipkin/reporter2/zipkin-reporter-bom/3.5.1/zipkin-reporter-bom-3.5.1.pom
2026-07-22 14:22:29,999 [Worker-3: reload maven project] INFO  o.e.m.c.i.e.AbstractTransferListenerAdapter - Downloading https://repo.maven.apache.org/maven2/io/zipkin/reporter2/zipkin-reporter-bom/3.5.1/zipkin-reporter-bom-3.5.1.pom
2026-07-22 14:22:30,001 [Worker-3: reload maven project] INFO  o.e.m.c.i.e.AbstractTransferListenerAdapter - Downloaded https://repo.maven.apache.org/maven2/io/zipkin/reporter2/zipkin-reporter-bom/3.5.1/zipkin-reporter-bom-3.5.1.pom
2026-07-22 14:22:30,217 [Worker-3: reload maven project] INFO  o.e.m.c.i.e.AbstractTransferListenerAdapter - Downloaded https://oss.sonatype.org/content/repositories/snapshots/io/zipkin/brave/brave-bom/6.3.0/brave-bom-6.3.0.pom
2026-07-22 14:22:30,419 [Worker-3: reload maven project] INFO  o.e.m.c.i.e.AbstractTransferListenerAdapter - Downloaded https://repo.spring.io/milestone/io/zipkin/brave/brave-bom/6.3.0/brave-bom-6.3.0.pom
2026-07-22 14:22:30,619 [Worker-3: reload maven project] INFO  o.e.m.c.i.e.AbstractTransferListenerAdapter - Downloaded https://repo.spring.io/snapshot/io/zipkin/brave/brave-bom/6.3.0/brave-bom-6.3.0.pom
2026-07-22 14:22:30,635 [Worker-3: reload maven project] INFO  o.e.m.c.i.e.AbstractTransferListenerAdapter - Downloading https://repo.maven.apache.org/maven2/io/zipkin/brave/brave-bom/6.3.0/brave-bom-6.3.0.pom
2026-07-22 14:22:30,638 [Worker-3: reload maven project] INFO  o.e.m.c.i.e.AbstractTransferListenerAdapter - Downloaded https://repo.maven.apache.org/maven2/io/zipkin/brave/brave-bom/6.3.0/brave-bom-6.3.0.pom
2026-07-22 14:22:30,987 [Worker-3: reload maven project] INFO  o.e.m.c.i.e.AbstractTransferListenerAdapter - Downloaded https://oss.sonatype.org/content/repositories/snapshots/org/apache/cassandra/java-driver-bom/4.19.2/java-driver-bom-4.19.2.pom
2026-07-22 14:22:31,186 [Worker-3: reload maven project] INFO  o.e.m.c.i.e.AbstractTransferListenerAdapter - Downloaded https://repo.spring.io/milestone/org/apache/cassandra/java-driver-bom/4.19.2/java-driver-bom-4.19.2.pom
2026-07-22 14:22:31,385 [Worker-3: reload maven project] INFO  o.e.m.c.i.e.AbstractTransferListenerAdapter - Downloaded https://repo.spring.io/snapshot/org/apache/cassandra/java-driver-bom/4.19.2/java-driver-bom-4.19.2.pom
2026-07-22 14:22:31,402 [Worker-3: reload maven project] INFO  o.e.m.c.i.e.AbstractTransferListenerAdapter - Downloading https://repo.maven.apache.org/maven2/org/apache/cassandra/java-driver-bom/4.19.2/java-driver-bom-4.19.2.pom
2026-07-22 14:22:31,405 [Worker-3: reload maven project] INFO  o.e.m.c.i.e.AbstractTransferListenerAdapter - Downloaded https://repo.maven.apache.org/maven2/org/apache/cassandra/java-driver-bom/4.19.2/java-driver-bom-4.19.2.pom
2026-07-22 14:22:31,622 [Worker-3: reload maven project] INFO  o.e.m.c.i.e.AbstractTransferListenerAdapter - Downloaded https://oss.sonatype.org/content/repositories/snapshots/org/apache/groovy/groovy-bom/5.0.3/groovy-bom-5.0.3.pom
2026-07-22 14:22:31,822 [Worker-3: reload maven project] INFO  o.e.m.c.i.e.AbstractTransferListenerAdapter - Downloaded https://repo.spring.io/milestone/org/apache/groovy/groovy-bom/5.0.3/groovy-bom-5.0.3.pom
2026-07-22 14:22:32,020 [Worker-3: reload maven project] INFO  o.e.m.c.i.e.AbstractTransferListenerAdapter - Downloaded https://repo.spring.io/snapshot/org/apache/groovy/groovy-bom/5.0.3/groovy-bom-5.0.3.pom
2026-07-22 14:22:32,037 [Worker-3: reload maven project] INFO  o.e.m.c.i.e.AbstractTransferListenerAdapter - Downloading https://repo.maven.apache.org/maven2/org/apache/groovy/groovy-bom/5.0.3/groovy-bom-5.0.3.pom
2026-07-22 14:22:32,041 [Worker-3: reload maven project] INFO  o.e.m.c.i.e.AbstractTransferListenerAdapter - Downloaded https://repo.maven.apache.org/maven2/org/apache/groovy/groovy-bom/5.0.3/groovy-bom-5.0.3.pom
2026-07-22 14:22:32,263 [Worker-3: reload maven project] INFO  o.e.m.c.i.e.AbstractTransferListenerAdapter - Downloaded https://oss.sonatype.org/content/repositories/snapshots/com/fasterxml/jackson/jackson-bom/2.20.1/jackson-bom-2.20.1.pom
2026-07-22 14:22:32,482 [Worker-3: reload maven project] INFO  o.e.m.c.i.e.AbstractTransferListenerAdapter - Downloaded https://repo.spring.io/milestone/com/fasterxml/jackson/jackson-bom/2.20.1/jackson-bom-2.20.1.pom
2026-07-22 14:22:32,681 [Worker-3: reload maven project] INFO  o.e.m.c.i.e.AbstractTransferListenerAdapter - Downloaded https://repo.spring.io/snapshot/com/fasterxml/jackson/jackson-bom/2.20.1/jackson-bom-2.20.1.pom
2026-07-22 14:22:32,699 [Worker-3: reload maven project] INFO  o.e.m.c.i.e.AbstractTransferListenerAdapter - Downloading https://repo.maven.apache.org/maven2/com/fasterxml/jackson/jackson-bom/2.20.1/jackson-bom-2.20.1.pom
2026-07-22 14:22:32,701 [Worker-3: reload maven project] INFO  o.e.m.c.i.e.AbstractTransferListenerAdapter - Downloaded https://repo.maven.apache.org/maven2/com/fasterxml/jackson/jackson-bom/2.20.1/jackson-bom-2.20.1.pom
2026-07-22 14:22:32,917 [Worker-3: reload maven project] INFO  o.e.m.c.i.e.AbstractTransferListenerAdapter - Downloaded https://oss.sonatype.org/content/repositories/snapshots/com/fasterxml/jackson/jackson-parent/2.20/jackson-parent-2.20.pom
2026-07-22 14:22:33,119 [Worker-3: reload maven project] INFO  o.e.m.c.i.e.AbstractTransferListenerAdapter - Downloaded https://repo.spring.io/milestone/com/fasterxml/jackson/jackson-parent/2.20/jackson-parent-2.20.pom
2026-07-22 14:22:33,314 [Worker-3: reload maven project] INFO  o.e.m.c.i.e.AbstractTransferListenerAdapter - Downloaded https://repo.spring.io/snapshot/com/fasterxml/jackson/jackson-parent/2.20/jackson-parent-2.20.pom
2026-07-22 14:22:33,331 [Worker-3: reload maven project] INFO  o.e.m.c.i.e.AbstractTransferListenerAdapter - Downloading https://repo.maven.apache.org/maven2/com/fasterxml/jackson/jackson-parent/2.20/jackson-parent-2.20.pom
2026-07-22 14:22:33,335 [Worker-3: reload maven project] INFO  o.e.m.c.i.e.AbstractTransferListenerAdapter - Downloaded https://repo.maven.apache.org/maven2/com/fasterxml/jackson/jackson-parent/2.20/jackson-parent-2.20.pom
2026-07-22 14:22:33,560 [Worker-3: reload maven project] INFO  o.e.m.c.i.e.AbstractTransferListenerAdapter - Downloaded https://oss.sonatype.org/content/repositories/snapshots/com/fasterxml/oss-parent/70/oss-parent-70.pom
2026-07-22 14:22:33,759 [Worker-3: reload maven project] INFO  o.e.m.c.i.e.AbstractTransferListenerAdapter - Downloaded https://repo.spring.io/milestone/com/fasterxml/oss-parent/70/oss-parent-70.pom
2026-07-22 14:22:33,960 [Worker-3: reload maven project] INFO  o.e.m.c.i.e.AbstractTransferListenerAdapter - Downloaded https://repo.spring.io/snapshot/com/fasterxml/oss-parent/70/oss-parent-70.pom
2026-07-22 14:22:33,983 [Worker-3: reload maven project] INFO  o.e.m.c.i.e.AbstractTransferListenerAdapter - Downloading https://repo.maven.apache.org/maven2/com/fasterxml/oss-parent/70/oss-parent-70.pom
2026-07-22 14:22:33,987 [Worker-3: reload maven project] INFO  o.e.m.c.i.e.AbstractTransferListenerAdapter - Downloaded https://repo.maven.apache.org/maven2/com/fasterxml/oss-parent/70/oss-parent-70.pom
2026-07-22 14:22:34,208 [Worker-3: reload maven project] INFO  o.e.m.c.i.e.AbstractTransferListenerAdapter - Downloaded https://oss.sonatype.org/content/repositories/snapshots/tools/jackson/jackson-bom/3.0.3/jackson-bom-3.0.3.pom
2026-07-22 14:22:34,406 [Worker-3: reload maven project] INFO  o.e.m.c.i.e.AbstractTransferListenerAdapter - Downloaded https://repo.spring.io/milestone/tools/jackson/jackson-bom/3.0.3/jackson-bom-3.0.3.pom
2026-07-22 14:22:34,600 [Worker-3: reload maven project] INFO  o.e.m.c.i.e.AbstractTransferListenerAdapter - Downloaded https://repo.spring.io/snapshot/tools/jackson/jackson-bom/3.0.3/jackson-bom-3.0.3.pom
2026-07-22 14:22:34,619 [Worker-3: reload maven project] INFO  o.e.m.c.i.e.AbstractTransferListenerAdapter - Downloading https://repo.maven.apache.org/maven2/tools/jackson/jackson-bom/3.0.3/jackson-bom-3.0.3.pom
2026-07-22 14:22:34,621 [Worker-3: reload maven project] INFO  o.e.m.c.i.e.AbstractTransferListenerAdapter - Downloaded https://repo.maven.apache.org/maven2/tools/jackson/jackson-bom/3.0.3/jackson-bom-3.0.3.pom
2026-07-22 14:22:34,839 [Worker-3: reload maven project] INFO  o.e.m.c.i.e.AbstractTransferListenerAdapter - Downloaded https://oss.sonatype.org/content/repositories/snapshots/com/fasterxml/oss-parent/73/oss-parent-73.pom
2026-07-22 14:22:35,037 [Worker-3: reload maven project] INFO  o.e.m.c.i.e.AbstractTransferListenerAdapter - Downloaded https://repo.spring.io/milestone/com/fasterxml/oss-parent/73/oss-parent-73.pom
2026-07-22 14:22:35,233 [Worker-3: reload maven project] INFO  o.e.m.c.i.e.AbstractTransferListenerAdapter - Downloaded https://repo.spring.io/snapshot/com/fasterxml/oss-parent/73/oss-parent-73.pom
2026-07-22 14:22:35,250 [Worker-3: reload maven project] INFO  o.e.m.c.i.e.AbstractTransferListenerAdapter - Downloading https://repo.maven.apache.org/maven2/com/fasterxml/oss-parent/73/oss-parent-73.pom
2026-07-22 14:22:35,252 [Worker-3: reload maven project] INFO  o.e.m.c.i.e.AbstractTransferListenerAdapter - Downloaded https://repo.maven.apache.org/maven2/com/fasterxml/oss-parent/73/oss-parent-73.pom
2026-07-22 14:22:35,471 [Worker-3: reload maven project] INFO  o.e.m.c.i.e.AbstractTransferListenerAdapter - Downloaded https://oss.sonatype.org/content/repositories/snapshots/org/glassfish/jersey/jersey-bom/4.0.0/jersey-bom-4.0.0.pom
2026-07-22 14:22:35,667 [Worker-3: reload maven project] INFO  o.e.m.c.i.e.AbstractTransferListenerAdapter - Downloaded https://repo.spring.io/milestone/org/glassfish/jersey/jersey-bom/4.0.0/jersey-bom-4.0.0.pom
2026-07-22 14:22:35,864 [Worker-3: reload maven project] INFO  o.e.m.c.i.e.AbstractTransferListenerAdapter - Downloaded https://repo.spring.io/snapshot/org/glassfish/jersey/jersey-bom/4.0.0/jersey-bom-4.0.0.pom
2026-07-22 14:22:35,882 [Worker-3: reload maven project] INFO  o.e.m.c.i.e.AbstractTransferListenerAdapter - Downloading https://repo.maven.apache.org/maven2/org/glassfish/jersey/jersey-bom/4.0.0/jersey-bom-4.0.0.pom
2026-07-22 14:22:35,884 [Worker-3: reload maven project] INFO  o.e.m.c.i.e.AbstractTransferListenerAdapter - Downloaded https://repo.maven.apache.org/maven2/org/glassfish/jersey/jersey-bom/4.0.0/jersey-bom-4.0.0.pom
2026-07-22 14:22:36,103 [Worker-3: reload maven project] INFO  o.e.m.c.i.e.AbstractTransferListenerAdapter - Downloaded https://oss.sonatype.org/content/repositories/snapshots/org/eclipse/jetty/ee11/jetty-ee11-bom/12.1.5/jetty-ee11-bom-12.1.5.pom
2026-07-22 14:22:36,301 [Worker-3: reload maven project] INFO  o.e.m.c.i.e.AbstractTransferListenerAdapter - Downloaded https://repo.spring.io/milestone/org/eclipse/jetty/ee11/jetty-ee11-bom/12.1.5/jetty-ee11-bom-12.1.5.pom
2026-07-22 14:22:36,500 [Worker-3: reload maven project] INFO  o.e.m.c.i.e.AbstractTransferListenerAdapter - Downloaded https://repo.spring.io/snapshot/org/eclipse/jetty/ee11/jetty-ee11-bom/12.1.5/jetty-ee11-bom-12.1.5.pom
2026-07-22 14:22:36,518 [Worker-3: reload maven project] INFO  o.e.m.c.i.e.AbstractTransferListenerAdapter - Downloading https://repo.maven.apache.org/maven2/org/eclipse/jetty/ee11/jetty-ee11-bom/12.1.5/jetty-ee11-bom-12.1.5.pom
2026-07-22 14:22:36,520 [Worker-3: reload maven project] INFO  o.e.m.c.i.e.AbstractTransferListenerAdapter - Downloaded https://repo.maven.apache.org/maven2/org/eclipse/jetty/ee11/jetty-ee11-bom/12.1.5/jetty-ee11-bom-12.1.5.pom
2026-07-22 14:22:36,736 [Worker-3: reload maven project] INFO  o.e.m.c.i.e.AbstractTransferListenerAdapter - Downloaded https://oss.sonatype.org/content/repositories/snapshots/org/eclipse/jetty/jetty-bom/12.1.5/jetty-bom-12.1.5.pom
2026-07-22 14:22:36,936 [Worker-3: reload maven project] INFO  o.e.m.c.i.e.AbstractTransferListenerAdapter - Downloaded https://repo.spring.io/milestone/org/eclipse/jetty/jetty-bom/12.1.5/jetty-bom-12.1.5.pom
2026-07-22 14:22:37,134 [Worker-3: reload maven project] INFO  o.e.m.c.i.e.AbstractTransferListenerAdapter - Downloaded https://repo.spring.io/snapshot/org/eclipse/jetty/jetty-bom/12.1.5/jetty-bom-12.1.5.pom
2026-07-22 14:22:37,150 [Worker-3: reload maven project] INFO  o.e.m.c.i.e.AbstractTransferListenerAdapter - Downloading https://repo.maven.apache.org/maven2/org/eclipse/jetty/jetty-bom/12.1.5/jetty-bom-12.1.5.pom
2026-07-22 14:22:37,153 [Worker-3: reload maven project] INFO  o.e.m.c.i.e.AbstractTransferListenerAdapter - Downloaded https://repo.maven.apache.org/maven2/org/eclipse/jetty/jetty-bom/12.1.5/jetty-bom-12.1.5.pom
2026-07-22 14:22:37,369 [Worker-3: reload maven project] INFO  o.e.m.c.i.e.AbstractTransferListenerAdapter - Downloaded https://oss.sonatype.org/content/repositories/snapshots/org/jooq/jooq-bom/3.19.29/jooq-bom-3.19.29.pom
2026-07-22 14:22:37,567 [Worker-3: reload maven project] INFO  o.e.m.c.i.e.AbstractTransferListenerAdapter - Downloaded https://repo.spring.io/milestone/org/jooq/jooq-bom/3.19.29/jooq-bom-3.19.29.pom
2026-07-22 14:22:37,763 [Worker-3: reload maven project] INFO  o.e.m.c.i.e.AbstractTransferListenerAdapter - Downloaded https://repo.spring.io/snapshot/org/jooq/jooq-bom/3.19.29/jooq-bom-3.19.29.pom
2026-07-22 14:22:37,781 [Worker-3: reload maven project] INFO  o.e.m.c.i.e.AbstractTransferListenerAdapter - Downloading https://repo.maven.apache.org/maven2/org/jooq/jooq-bom/3.19.29/jooq-bom-3.19.29.pom
2026-07-22 14:22:37,784 [Worker-3: reload maven project] INFO  o.e.m.c.i.e.AbstractTransferListenerAdapter - Downloaded https://repo.maven.apache.org/maven2/org/jooq/jooq-bom/3.19.29/jooq-bom-3.19.29.pom
2026-07-22 14:22:38,000 [Worker-3: reload maven project] INFO  o.e.m.c.i.e.AbstractTransferListenerAdapter - Downloaded https://oss.sonatype.org/content/repositories/snapshots/org/junit/junit-bom/6.0.1/junit-bom-6.0.1.pom
2026-07-22 14:22:38,197 [Worker-3: reload maven project] INFO  o.e.m.c.i.e.AbstractTransferListenerAdapter - Downloaded https://repo.spring.io/milestone/org/junit/junit-bom/6.0.1/junit-bom-6.0.1.pom
2026-07-22 14:22:38,394 [Worker-3: reload maven project] INFO  o.e.m.c.i.e.AbstractTransferListenerAdapter - Downloaded https://repo.spring.io/snapshot/org/junit/junit-bom/6.0.1/junit-bom-6.0.1.pom
2026-07-22 14:22:38,421 [Worker-3: reload maven project] INFO  o.e.m.c.i.e.AbstractTransferListenerAdapter - Downloading https://repo.maven.apache.org/maven2/org/junit/junit-bom/6.0.1/junit-bom-6.0.1.pom
2026-07-22 14:22:38,429 [Worker-3: reload maven project] INFO  o.e.m.c.i.e.AbstractTransferListenerAdapter - Downloaded https://repo.maven.apache.org/maven2/org/junit/junit-bom/6.0.1/junit-bom-6.0.1.pom
2026-07-22 14:22:38,647 [Worker-3: reload maven project] INFO  o.e.m.c.i.e.AbstractTransferListenerAdapter - Downloaded https://oss.sonatype.org/content/repositories/snapshots/org/apache/logging/log4j/log4j-bom/2.25.3/log4j-bom-2.25.3.pom
2026-07-22 14:22:38,851 [Worker-3: reload maven project] INFO  o.e.m.c.i.e.AbstractTransferListenerAdapter - Downloaded https://repo.spring.io/milestone/org/apache/logging/log4j/log4j-bom/2.25.3/log4j-bom-2.25.3.pom
2026-07-22 14:22:39,056 [Worker-3: reload maven project] INFO  o.e.m.c.i.e.AbstractTransferListenerAdapter - Downloaded https://repo.spring.io/snapshot/org/apache/logging/log4j/log4j-bom/2.25.3/log4j-bom-2.25.3.pom
2026-07-22 14:22:39,082 [Worker-3: reload maven project] INFO  o.e.m.c.i.e.AbstractTransferListenerAdapter - Downloading https://repo.maven.apache.org/maven2/org/apache/logging/log4j/log4j-bom/2.25.3/log4j-bom-2.25.3.pom
2026-07-22 14:22:39,090 [Worker-3: reload maven project] INFO  o.e.m.c.i.e.AbstractTransferListenerAdapter - Downloaded https://repo.maven.apache.org/maven2/org/apache/logging/log4j/log4j-bom/2.25.3/log4j-bom-2.25.3.pom
2026-07-22 14:22:39,309 [Worker-3: reload maven project] INFO  o.e.m.c.i.e.AbstractTransferListenerAdapter - Downloaded https://oss.sonatype.org/content/repositories/snapshots/io/micrometer/micrometer-bom/1.16.1/micrometer-bom-1.16.1.pom
2026-07-22 14:22:39,513 [Worker-3: reload maven project] INFO  o.e.m.c.i.e.AbstractTransferListenerAdapter - Downloaded https://repo.spring.io/milestone/io/micrometer/micrometer-bom/1.16.1/micrometer-bom-1.16.1.pom
2026-07-22 14:22:39,711 [Worker-3: reload maven project] INFO  o.e.m.c.i.e.AbstractTransferListenerAdapter - Downloaded https://repo.spring.io/snapshot/io/micrometer/micrometer-bom/1.16.1/micrometer-bom-1.16.1.pom
2026-07-22 14:22:39,736 [Worker-3: reload maven project] INFO  o.e.m.c.i.e.AbstractTransferListenerAdapter - Downloading https://repo.maven.apache.org/maven2/io/micrometer/micrometer-bom/1.16.1/micrometer-bom-1.16.1.pom
2026-07-22 14:22:39,738 [Worker-3: reload maven project] INFO  o.e.m.c.i.e.AbstractTransferListenerAdapter - Downloaded https://repo.maven.apache.org/maven2/io/micrometer/micrometer-bom/1.16.1/micrometer-bom-1.16.1.pom
2026-07-22 14:22:39,956 [Worker-3: reload maven project] INFO  o.e.m.c.i.e.AbstractTransferListenerAdapter - Downloaded https://oss.sonatype.org/content/repositories/snapshots/io/micrometer/micrometer-tracing-bom/1.6.1/micrometer-tracing-bom-1.6.1.pom
2026-07-22 14:22:40,156 [Worker-3: reload maven project] INFO  o.e.m.c.i.e.AbstractTransferListenerAdapter - Downloaded https://repo.spring.io/milestone/io/micrometer/micrometer-tracing-bom/1.6.1/micrometer-tracing-bom-1.6.1.pom
2026-07-22 14:22:40,356 [Worker-3: reload maven project] INFO  o.e.m.c.i.e.AbstractTransferListenerAdapter - Downloaded https://repo.spring.io/snapshot/io/micrometer/micrometer-tracing-bom/1.6.1/micrometer-tracing-bom-1.6.1.pom
2026-07-22 14:22:40,376 [Worker-3: reload maven project] INFO  o.e.m.c.i.e.AbstractTransferListenerAdapter - Downloading https://repo.maven.apache.org/maven2/io/micrometer/micrometer-tracing-bom/1.6.1/micrometer-tracing-bom-1.6.1.pom
2026-07-22 14:22:40,382 [Worker-3: reload maven project] INFO  o.e.m.c.i.e.AbstractTransferListenerAdapter - Downloaded https://repo.maven.apache.org/maven2/io/micrometer/micrometer-tracing-bom/1.6.1/micrometer-tracing-bom-1.6.1.pom
2026-07-22 14:22:40,599 [Worker-3: reload maven project] INFO  o.e.m.c.i.e.AbstractTransferListenerAdapter - Downloaded https://oss.sonatype.org/content/repositories/snapshots/org/mongodb/mongodb-driver-bom/5.6.2/mongodb-driver-bom-5.6.2.pom
2026-07-22 14:22:40,799 [Worker-3: reload maven project] INFO  o.e.m.c.i.e.AbstractTransferListenerAdapter - Downloaded https://repo.spring.io/milestone/org/mongodb/mongodb-driver-bom/5.6.2/mongodb-driver-bom-5.6.2.pom
2026-07-22 14:22:40,998 [Worker-3: reload maven project] INFO  o.e.m.c.i.e.AbstractTransferListenerAdapter - Downloaded https://repo.spring.io/snapshot/org/mongodb/mongodb-driver-bom/5.6.2/mongodb-driver-bom-5.6.2.pom
2026-07-22 14:22:41,015 [Worker-3: reload maven project] INFO  o.e.m.c.i.e.AbstractTransferListenerAdapter - Downloading https://repo.maven.apache.org/maven2/org/mongodb/mongodb-driver-bom/5.6.2/mongodb-driver-bom-5.6.2.pom
2026-07-22 14:22:41,017 [Worker-3: reload maven project] INFO  o.e.m.c.i.e.AbstractTransferListenerAdapter - Downloaded https://repo.maven.apache.org/maven2/org/mongodb/mongodb-driver-bom/5.6.2/mongodb-driver-bom-5.6.2.pom
2026-07-22 14:22:41,290 [Worker-3: reload maven project] INFO  o.e.m.c.i.e.AbstractTransferListenerAdapter - Downloaded https://oss.sonatype.org/content/repositories/snapshots/org/neo4j/driver/neo4j-java-driver-bom/6.0.2/neo4j-java-driver-bom-6.0.2.pom
2026-07-22 14:22:41,491 [Worker-3: reload maven project] INFO  o.e.m.c.i.e.AbstractTransferListenerAdapter - Downloaded https://repo.spring.io/milestone/org/neo4j/driver/neo4j-java-driver-bom/6.0.2/neo4j-java-driver-bom-6.0.2.pom
2026-07-22 14:22:41,686 [Worker-3: reload maven project] INFO  o.e.m.c.i.e.AbstractTransferListenerAdapter - Downloaded https://repo.spring.io/snapshot/org/neo4j/driver/neo4j-java-driver-bom/6.0.2/neo4j-java-driver-bom-6.0.2.pom
2026-07-22 14:22:41,706 [Worker-3: reload maven project] INFO  o.e.m.c.i.e.AbstractTransferListenerAdapter - Downloading https://repo.maven.apache.org/maven2/org/neo4j/driver/neo4j-java-driver-bom/6.0.2/neo4j-java-driver-bom-6.0.2.pom
2026-07-22 14:22:41,709 [Worker-3: reload maven project] INFO  o.e.m.c.i.e.AbstractTransferListenerAdapter - Downloaded https://repo.maven.apache.org/maven2/org/neo4j/driver/neo4j-java-driver-bom/6.0.2/neo4j-java-driver-bom-6.0.2.pom
2026-07-22 14:22:41,930 [Worker-3: reload maven project] INFO  o.e.m.c.i.e.AbstractTransferListenerAdapter - Downloaded https://oss.sonatype.org/content/repositories/snapshots/org/neo4j/bolt/neo4j-bolt-connection-bom/10.1.0/neo4j-bolt-connection-bom-10.1.0.pom
2026-07-22 14:22:42,129 [Worker-3: reload maven project] INFO  o.e.m.c.i.e.AbstractTransferListenerAdapter - Downloaded https://repo.spring.io/milestone/org/neo4j/bolt/neo4j-bolt-connection-bom/10.1.0/neo4j-bolt-connection-bom-10.1.0.pom
2026-07-22 14:22:42,330 [Worker-3: reload maven project] INFO  o.e.m.c.i.e.AbstractTransferListenerAdapter - Downloaded https://repo.spring.io/snapshot/org/neo4j/bolt/neo4j-bolt-connection-bom/10.1.0/neo4j-bolt-connection-bom-10.1.0.pom
2026-07-22 14:22:42,355 [Worker-3: reload maven project] INFO  o.e.m.c.i.e.AbstractTransferListenerAdapter - Downloading https://repo.maven.apache.org/maven2/org/neo4j/bolt/neo4j-bolt-connection-bom/10.1.0/neo4j-bolt-connection-bom-10.1.0.pom
2026-07-22 14:22:42,361 [Worker-3: reload maven project] INFO  o.e.m.c.i.e.AbstractTransferListenerAdapter - Downloaded https://repo.maven.apache.org/maven2/org/neo4j/bolt/neo4j-bolt-connection-bom/10.1.0/neo4j-bolt-connection-bom-10.1.0.pom
2026-07-22 14:22:42,577 [Worker-3: reload maven project] INFO  o.e.m.c.i.e.AbstractTransferListenerAdapter - Downloaded https://oss.sonatype.org/content/repositories/snapshots/io/netty/netty-bom/4.2.9.Final/netty-bom-4.2.9.Final.pom
2026-07-22 14:22:42,776 [Worker-3: reload maven project] INFO  o.e.m.c.i.e.AbstractTransferListenerAdapter - Downloaded https://repo.spring.io/milestone/io/netty/netty-bom/4.2.9.Final/netty-bom-4.2.9.Final.pom
2026-07-22 14:22:42,978 [Worker-3: reload maven project] INFO  o.e.m.c.i.e.AbstractTransferListenerAdapter - Downloaded https://repo.spring.io/snapshot/io/netty/netty-bom/4.2.9.Final/netty-bom-4.2.9.Final.pom
2026-07-22 14:22:42,999 [Worker-3: reload maven project] INFO  o.e.m.c.i.e.AbstractTransferListenerAdapter - Downloading https://repo.maven.apache.org/maven2/io/netty/netty-bom/4.2.9.Final/netty-bom-4.2.9.Final.pom
2026-07-22 14:22:43,001 [Worker-3: reload maven project] INFO  o.e.m.c.i.e.AbstractTransferListenerAdapter - Downloaded https://repo.maven.apache.org/maven2/io/netty/netty-bom/4.2.9.Final/netty-bom-4.2.9.Final.pom
2026-07-22 14:22:43,224 [Worker-3: reload maven project] INFO  o.e.m.c.i.e.AbstractTransferListenerAdapter - Downloaded https://oss.sonatype.org/content/repositories/snapshots/org/apache/pulsar/pulsar-bom/4.1.2/pulsar-bom-4.1.2.pom
2026-07-22 14:22:43,421 [Worker-3: reload maven project] INFO  o.e.m.c.i.e.AbstractTransferListenerAdapter - Downloaded https://repo.spring.io/milestone/org/apache/pulsar/pulsar-bom/4.1.2/pulsar-bom-4.1.2.pom
2026-07-22 14:22:43,617 [Worker-3: reload maven project] INFO  o.e.m.c.i.e.AbstractTransferListenerAdapter - Downloaded https://repo.spring.io/snapshot/org/apache/pulsar/pulsar-bom/4.1.2/pulsar-bom-4.1.2.pom
2026-07-22 14:22:43,639 [Worker-3: reload maven project] INFO  o.e.m.c.i.e.AbstractTransferListenerAdapter - Downloading https://repo.maven.apache.org/maven2/org/apache/pulsar/pulsar-bom/4.1.2/pulsar-bom-4.1.2.pom
2026-07-22 14:22:43,643 [Worker-3: reload maven project] INFO  o.e.m.c.i.e.AbstractTransferListenerAdapter - Downloaded https://repo.maven.apache.org/maven2/org/apache/pulsar/pulsar-bom/4.1.2/pulsar-bom-4.1.2.pom
2026-07-22 14:22:43,861 [Worker-3: reload maven project] INFO  o.e.m.c.i.e.AbstractTransferListenerAdapter - Downloaded https://oss.sonatype.org/content/repositories/snapshots/io/projectreactor/reactor-bom/2025.0.1/reactor-bom-2025.0.1.pom
2026-07-22 14:22:44,062 [Worker-3: reload maven project] INFO  o.e.m.c.i.e.AbstractTransferListenerAdapter - Downloaded https://repo.spring.io/milestone/io/projectreactor/reactor-bom/2025.0.1/reactor-bom-2025.0.1.pom
2026-07-22 14:22:44,263 [Worker-3: reload maven project] INFO  o.e.m.c.i.e.AbstractTransferListenerAdapter - Downloaded https://repo.spring.io/snapshot/io/projectreactor/reactor-bom/2025.0.1/reactor-bom-2025.0.1.pom
2026-07-22 14:22:44,282 [Worker-3: reload maven project] INFO  o.e.m.c.i.e.AbstractTransferListenerAdapter - Downloading https://repo.maven.apache.org/maven2/io/projectreactor/reactor-bom/2025.0.1/reactor-bom-2025.0.1.pom
2026-07-22 14:22:44,284 [Worker-3: reload maven project] INFO  o.e.m.c.i.e.AbstractTransferListenerAdapter - Downloaded https://repo.maven.apache.org/maven2/io/projectreactor/reactor-bom/2025.0.1/reactor-bom-2025.0.1.pom
2026-07-22 14:22:44,503 [Worker-3: reload maven project] INFO  o.e.m.c.i.e.AbstractTransferListenerAdapter - Downloaded https://oss.sonatype.org/content/repositories/snapshots/org/springframework/amqp/spring-amqp-bom/4.0.1/spring-amqp-bom-4.0.1.pom
2026-07-22 14:22:44,700 [Worker-3: reload maven project] INFO  o.e.m.c.i.e.AbstractTransferListenerAdapter - Downloaded https://repo.spring.io/milestone/org/springframework/amqp/spring-amqp-bom/4.0.1/spring-amqp-bom-4.0.1.pom
2026-07-22 14:22:44,899 [Worker-3: reload maven project] INFO  o.e.m.c.i.e.AbstractTransferListenerAdapter - Downloaded https://repo.spring.io/snapshot/org/springframework/amqp/spring-amqp-bom/4.0.1/spring-amqp-bom-4.0.1.pom
2026-07-22 14:22:44,925 [Worker-3: reload maven project] INFO  o.e.m.c.i.e.AbstractTransferListenerAdapter - Downloading https://repo.maven.apache.org/maven2/org/springframework/amqp/spring-amqp-bom/4.0.1/spring-amqp-bom-4.0.1.pom
2026-07-22 14:22:44,932 [Worker-3: reload maven project] INFO  o.e.m.c.i.e.AbstractTransferListenerAdapter - Downloaded https://repo.maven.apache.org/maven2/org/springframework/amqp/spring-amqp-bom/4.0.1/spring-amqp-bom-4.0.1.pom
2026-07-22 14:22:45,147 [Worker-3: reload maven project] INFO  o.e.m.c.i.e.AbstractTransferListenerAdapter - Downloaded https://oss.sonatype.org/content/repositories/snapshots/org/springframework/batch/spring-batch-bom/6.0.1/spring-batch-bom-6.0.1.pom
2026-07-22 14:22:45,349 [Worker-3: reload maven project] INFO  o.e.m.c.i.e.AbstractTransferListenerAdapter - Downloaded https://repo.spring.io/milestone/org/springframework/batch/spring-batch-bom/6.0.1/spring-batch-bom-6.0.1.pom
2026-07-22 14:22:45,546 [Worker-3: reload maven project] INFO  o.e.m.c.i.e.AbstractTransferListenerAdapter - Downloaded https://repo.spring.io/snapshot/org/springframework/batch/spring-batch-bom/6.0.1/spring-batch-bom-6.0.1.pom
2026-07-22 14:22:45,569 [Worker-3: reload maven project] INFO  o.e.m.c.i.e.AbstractTransferListenerAdapter - Downloading https://repo.maven.apache.org/maven2/org/springframework/batch/spring-batch-bom/6.0.1/spring-batch-bom-6.0.1.pom
2026-07-22 14:22:45,574 [Worker-3: reload maven project] INFO  o.e.m.c.i.e.AbstractTransferListenerAdapter - Downloaded https://repo.maven.apache.org/maven2/org/springframework/batch/spring-batch-bom/6.0.1/spring-batch-bom-6.0.1.pom
2026-07-22 14:22:45,790 [Worker-3: reload maven project] INFO  o.e.m.c.i.e.AbstractTransferListenerAdapter - Downloaded https://oss.sonatype.org/content/repositories/snapshots/org/springframework/data/spring-data-bom/2025.1.1/spring-data-bom-2025.1.1.pom
2026-07-22 14:22:46,002 [Worker-3: reload maven project] INFO  o.e.m.c.i.e.AbstractTransferListenerAdapter - Downloaded https://repo.spring.io/milestone/org/springframework/data/spring-data-bom/2025.1.1/spring-data-bom-2025.1.1.pom
2026-07-22 14:22:46,202 [Worker-3: reload maven project] INFO  o.e.m.c.i.e.AbstractTransferListenerAdapter - Downloaded https://repo.spring.io/snapshot/org/springframework/data/spring-data-bom/2025.1.1/spring-data-bom-2025.1.1.pom
2026-07-22 14:22:46,229 [Worker-3: reload maven project] INFO  o.e.m.c.i.e.AbstractTransferListenerAdapter - Downloading https://repo.maven.apache.org/maven2/org/springframework/data/spring-data-bom/2025.1.1/spring-data-bom-2025.1.1.pom
2026-07-22 14:22:46,231 [Worker-3: reload maven project] INFO  o.e.m.c.i.e.AbstractTransferListenerAdapter - Downloaded https://repo.maven.apache.org/maven2/org/springframework/data/spring-data-bom/2025.1.1/spring-data-bom-2025.1.1.pom
2026-07-22 14:22:46,448 [Worker-3: reload maven project] INFO  o.e.m.c.i.e.AbstractTransferListenerAdapter - Downloaded https://oss.sonatype.org/content/repositories/snapshots/org/springframework/spring-framework-bom/7.0.2/spring-framework-bom-7.0.2.pom
2026-07-22 14:22:46,653 [Worker-3: reload maven project] INFO  o.e.m.c.i.e.AbstractTransferListenerAdapter - Downloaded https://repo.spring.io/milestone/org/springframework/spring-framework-bom/7.0.2/spring-framework-bom-7.0.2.pom
2026-07-22 14:22:46,848 [Worker-3: reload maven project] INFO  o.e.m.c.i.e.AbstractTransferListenerAdapter - Downloaded https://repo.spring.io/snapshot/org/springframework/spring-framework-bom/7.0.2/spring-framework-bom-7.0.2.pom
2026-07-22 14:22:46,873 [Worker-3: reload maven project] INFO  o.e.m.c.i.e.AbstractTransferListenerAdapter - Downloading https://repo.maven.apache.org/maven2/org/springframework/spring-framework-bom/7.0.2/spring-framework-bom-7.0.2.pom
2026-07-22 14:22:46,883 [Worker-3: reload maven project] INFO  o.e.m.c.i.e.AbstractTransferListenerAdapter - Downloaded https://repo.maven.apache.org/maven2/org/springframework/spring-framework-bom/7.0.2/spring-framework-bom-7.0.2.pom
2026-07-22 14:22:47,100 [Worker-3: reload maven project] INFO  o.e.m.c.i.e.AbstractTransferListenerAdapter - Downloaded https://oss.sonatype.org/content/repositories/snapshots/org/springframework/integration/spring-integration-bom/7.0.1/spring-integration-bom-7.0.1.pom
2026-07-22 14:22:47,302 [Worker-3: reload maven project] INFO  o.e.m.c.i.e.AbstractTransferListenerAdapter - Downloaded https://repo.spring.io/milestone/org/springframework/integration/spring-integration-bom/7.0.1/spring-integration-bom-7.0.1.pom
2026-07-22 14:22:47,512 [Worker-3: reload maven project] INFO  o.e.m.c.i.e.AbstractTransferListenerAdapter - Downloaded https://repo.spring.io/snapshot/org/springframework/integration/spring-integration-bom/7.0.1/spring-integration-bom-7.0.1.pom
2026-07-22 14:22:47,547 [Worker-3: reload maven project] INFO  o.e.m.c.i.e.AbstractTransferListenerAdapter - Downloading https://repo.maven.apache.org/maven2/org/springframework/integration/spring-integration-bom/7.0.1/spring-integration-bom-7.0.1.pom
2026-07-22 14:22:47,552 [Worker-3: reload maven project] INFO  o.e.m.c.i.e.AbstractTransferListenerAdapter - Downloaded https://repo.maven.apache.org/maven2/org/springframework/integration/spring-integration-bom/7.0.1/spring-integration-bom-7.0.1.pom
2026-07-22 14:22:47,779 [Worker-3: reload maven project] INFO  o.e.m.c.i.e.AbstractTransferListenerAdapter - Downloaded https://oss.sonatype.org/content/repositories/snapshots/org/springframework/pulsar/spring-pulsar-bom/2.0.1/spring-pulsar-bom-2.0.1.pom
2026-07-22 14:22:47,980 [Worker-3: reload maven project] INFO  o.e.m.c.i.e.AbstractTransferListenerAdapter - Downloaded https://repo.spring.io/milestone/org/springframework/pulsar/spring-pulsar-bom/2.0.1/spring-pulsar-bom-2.0.1.pom
2026-07-22 14:22:48,177 [Worker-3: reload maven project] INFO  o.e.m.c.i.e.AbstractTransferListenerAdapter - Downloaded https://repo.spring.io/snapshot/org/springframework/pulsar/spring-pulsar-bom/2.0.1/spring-pulsar-bom-2.0.1.pom
2026-07-22 14:22:48,203 [Worker-3: reload maven project] INFO  o.e.m.c.i.e.AbstractTransferListenerAdapter - Downloading https://repo.maven.apache.org/maven2/org/springframework/pulsar/spring-pulsar-bom/2.0.1/spring-pulsar-bom-2.0.1.pom
2026-07-22 14:22:48,209 [Worker-3: reload maven project] INFO  o.e.m.c.i.e.AbstractTransferListenerAdapter - Downloaded https://repo.maven.apache.org/maven2/org/springframework/pulsar/spring-pulsar-bom/2.0.1/spring-pulsar-bom-2.0.1.pom
2026-07-22 14:22:48,436 [Worker-3: reload maven project] INFO  o.e.m.c.i.e.AbstractTransferListenerAdapter - Downloaded https://oss.sonatype.org/content/repositories/snapshots/org/springframework/restdocs/spring-restdocs-bom/4.0.0/spring-restdocs-bom-4.0.0.pom
2026-07-22 14:22:48,636 [Worker-3: reload maven project] INFO  o.e.m.c.i.e.AbstractTransferListenerAdapter - Downloaded https://repo.spring.io/milestone/org/springframework/restdocs/spring-restdocs-bom/4.0.0/spring-restdocs-bom-4.0.0.pom
2026-07-22 14:22:48,835 [Worker-3: reload maven project] INFO  o.e.m.c.i.e.AbstractTransferListenerAdapter - Downloaded https://repo.spring.io/snapshot/org/springframework/restdocs/spring-restdocs-bom/4.0.0/spring-restdocs-bom-4.0.0.pom
2026-07-22 14:22:48,859 [Worker-3: reload maven project] INFO  o.e.m.c.i.e.AbstractTransferListenerAdapter - Downloading https://repo.maven.apache.org/maven2/org/springframework/restdocs/spring-restdocs-bom/4.0.0/spring-restdocs-bom-4.0.0.pom
2026-07-22 14:22:48,866 [Worker-3: reload maven project] INFO  o.e.m.c.i.e.AbstractTransferListenerAdapter - Downloaded https://repo.maven.apache.org/maven2/org/springframework/restdocs/spring-restdocs-bom/4.0.0/spring-restdocs-bom-4.0.0.pom
2026-07-22 14:22:49,083 [Worker-3: reload maven project] INFO  o.e.m.c.i.e.AbstractTransferListenerAdapter - Downloaded https://oss.sonatype.org/content/repositories/snapshots/org/springframework/security/spring-security-bom/7.0.2/spring-security-bom-7.0.2.pom
2026-07-22 14:22:49,284 [Worker-3: reload maven project] INFO  o.e.m.c.i.e.AbstractTransferListenerAdapter - Downloaded https://repo.spring.io/milestone/org/springframework/security/spring-security-bom/7.0.2/spring-security-bom-7.0.2.pom
2026-07-22 14:22:49,484 [Worker-3: reload maven project] INFO  o.e.m.c.i.e.AbstractTransferListenerAdapter - Downloaded https://repo.spring.io/snapshot/org/springframework/security/spring-security-bom/7.0.2/spring-security-bom-7.0.2.pom
2026-07-22 14:22:49,511 [Worker-3: reload maven project] INFO  o.e.m.c.i.e.AbstractTransferListenerAdapter - Downloading https://repo.maven.apache.org/maven2/org/springframework/security/spring-security-bom/7.0.2/spring-security-bom-7.0.2.pom
2026-07-22 14:22:49,521 [Worker-3: reload maven project] INFO  o.e.m.c.i.e.AbstractTransferListenerAdapter - Downloaded https://repo.maven.apache.org/maven2/org/springframework/security/spring-security-bom/7.0.2/spring-security-bom-7.0.2.pom
2026-07-22 14:22:49,738 [Worker-3: reload maven project] INFO  o.e.m.c.i.e.AbstractTransferListenerAdapter - Downloaded https://oss.sonatype.org/content/repositories/snapshots/org/springframework/session/spring-session-bom/4.0.1/spring-session-bom-4.0.1.pom
2026-07-22 14:22:49,948 [Worker-3: reload maven project] INFO  o.e.m.c.i.e.AbstractTransferListenerAdapter - Downloaded https://repo.spring.io/milestone/org/springframework/session/spring-session-bom/4.0.1/spring-session-bom-4.0.1.pom
2026-07-22 14:22:50,162 [Worker-3: reload maven project] INFO  o.e.m.c.i.e.AbstractTransferListenerAdapter - Downloaded https://repo.spring.io/snapshot/org/springframework/session/spring-session-bom/4.0.1/spring-session-bom-4.0.1.pom
2026-07-22 14:22:50,202 [Worker-3: reload maven project] INFO  o.e.m.c.i.e.AbstractTransferListenerAdapter - Downloading https://repo.maven.apache.org/maven2/org/springframework/session/spring-session-bom/4.0.1/spring-session-bom-4.0.1.pom
2026-07-22 14:22:50,204 [Worker-3: reload maven project] INFO  o.e.m.c.i.e.AbstractTransferListenerAdapter - Downloaded https://repo.maven.apache.org/maven2/org/springframework/session/spring-session-bom/4.0.1/spring-session-bom-4.0.1.pom
2026-07-22 14:22:50,423 [Worker-3: reload maven project] INFO  o.e.m.c.i.e.AbstractTransferListenerAdapter - Downloaded https://oss.sonatype.org/content/repositories/snapshots/org/springframework/ws/spring-ws-bom/5.0.0/spring-ws-bom-5.0.0.pom
2026-07-22 14:22:50,629 [Worker-3: reload maven project] INFO  o.e.m.c.i.e.AbstractTransferListenerAdapter - Downloaded https://repo.spring.io/milestone/org/springframework/ws/spring-ws-bom/5.0.0/spring-ws-bom-5.0.0.pom
2026-07-22 14:22:50,833 [Worker-3: reload maven project] INFO  o.e.m.c.i.e.AbstractTransferListenerAdapter - Downloaded https://repo.spring.io/snapshot/org/springframework/ws/spring-ws-bom/5.0.0/spring-ws-bom-5.0.0.pom
2026-07-22 14:22:50,853 [Worker-3: reload maven project] INFO  o.e.m.c.i.e.AbstractTransferListenerAdapter - Downloading https://repo.maven.apache.org/maven2/org/springframework/ws/spring-ws-bom/5.0.0/spring-ws-bom-5.0.0.pom
2026-07-22 14:22:50,859 [Worker-3: reload maven project] INFO  o.e.m.c.i.e.AbstractTransferListenerAdapter - Downloaded https://repo.maven.apache.org/maven2/org/springframework/ws/spring-ws-bom/5.0.0/spring-ws-bom-5.0.0.pom
2026-07-22 14:22:51,078 [Worker-3: reload maven project] INFO  o.e.m.c.i.e.AbstractTransferListenerAdapter - Downloaded https://oss.sonatype.org/content/repositories/snapshots/org/testcontainers/testcontainers-bom/2.0.3/testcontainers-bom-2.0.3.pom
2026-07-22 14:22:51,283 [Worker-3: reload maven project] INFO  o.e.m.c.i.e.AbstractTransferListenerAdapter - Downloaded https://repo.spring.io/milestone/org/testcontainers/testcontainers-bom/2.0.3/testcontainers-bom-2.0.3.pom
2026-07-22 14:22:51,485 [Worker-3: reload maven project] INFO  o.e.m.c.i.e.AbstractTransferListenerAdapter - Downloaded https://repo.spring.io/snapshot/org/testcontainers/testcontainers-bom/2.0.3/testcontainers-bom-2.0.3.pom
2026-07-22 14:22:51,505 [Worker-3: reload maven project] INFO  o.e.m.c.i.e.AbstractTransferListenerAdapter - Downloading https://repo.maven.apache.org/maven2/org/testcontainers/testcontainers-bom/2.0.3/testcontainers-bom-2.0.3.pom
2026-07-22 14:22:51,507 [Worker-3: reload maven project] INFO  o.e.m.c.i.e.AbstractTransferListenerAdapter - Downloaded https://repo.maven.apache.org/maven2/org/testcontainers/testcontainers-bom/2.0.3/testcontainers-bom-2.0.3.pom
2026-07-22 14:22:51,531 [Worker-3: reload maven project] INFO  o.e.m.c.i.e.AbstractTransferListenerAdapter - Downloading https://repo.maven.apache.org/maven2/org/springframework/boot/spring-boot-starter-jdbc/4.0.7/spring-boot-starter-jdbc-4.0.7.pom
2026-07-22 14:22:51,534 [Worker-3: reload maven project] INFO  o.e.m.c.i.e.AbstractTransferListenerAdapter - Downloaded https://repo.maven.apache.org/maven2/org/springframework/boot/spring-boot-starter-jdbc/4.0.7/spring-boot-starter-jdbc-4.0.7.pom
2026-07-22 14:22:51,553 [Worker-3: reload maven project] INFO  o.e.m.c.i.e.AbstractTransferListenerAdapter - Downloading https://repo.maven.apache.org/maven2/org/springframework/boot/spring-boot-jdbc/4.0.7/spring-boot-jdbc-4.0.7.pom
2026-07-22 14:22:51,556 [Worker-3: reload maven project] INFO  o.e.m.c.i.e.AbstractTransferListenerAdapter - Downloaded https://repo.maven.apache.org/maven2/org/springframework/boot/spring-boot-jdbc/4.0.7/spring-boot-jdbc-4.0.7.pom
2026-07-22 14:22:51,577 [Worker-3: reload maven project] INFO  o.e.m.c.i.e.AbstractTransferListenerAdapter - Downloading https://repo.maven.apache.org/maven2/org/springframework/boot/spring-boot-sql/4.0.7/spring-boot-sql-4.0.7.pom
2026-07-22 14:22:51,580 [Worker-3: reload maven project] INFO  o.e.m.c.i.e.AbstractTransferListenerAdapter - Downloaded https://repo.maven.apache.org/maven2/org/springframework/boot/spring-boot-sql/4.0.7/spring-boot-sql-4.0.7.pom
2026-07-22 14:22:51,603 [Worker-3: reload maven project] INFO  o.e.m.c.i.e.AbstractTransferListenerAdapter - Downloading https://repo.maven.apache.org/maven2/org/springframework/boot/spring-boot-transaction/4.0.7/spring-boot-transaction-4.0.7.pom
2026-07-22 14:22:51,607 [Worker-3: reload maven project] INFO  o.e.m.c.i.e.AbstractTransferListenerAdapter - Downloaded https://repo.maven.apache.org/maven2/org/springframework/boot/spring-boot-transaction/4.0.7/spring-boot-transaction-4.0.7.pom
2026-07-22 14:22:51,629 [Worker-3: reload maven project] INFO  o.e.m.c.i.e.AbstractTransferListenerAdapter - Downloading https://repo.maven.apache.org/maven2/org/springframework/boot/spring-boot-persistence/4.0.7/spring-boot-persistence-4.0.7.pom
2026-07-22 14:22:51,632 [Worker-3: reload maven project] INFO  o.e.m.c.i.e.AbstractTransferListenerAdapter - Downloaded https://repo.maven.apache.org/maven2/org/springframework/boot/spring-boot-persistence/4.0.7/spring-boot-persistence-4.0.7.pom
2026-07-22 14:22:51,655 [Worker-3: reload maven project] INFO  o.e.m.c.i.e.AbstractTransferListenerAdapter - Downloading https://repo.maven.apache.org/maven2/org/springframework/spring-tx/7.0.8/spring-tx-7.0.8.pom
2026-07-22 14:22:51,657 [Worker-3: reload maven project] INFO  o.e.m.c.i.e.AbstractTransferListenerAdapter - Downloaded https://repo.maven.apache.org/maven2/org/springframework/spring-tx/7.0.8/spring-tx-7.0.8.pom
2026-07-22 14:22:51,691 [Worker-3: reload maven project] INFO  o.e.m.c.i.e.AbstractTransferListenerAdapter - Downloading https://repo.maven.apache.org/maven2/org/springframework/spring-jdbc/7.0.8/spring-jdbc-7.0.8.pom
2026-07-22 14:22:51,693 [Worker-3: reload maven project] INFO  o.e.m.c.i.e.AbstractTransferListenerAdapter - Downloaded https://repo.maven.apache.org/maven2/org/springframework/spring-jdbc/7.0.8/spring-jdbc-7.0.8.pom
2026-07-22 14:22:51,717 [Worker-3: reload maven project] INFO  o.e.m.c.i.e.AbstractTransferListenerAdapter - Downloading https://repo.maven.apache.org/maven2/com/zaxxer/HikariCP/7.0.2/HikariCP-7.0.2.pom
2026-07-22 14:22:51,720 [Worker-3: reload maven project] INFO  o.e.m.c.i.e.AbstractTransferListenerAdapter - Downloaded https://repo.maven.apache.org/maven2/com/zaxxer/HikariCP/7.0.2/HikariCP-7.0.2.pom
2026-07-22 14:22:51,741 [Worker-3: reload maven project] INFO  o.e.m.c.i.e.AbstractTransferListenerAdapter - Downloading https://repo.maven.apache.org/maven2/org/mybatis/spring/boot/mybatis-spring-boot-autoconfigure/4.0.1/mybatis-spring-boot-autoconfigure-4.0.1.pom
2026-07-22 14:22:51,744 [Worker-3: reload maven project] INFO  o.e.m.c.i.e.AbstractTransferListenerAdapter - Downloaded https://repo.maven.apache.org/maven2/org/mybatis/spring/boot/mybatis-spring-boot-autoconfigure/4.0.1/mybatis-spring-boot-autoconfigure-4.0.1.pom
2026-07-22 14:22:51,763 [Worker-3: reload maven project] INFO  o.e.m.c.i.e.AbstractTransferListenerAdapter - Downloading https://repo.maven.apache.org/maven2/org/mybatis/mybatis/3.5.19/mybatis-3.5.19.pom
2026-07-22 14:22:51,766 [Worker-3: reload maven project] INFO  o.e.m.c.i.e.AbstractTransferListenerAdapter - Downloaded https://repo.maven.apache.org/maven2/org/mybatis/mybatis/3.5.19/mybatis-3.5.19.pom
2026-07-22 14:22:51,793 [Worker-3: reload maven project] INFO  o.e.m.c.i.e.AbstractTransferListenerAdapter - Downloading https://repo.maven.apache.org/maven2/org/mybatis/mybatis-parent/48/mybatis-parent-48.pom
2026-07-22 14:22:51,798 [Worker-3: reload maven project] INFO  o.e.m.c.i.e.AbstractTransferListenerAdapter - Downloaded https://repo.maven.apache.org/maven2/org/mybatis/mybatis-parent/48/mybatis-parent-48.pom
2026-07-22 14:22:51,838 [Worker-3: reload maven project] INFO  o.e.m.c.i.e.AbstractTransferListenerAdapter - Downloading https://repo.maven.apache.org/maven2/org/mybatis/mybatis-spring/4.0.0/mybatis-spring-4.0.0.pom
2026-07-22 14:22:51,841 [Worker-3: reload maven project] INFO  o.e.m.c.i.e.AbstractTransferListenerAdapter - Downloaded https://repo.maven.apache.org/maven2/org/mybatis/mybatis-spring/4.0.0/mybatis-spring-4.0.0.pom
2026-07-22 14:22:51,880 [Worker-3: reload maven project] INFO  o.e.m.c.i.e.AbstractTransferListenerAdapter - Downloading https://repo.maven.apache.org/maven2/org/springframework/boot/spring-boot-devtools/4.0.7/spring-boot-devtools-4.0.7.pom
2026-07-22 14:22:51,883 [Worker-3: reload maven project] INFO  o.e.m.c.i.e.AbstractTransferListenerAdapter - Downloaded https://repo.maven.apache.org/maven2/org/springframework/boot/spring-boot-devtools/4.0.7/spring-boot-devtools-4.0.7.pom
2026-07-22 14:22:51,904 [Worker-3: reload maven project] INFO  o.e.m.c.i.e.AbstractTransferListenerAdapter - Downloading https://repo.maven.apache.org/maven2/com/mysql/mysql-connector-j/9.7.0/mysql-connector-j-9.7.0.pom
2026-07-22 14:22:51,907 [Worker-3: reload maven project] INFO  o.e.m.c.i.e.AbstractTransferListenerAdapter - Downloaded https://repo.maven.apache.org/maven2/com/mysql/mysql-connector-j/9.7.0/mysql-connector-j-9.7.0.pom
2026-07-22 14:22:52,165 [Worker-3: reload maven project] INFO  o.e.m.c.i.e.AbstractTransferListenerAdapter - Downloading https://repo.maven.apache.org/maven2/org/projectlombok/lombok/1.18.46/lombok-1.18.46.pom
2026-07-22 14:22:52,168 [Worker-3: reload maven project] INFO  o.e.m.c.i.e.AbstractTransferListenerAdapter - Downloaded https://repo.maven.apache.org/maven2/org/projectlombok/lombok/1.18.46/lombok-1.18.46.pom
2026-07-22 14:22:52,189 [Worker-3: reload maven project] INFO  o.e.m.c.i.e.AbstractTransferListenerAdapter - Downloading https://repo.maven.apache.org/maven2/org/springframework/boot/spring-boot-starter-webmvc-test/4.0.7/spring-boot-starter-webmvc-test-4.0.7.pom
2026-07-22 14:22:52,192 [Worker-3: reload maven project] INFO  o.e.m.c.i.e.AbstractTransferListenerAdapter - Downloaded https://repo.maven.apache.org/maven2/org/springframework/boot/spring-boot-starter-webmvc-test/4.0.7/spring-boot-starter-webmvc-test-4.0.7.pom
2026-07-22 14:22:52,212 [Worker-3: reload maven project] INFO  o.e.m.c.i.e.AbstractTransferListenerAdapter - Downloading https://repo.maven.apache.org/maven2/org/springframework/boot/spring-boot-starter-jackson-test/4.0.7/spring-boot-starter-jackson-test-4.0.7.pom
2026-07-22 14:22:52,215 [Worker-3: reload maven project] INFO  o.e.m.c.i.e.AbstractTransferListenerAdapter - Downloaded https://repo.maven.apache.org/maven2/org/springframework/boot/spring-boot-starter-jackson-test/4.0.7/spring-boot-starter-jackson-test-4.0.7.pom
2026-07-22 14:22:52,236 [Worker-3: reload maven project] INFO  o.e.m.c.i.e.AbstractTransferListenerAdapter - Downloading https://repo.maven.apache.org/maven2/org/springframework/boot/spring-boot-starter-test/4.0.7/spring-boot-starter-test-4.0.7.pom
2026-07-22 14:22:52,238 [Worker-3: reload maven project] INFO  o.e.m.c.i.e.AbstractTransferListenerAdapter - Downloaded https://repo.maven.apache.org/maven2/org/springframework/boot/spring-boot-starter-test/4.0.7/spring-boot-starter-test-4.0.7.pom
2026-07-22 14:22:52,256 [Worker-3: reload maven project] INFO  o.e.m.c.i.e.AbstractTransferListenerAdapter - Downloading https://repo.maven.apache.org/maven2/org/springframework/boot/spring-boot-test/4.0.7/spring-boot-test-4.0.7.pom
2026-07-22 14:22:52,259 [Worker-3: reload maven project] INFO  o.e.m.c.i.e.AbstractTransferListenerAdapter - Downloaded https://repo.maven.apache.org/maven2/org/springframework/boot/spring-boot-test/4.0.7/spring-boot-test-4.0.7.pom
2026-07-22 14:22:52,290 [Worker-3: reload maven project] INFO  o.e.m.c.i.e.AbstractTransferListenerAdapter - Downloading https://repo.maven.apache.org/maven2/org/springframework/spring-test/7.0.8/spring-test-7.0.8.pom
2026-07-22 14:22:52,292 [Worker-3: reload maven project] INFO  o.e.m.c.i.e.AbstractTransferListenerAdapter - Downloaded https://repo.maven.apache.org/maven2/org/springframework/spring-test/7.0.8/spring-test-7.0.8.pom
2026-07-22 14:22:52,316 [Worker-3: reload maven project] INFO  o.e.m.c.i.e.AbstractTransferListenerAdapter - Downloading https://repo.maven.apache.org/maven2/org/springframework/boot/spring-boot-test-autoconfigure/4.0.7/spring-boot-test-autoconfigure-4.0.7.pom
2026-07-22 14:22:52,318 [Worker-3: reload maven project] INFO  o.e.m.c.i.e.AbstractTransferListenerAdapter - Downloaded https://repo.maven.apache.org/maven2/org/springframework/boot/spring-boot-test-autoconfigure/4.0.7/spring-boot-test-autoconfigure-4.0.7.pom
2026-07-22 14:22:52,343 [Worker-3: reload maven project] INFO  o.e.m.c.i.e.AbstractTransferListenerAdapter - Downloading https://repo.maven.apache.org/maven2/com/jayway/jsonpath/json-path/2.10.0/json-path-2.10.0.pom
2026-07-22 14:22:52,345 [Worker-3: reload maven project] INFO  o.e.m.c.i.e.AbstractTransferListenerAdapter - Downloaded https://repo.maven.apache.org/maven2/com/jayway/jsonpath/json-path/2.10.0/json-path-2.10.0.pom
2026-07-22 14:22:52,369 [Worker-3: reload maven project] INFO  o.e.m.c.i.e.AbstractTransferListenerAdapter - Downloading https://repo.maven.apache.org/maven2/net/minidev/json-smart/2.6.0/json-smart-2.6.0.pom
2026-07-22 14:22:52,372 [Worker-3: reload maven project] INFO  o.e.m.c.i.e.AbstractTransferListenerAdapter - Downloaded https://repo.maven.apache.org/maven2/net/minidev/json-smart/2.6.0/json-smart-2.6.0.pom
2026-07-22 14:22:52,392 [Worker-3: reload maven project] INFO  o.e.m.c.i.e.AbstractTransferListenerAdapter - Downloading https://repo.maven.apache.org/maven2/net/minidev/accessors-smart/2.6.0/accessors-smart-2.6.0.pom
2026-07-22 14:22:52,399 [Worker-3: reload maven project] INFO  o.e.m.c.i.e.AbstractTransferListenerAdapter - Downloaded https://repo.maven.apache.org/maven2/net/minidev/accessors-smart/2.6.0/accessors-smart-2.6.0.pom
2026-07-22 14:22:52,418 [Worker-3: reload maven project] INFO  o.e.m.c.i.e.AbstractTransferListenerAdapter - Downloading https://repo.maven.apache.org/maven2/org/ow2/asm/asm/9.7.1/asm-9.7.1.pom
2026-07-22 14:22:52,421 [Worker-3: reload maven project] INFO  o.e.m.c.i.e.AbstractTransferListenerAdapter - Downloaded https://repo.maven.apache.org/maven2/org/ow2/asm/asm/9.7.1/asm-9.7.1.pom
2026-07-22 14:22:52,441 [Worker-3: reload maven project] INFO  o.e.m.c.i.e.AbstractTransferListenerAdapter - Downloading https://repo.maven.apache.org/maven2/org/ow2/ow2/1.5.1/ow2-1.5.1.pom
2026-07-22 14:22:52,444 [Worker-3: reload maven project] INFO  o.e.m.c.i.e.AbstractTransferListenerAdapter - Downloaded https://repo.maven.apache.org/maven2/org/ow2/ow2/1.5.1/ow2-1.5.1.pom
2026-07-22 14:22:52,516 [Worker-3: reload maven project] INFO  o.e.m.c.i.e.AbstractTransferListenerAdapter - Downloading https://repo.maven.apache.org/maven2/jakarta/xml/bind/jakarta.xml.bind-api/4.0.5/jakarta.xml.bind-api-4.0.5.pom
2026-07-22 14:22:52,519 [Worker-3: reload maven project] INFO  o.e.m.c.i.e.AbstractTransferListenerAdapter - Downloaded https://repo.maven.apache.org/maven2/jakarta/xml/bind/jakarta.xml.bind-api/4.0.5/jakarta.xml.bind-api-4.0.5.pom
2026-07-22 14:22:52,539 [Worker-3: reload maven project] INFO  o.e.m.c.i.e.AbstractTransferListenerAdapter - Downloading https://repo.maven.apache.org/maven2/jakarta/xml/bind/jakarta.xml.bind-api-parent/4.0.5/jakarta.xml.bind-api-parent-4.0.5.pom
2026-07-22 14:22:52,543 [Worker-3: reload maven project] INFO  o.e.m.c.i.e.AbstractTransferListenerAdapter - Downloaded https://repo.maven.apache.org/maven2/jakarta/xml/bind/jakarta.xml.bind-api-parent/4.0.5/jakarta.xml.bind-api-parent-4.0.5.pom
2026-07-22 14:22:52,565 [Worker-3: reload maven project] INFO  o.e.m.c.i.e.AbstractTransferListenerAdapter - Downloading https://repo.maven.apache.org/maven2/jakarta/activation/jakarta.activation-api/2.1.4/jakarta.activation-api-2.1.4.pom
2026-07-22 14:22:52,568 [Worker-3: reload maven project] INFO  o.e.m.c.i.e.AbstractTransferListenerAdapter - Downloaded https://repo.maven.apache.org/maven2/jakarta/activation/jakarta.activation-api/2.1.4/jakarta.activation-api-2.1.4.pom
2026-07-22 14:22:52,585 [Worker-3: reload maven project] INFO  o.e.m.c.i.e.AbstractTransferListenerAdapter - Downloading https://repo.maven.apache.org/maven2/org/assertj/assertj-core/3.27.7/assertj-core-3.27.7.pom
2026-07-22 14:22:52,588 [Worker-3: reload maven project] INFO  o.e.m.c.i.e.AbstractTransferListenerAdapter - Downloaded https://repo.maven.apache.org/maven2/org/assertj/assertj-core/3.27.7/assertj-core-3.27.7.pom
2026-07-22 14:22:52,605 [Worker-3: reload maven project] INFO  o.e.m.c.i.e.AbstractTransferListenerAdapter - Downloading https://repo.maven.apache.org/maven2/net/bytebuddy/byte-buddy/1.17.8/byte-buddy-1.17.8.pom
2026-07-22 14:22:52,608 [Worker-3: reload maven project] INFO  o.e.m.c.i.e.AbstractTransferListenerAdapter - Downloaded https://repo.maven.apache.org/maven2/net/bytebuddy/byte-buddy/1.17.8/byte-buddy-1.17.8.pom
2026-07-22 14:22:52,630 [Worker-3: reload maven project] INFO  o.e.m.c.i.e.AbstractTransferListenerAdapter - Downloading https://repo.maven.apache.org/maven2/net/bytebuddy/byte-buddy-parent/1.17.8/byte-buddy-parent-1.17.8.pom
2026-07-22 14:22:52,632 [Worker-3: reload maven project] INFO  o.e.m.c.i.e.AbstractTransferListenerAdapter - Downloaded https://repo.maven.apache.org/maven2/net/bytebuddy/byte-buddy-parent/1.17.8/byte-buddy-parent-1.17.8.pom
2026-07-22 14:22:52,652 [Worker-3: reload maven project] INFO  o.e.m.c.i.e.AbstractTransferListenerAdapter - Downloading https://repo.maven.apache.org/maven2/org/awaitility/awaitility/4.3.0/awaitility-4.3.0.pom
2026-07-22 14:22:52,655 [Worker-3: reload maven project] INFO  o.e.m.c.i.e.AbstractTransferListenerAdapter - Downloaded https://repo.maven.apache.org/maven2/org/awaitility/awaitility/4.3.0/awaitility-4.3.0.pom
2026-07-22 14:22:52,675 [Worker-3: reload maven project] INFO  o.e.m.c.i.e.AbstractTransferListenerAdapter - Downloading https://repo.maven.apache.org/maven2/org/awaitility/awaitility-parent/4.3.0/awaitility-parent-4.3.0.pom
2026-07-22 14:22:52,678 [Worker-3: reload maven project] INFO  o.e.m.c.i.e.AbstractTransferListenerAdapter - Downloaded https://repo.maven.apache.org/maven2/org/awaitility/awaitility-parent/4.3.0/awaitility-parent-4.3.0.pom
2026-07-22 14:22:52,698 [Worker-3: reload maven project] INFO  o.e.m.c.i.e.AbstractTransferListenerAdapter - Downloading https://repo.maven.apache.org/maven2/org/sonatype/oss/oss-parent/9/oss-parent-9.pom
2026-07-22 14:22:52,700 [Worker-3: reload maven project] INFO  o.e.m.c.i.e.AbstractTransferListenerAdapter - Downloaded https://repo.maven.apache.org/maven2/org/sonatype/oss/oss-parent/9/oss-parent-9.pom
2026-07-22 14:22:52,721 [Worker-3: reload maven project] INFO  o.e.m.c.i.e.AbstractTransferListenerAdapter - Downloading https://repo.maven.apache.org/maven2/org/hamcrest/hamcrest/3.0/hamcrest-3.0.pom
2026-07-22 14:22:52,723 [Worker-3: reload maven project] INFO  o.e.m.c.i.e.AbstractTransferListenerAdapter - Downloaded https://repo.maven.apache.org/maven2/org/hamcrest/hamcrest/3.0/hamcrest-3.0.pom
2026-07-22 14:22:52,747 [Worker-3: reload maven project] INFO  o.e.m.c.i.e.AbstractTransferListenerAdapter - Downloading https://repo.maven.apache.org/maven2/org/junit/jupiter/junit-jupiter/6.0.3/junit-jupiter-6.0.3.pom
2026-07-22 14:22:52,750 [Worker-3: reload maven project] INFO  o.e.m.c.i.e.AbstractTransferListenerAdapter - Downloaded https://repo.maven.apache.org/maven2/org/junit/jupiter/junit-jupiter/6.0.3/junit-jupiter-6.0.3.pom
2026-07-22 14:22:52,768 [Worker-3: reload maven project] INFO  o.e.m.c.i.e.AbstractTransferListenerAdapter - Downloading https://repo.maven.apache.org/maven2/org/junit/jupiter/junit-jupiter-api/6.0.3/junit-jupiter-api-6.0.3.pom
2026-07-22 14:22:52,771 [Worker-3: reload maven project] INFO  o.e.m.c.i.e.AbstractTransferListenerAdapter - Downloaded https://repo.maven.apache.org/maven2/org/junit/jupiter/junit-jupiter-api/6.0.3/junit-jupiter-api-6.0.3.pom
2026-07-22 14:22:52,792 [Worker-3: reload maven project] INFO  o.e.m.c.i.e.AbstractTransferListenerAdapter - Downloading https://repo.maven.apache.org/maven2/org/opentest4j/opentest4j/1.3.0/opentest4j-1.3.0.pom
2026-07-22 14:22:52,795 [Worker-3: reload maven project] INFO  o.e.m.c.i.e.AbstractTransferListenerAdapter - Downloaded https://repo.maven.apache.org/maven2/org/opentest4j/opentest4j/1.3.0/opentest4j-1.3.0.pom
2026-07-22 14:22:52,818 [Worker-3: reload maven project] INFO  o.e.m.c.i.e.AbstractTransferListenerAdapter - Downloading https://repo.maven.apache.org/maven2/org/junit/platform/junit-platform-commons/6.0.3/junit-platform-commons-6.0.3.pom
2026-07-22 14:22:52,821 [Worker-3: reload maven project] INFO  o.e.m.c.i.e.AbstractTransferListenerAdapter - Downloaded https://repo.maven.apache.org/maven2/org/junit/platform/junit-platform-commons/6.0.3/junit-platform-commons-6.0.3.pom
2026-07-22 14:22:52,844 [Worker-3: reload maven project] INFO  o.e.m.c.i.e.AbstractTransferListenerAdapter - Downloading https://repo.maven.apache.org/maven2/org/apiguardian/apiguardian-api/1.1.2/apiguardian-api-1.1.2.pom
2026-07-22 14:22:52,847 [Worker-3: reload maven project] INFO  o.e.m.c.i.e.AbstractTransferListenerAdapter - Downloaded https://repo.maven.apache.org/maven2/org/apiguardian/apiguardian-api/1.1.2/apiguardian-api-1.1.2.pom
2026-07-22 14:22:52,878 [Worker-3: reload maven project] INFO  o.e.m.c.i.e.AbstractTransferListenerAdapter - Downloading https://repo.maven.apache.org/maven2/org/junit/jupiter/junit-jupiter-params/6.0.3/junit-jupiter-params-6.0.3.pom
2026-07-22 14:22:52,881 [Worker-3: reload maven project] INFO  o.e.m.c.i.e.AbstractTransferListenerAdapter - Downloaded https://repo.maven.apache.org/maven2/org/junit/jupiter/junit-jupiter-params/6.0.3/junit-jupiter-params-6.0.3.pom
2026-07-22 14:22:52,905 [Worker-3: reload maven project] INFO  o.e.m.c.i.e.AbstractTransferListenerAdapter - Downloading https://repo.maven.apache.org/maven2/org/junit/jupiter/junit-jupiter-engine/6.0.3/junit-jupiter-engine-6.0.3.pom
2026-07-22 14:22:52,908 [Worker-3: reload maven project] INFO  o.e.m.c.i.e.AbstractTransferListenerAdapter - Downloaded https://repo.maven.apache.org/maven2/org/junit/jupiter/junit-jupiter-engine/6.0.3/junit-jupiter-engine-6.0.3.pom
2026-07-22 14:22:52,926 [Worker-3: reload maven project] INFO  o.e.m.c.i.e.AbstractTransferListenerAdapter - Downloading https://repo.maven.apache.org/maven2/org/junit/platform/junit-platform-engine/6.0.3/junit-platform-engine-6.0.3.pom
2026-07-22 14:22:52,929 [Worker-3: reload maven project] INFO  o.e.m.c.i.e.AbstractTransferListenerAdapter - Downloaded https://repo.maven.apache.org/maven2/org/junit/platform/junit-platform-engine/6.0.3/junit-platform-engine-6.0.3.pom
2026-07-22 14:22:52,947 [Worker-3: reload maven project] INFO  o.e.m.c.i.e.AbstractTransferListenerAdapter - Downloading https://repo.maven.apache.org/maven2/org/mockito/mockito-core/5.20.0/mockito-core-5.20.0.pom
2026-07-22 14:22:52,950 [Worker-3: reload maven project] INFO  o.e.m.c.i.e.AbstractTransferListenerAdapter - Downloaded https://repo.maven.apache.org/maven2/org/mockito/mockito-core/5.20.0/mockito-core-5.20.0.pom
2026-07-22 14:22:52,976 [Worker-3: reload maven project] INFO  o.e.m.c.i.e.AbstractTransferListenerAdapter - Downloading https://repo.maven.apache.org/maven2/net/bytebuddy/byte-buddy-agent/1.17.8/byte-buddy-agent-1.17.8.pom
2026-07-22 14:22:52,979 [Worker-3: reload maven project] INFO  o.e.m.c.i.e.AbstractTransferListenerAdapter - Downloaded https://repo.maven.apache.org/maven2/net/bytebuddy/byte-buddy-agent/1.17.8/byte-buddy-agent-1.17.8.pom
2026-07-22 14:22:52,999 [Worker-3: reload maven project] INFO  o.e.m.c.i.e.AbstractTransferListenerAdapter - Downloading https://repo.maven.apache.org/maven2/org/objenesis/objenesis/3.3/objenesis-3.3.pom
2026-07-22 14:22:53,002 [Worker-3: reload maven project] INFO  o.e.m.c.i.e.AbstractTransferListenerAdapter - Downloaded https://repo.maven.apache.org/maven2/org/objenesis/objenesis/3.3/objenesis-3.3.pom
2026-07-22 14:22:53,022 [Worker-3: reload maven project] INFO  o.e.m.c.i.e.AbstractTransferListenerAdapter - Downloading https://repo.maven.apache.org/maven2/org/objenesis/objenesis-parent/3.3/objenesis-parent-3.3.pom
2026-07-22 14:22:53,025 [Worker-3: reload maven project] INFO  o.e.m.c.i.e.AbstractTransferListenerAdapter - Downloaded https://repo.maven.apache.org/maven2/org/objenesis/objenesis-parent/3.3/objenesis-parent-3.3.pom
2026-07-22 14:22:53,046 [Worker-3: reload maven project] INFO  o.e.m.c.i.e.AbstractTransferListenerAdapter - Downloading https://repo.maven.apache.org/maven2/org/mockito/mockito-junit-jupiter/5.20.0/mockito-junit-jupiter-5.20.0.pom
2026-07-22 14:22:53,048 [Worker-3: reload maven project] INFO  o.e.m.c.i.e.AbstractTransferListenerAdapter - Downloaded https://repo.maven.apache.org/maven2/org/mockito/mockito-junit-jupiter/5.20.0/mockito-junit-jupiter-5.20.0.pom
2026-07-22 14:22:53,082 [Worker-3: reload maven project] INFO  o.e.m.c.i.e.AbstractTransferListenerAdapter - Downloading https://repo.maven.apache.org/maven2/org/skyscreamer/jsonassert/1.5.3/jsonassert-1.5.3.pom
2026-07-22 14:22:53,085 [Worker-3: reload maven project] INFO  o.e.m.c.i.e.AbstractTransferListenerAdapter - Downloaded https://repo.maven.apache.org/maven2/org/skyscreamer/jsonassert/1.5.3/jsonassert-1.5.3.pom
2026-07-22 14:22:53,115 [Worker-3: reload maven project] INFO  o.e.m.c.i.e.AbstractTransferListenerAdapter - Downloading https://repo.maven.apache.org/maven2/com/vaadin/external/google/android-json/0.0.20131108.vaadin1/android-json-0.0.20131108.vaadin1.pom
2026-07-22 14:22:53,118 [Worker-3: reload maven project] INFO  o.e.m.c.i.e.AbstractTransferListenerAdapter - Downloaded https://repo.maven.apache.org/maven2/com/vaadin/external/google/android-json/0.0.20131108.vaadin1/android-json-0.0.20131108.vaadin1.pom
2026-07-22 14:22:53,143 [Worker-3: reload maven project] INFO  o.e.m.c.i.e.AbstractTransferListenerAdapter - Downloading https://repo.maven.apache.org/maven2/org/xmlunit/xmlunit-core/2.10.4/xmlunit-core-2.10.4.pom
2026-07-22 14:22:53,146 [Worker-3: reload maven project] INFO  o.e.m.c.i.e.AbstractTransferListenerAdapter - Downloaded https://repo.maven.apache.org/maven2/org/xmlunit/xmlunit-core/2.10.4/xmlunit-core-2.10.4.pom
2026-07-22 14:22:53,175 [Worker-3: reload maven project] INFO  o.e.m.c.i.e.AbstractTransferListenerAdapter - Downloading https://repo.maven.apache.org/maven2/org/xmlunit/xmlunit-parent/2.10.4/xmlunit-parent-2.10.4.pom
2026-07-22 14:22:53,179 [Worker-3: reload maven project] INFO  o.e.m.c.i.e.AbstractTransferListenerAdapter - Downloaded https://repo.maven.apache.org/maven2/org/xmlunit/xmlunit-parent/2.10.4/xmlunit-parent-2.10.4.pom
2026-07-22 14:22:53,208 [Worker-3: reload maven project] INFO  o.e.m.c.i.e.AbstractTransferListenerAdapter - Downloading https://repo.maven.apache.org/maven2/org/springframework/boot/spring-boot-webmvc-test/4.0.7/spring-boot-webmvc-test-4.0.7.pom
2026-07-22 14:22:53,212 [Worker-3: reload maven project] INFO  o.e.m.c.i.e.AbstractTransferListenerAdapter - Downloaded https://repo.maven.apache.org/maven2/org/springframework/boot/spring-boot-webmvc-test/4.0.7/spring-boot-webmvc-test-4.0.7.pom
2026-07-22 14:22:53,231 [Worker-3: reload maven project] INFO  o.e.m.c.i.e.AbstractTransferListenerAdapter - Downloading https://repo.maven.apache.org/maven2/org/springframework/boot/spring-boot-resttestclient/4.0.7/spring-boot-resttestclient-4.0.7.pom
2026-07-22 14:22:53,233 [Worker-3: reload maven project] INFO  o.e.m.c.i.e.AbstractTransferListenerAdapter - Downloaded https://repo.maven.apache.org/maven2/org/springframework/boot/spring-boot-resttestclient/4.0.7/spring-boot-resttestclient-4.0.7.pom
2026-07-22 14:22:53,252 [Worker-3: reload maven project] INFO  o.e.m.c.i.e.AbstractTransferListenerAdapter - Downloading https://repo.maven.apache.org/maven2/org/mybatis/spring/boot/mybatis-spring-boot-starter-test/4.0.1/mybatis-spring-boot-starter-test-4.0.1.pom
2026-07-22 14:22:53,255 [Worker-3: reload maven project] INFO  o.e.m.c.i.e.AbstractTransferListenerAdapter - Downloaded https://repo.maven.apache.org/maven2/org/mybatis/spring/boot/mybatis-spring-boot-starter-test/4.0.1/mybatis-spring-boot-starter-test-4.0.1.pom
2026-07-22 14:22:53,282 [Worker-3: reload maven project] INFO  o.e.m.c.i.e.AbstractTransferListenerAdapter - Downloading https://repo.maven.apache.org/maven2/org/mybatis/spring/boot/mybatis-spring-boot-test-autoconfigure/4.0.1/mybatis-spring-boot-test-autoconfigure-4.0.1.pom
2026-07-22 14:22:53,285 [Worker-3: reload maven project] INFO  o.e.m.c.i.e.AbstractTransferListenerAdapter - Downloaded https://repo.maven.apache.org/maven2/org/mybatis/spring/boot/mybatis-spring-boot-test-autoconfigure/4.0.1/mybatis-spring-boot-test-autoconfigure-4.0.1.pom
2026-07-22 14:22:53,307 [Worker-3: reload maven project] INFO  o.e.m.c.i.e.AbstractTransferListenerAdapter - Downloading https://repo.maven.apache.org/maven2/org/springframework/boot/spring-boot-jdbc-test/4.0.7/spring-boot-jdbc-test-4.0.7.pom
2026-07-22 14:22:53,310 [Worker-3: reload maven project] INFO  o.e.m.c.i.e.AbstractTransferListenerAdapter - Downloaded https://repo.maven.apache.org/maven2/org/springframework/boot/spring-boot-jdbc-test/4.0.7/spring-boot-jdbc-test-4.0.7.pom
2026-07-22 14:22:53,331 [Worker-3: reload maven project] INFO  o.e.m.c.i.e.AbstractTransferListenerAdapter - Downloading https://repo.maven.apache.org/maven2/org/springframework/boot/spring-boot-cache-test/4.0.7/spring-boot-cache-test-4.0.7.pom
2026-07-22 14:22:53,334 [Worker-3: reload maven project] INFO  o.e.m.c.i.e.AbstractTransferListenerAdapter - Downloaded https://repo.maven.apache.org/maven2/org/springframework/boot/spring-boot-cache-test/4.0.7/spring-boot-cache-test-4.0.7.pom
2026-07-22 14:22:53,363 [Worker-3: reload maven project] INFO  o.e.m.c.i.e.AbstractTransferListenerAdapter - Downloading https://repo.maven.apache.org/maven2/org/springframework/boot/spring-boot-cache/4.0.7/spring-boot-cache-4.0.7.pom
2026-07-22 14:22:53,367 [Worker-3: reload maven project] INFO  o.e.m.c.i.e.AbstractTransferListenerAdapter - Downloaded https://repo.maven.apache.org/maven2/org/springframework/boot/spring-boot-cache/4.0.7/spring-boot-cache-4.0.7.pom
2026-07-22 14:22:53,410 [Worker-3: reload maven project] INFO  o.e.m.c.i.e.AbstractTransferListenerAdapter - Downloading https://repo.maven.apache.org/maven2/org/springframework/spring-context-support/7.0.8/spring-context-support-7.0.8.pom
2026-07-22 14:22:53,413 [Worker-3: reload maven project] INFO  o.e.m.c.i.e.AbstractTransferListenerAdapter - Downloaded https://repo.maven.apache.org/maven2/org/springframework/spring-context-support/7.0.8/spring-context-support-7.0.8.pom
2026-07-22 14:22:53,459 [BasicRepositoryConnector-repo.maven.apache.org-0-4] INFO  o.e.m.c.i.e.AbstractTransferListenerAdapter - Downloading https://repo.maven.apache.org/maven2/ch/qos/logback/logback-core/1.5.34/logback-core-1.5.34.jar
2026-07-22 14:22:53,480 [BasicRepositoryConnector-repo.maven.apache.org-0-2] INFO  o.e.m.c.i.e.AbstractTransferListenerAdapter - Downloading https://repo.maven.apache.org/maven2/org/springframework/boot/spring-boot-starter-logging/4.0.7/spring-boot-starter-logging-4.0.7.jar
2026-07-22 14:22:53,483 [BasicRepositoryConnector-repo.maven.apache.org-0-2] INFO  o.e.m.c.i.e.AbstractTransferListenerAdapter - Downloaded https://repo.maven.apache.org/maven2/org/springframework/boot/spring-boot-starter-logging/4.0.7/spring-boot-starter-logging-4.0.7.jar
2026-07-22 14:22:53,484 [BasicRepositoryConnector-repo.maven.apache.org-0-1] INFO  o.e.m.c.i.e.AbstractTransferListenerAdapter - Downloading https://repo.maven.apache.org/maven2/org/springframework/boot/spring-boot-starter/4.0.7/spring-boot-starter-4.0.7.jar
2026-07-22 14:22:53,484 [BasicRepositoryConnector-repo.maven.apache.org-0-4] INFO  o.e.m.c.i.e.AbstractTransferListenerAdapter - Downloaded https://repo.maven.apache.org/maven2/ch/qos/logback/logback-core/1.5.34/logback-core-1.5.34.jar
2026-07-22 14:22:53,487 [BasicRepositoryConnector-repo.maven.apache.org-0-0] INFO  o.e.m.c.i.e.AbstractTransferListenerAdapter - Downloading https://repo.maven.apache.org/maven2/org/springframework/boot/spring-boot-starter-webmvc/4.0.7/spring-boot-starter-webmvc-4.0.7.jar
2026-07-22 14:22:53,487 [BasicRepositoryConnector-repo.maven.apache.org-0-1] INFO  o.e.m.c.i.e.AbstractTransferListenerAdapter - Downloaded https://repo.maven.apache.org/maven2/org/springframework/boot/spring-boot-starter/4.0.7/spring-boot-starter-4.0.7.jar
2026-07-22 14:22:53,488 [BasicRepositoryConnector-repo.maven.apache.org-0-3] INFO  o.e.m.c.i.e.AbstractTransferListenerAdapter - Downloading https://repo.maven.apache.org/maven2/ch/qos/logback/logback-classic/1.5.34/logback-classic-1.5.34.jar
2026-07-22 14:22:53,490 [BasicRepositoryConnector-repo.maven.apache.org-0-0] INFO  o.e.m.c.i.e.AbstractTransferListenerAdapter - Downloaded https://repo.maven.apache.org/maven2/org/springframework/boot/spring-boot-starter-webmvc/4.0.7/spring-boot-starter-webmvc-4.0.7.jar
2026-07-22 14:22:53,498 [BasicRepositoryConnector-repo.maven.apache.org-0-4] INFO  o.e.m.c.i.e.AbstractTransferListenerAdapter - Downloading https://repo.maven.apache.org/maven2/org/apache/logging/log4j/log4j-api/2.25.4/log4j-api-2.25.4.jar
2026-07-22 14:22:53,499 [BasicRepositoryConnector-repo.maven.apache.org-0-3] INFO  o.e.m.c.i.e.AbstractTransferListenerAdapter - Downloaded https://repo.maven.apache.org/maven2/ch/qos/logback/logback-classic/1.5.34/logback-classic-1.5.34.jar
2026-07-22 14:22:53,502 [BasicRepositoryConnector-repo.maven.apache.org-0-2] INFO  o.e.m.c.i.e.AbstractTransferListenerAdapter - Downloading https://repo.maven.apache.org/maven2/org/apache/logging/log4j/log4j-to-slf4j/2.25.4/log4j-to-slf4j-2.25.4.jar
2026-07-22 14:22:53,505 [BasicRepositoryConnector-repo.maven.apache.org-0-1] INFO  o.e.m.c.i.e.AbstractTransferListenerAdapter - Downloading https://repo.maven.apache.org/maven2/org/slf4j/jul-to-slf4j/2.0.18/jul-to-slf4j-2.0.18.jar
2026-07-22 14:22:53,507 [BasicRepositoryConnector-repo.maven.apache.org-0-2] INFO  o.e.m.c.i.e.AbstractTransferListenerAdapter - Downloaded https://repo.maven.apache.org/maven2/org/apache/logging/log4j/log4j-to-slf4j/2.25.4/log4j-to-slf4j-2.25.4.jar
2026-07-22 14:22:53,508 [BasicRepositoryConnector-repo.maven.apache.org-0-1] INFO  o.e.m.c.i.e.AbstractTransferListenerAdapter - Downloaded https://repo.maven.apache.org/maven2/org/slf4j/jul-to-slf4j/2.0.18/jul-to-slf4j-2.0.18.jar
2026-07-22 14:22:53,508 [BasicRepositoryConnector-repo.maven.apache.org-0-0] INFO  o.e.m.c.i.e.AbstractTransferListenerAdapter - Downloading https://repo.maven.apache.org/maven2/jakarta/annotation/jakarta.annotation-api/3.0.0/jakarta.annotation-api-3.0.0.jar
2026-07-22 14:22:53,514 [BasicRepositoryConnector-repo.maven.apache.org-0-0] INFO  o.e.m.c.i.e.AbstractTransferListenerAdapter - Downloaded https://repo.maven.apache.org/maven2/jakarta/annotation/jakarta.annotation-api/3.0.0/jakarta.annotation-api-3.0.0.jar
2026-07-22 14:22:53,515 [BasicRepositoryConnector-repo.maven.apache.org-0-3] INFO  o.e.m.c.i.e.AbstractTransferListenerAdapter - Downloading https://repo.maven.apache.org/maven2/org/yaml/snakeyaml/2.5/snakeyaml-2.5.jar
2026-07-22 14:22:53,524 [BasicRepositoryConnector-repo.maven.apache.org-0-3] INFO  o.e.m.c.i.e.AbstractTransferListenerAdapter - Downloaded https://repo.maven.apache.org/maven2/org/yaml/snakeyaml/2.5/snakeyaml-2.5.jar
2026-07-22 14:22:53,525 [BasicRepositoryConnector-repo.maven.apache.org-0-1] INFO  o.e.m.c.i.e.AbstractTransferListenerAdapter - Downloading https://repo.maven.apache.org/maven2/org/springframework/boot/spring-boot-jackson/4.0.7/spring-boot-jackson-4.0.7.jar
2026-07-22 14:22:53,525 [BasicRepositoryConnector-repo.maven.apache.org-0-4] INFO  o.e.m.c.i.e.AbstractTransferListenerAdapter - Downloaded https://repo.maven.apache.org/maven2/org/apache/logging/log4j/log4j-api/2.25.4/log4j-api-2.25.4.jar
2026-07-22 14:22:53,528 [BasicRepositoryConnector-repo.maven.apache.org-0-2] INFO  o.e.m.c.i.e.AbstractTransferListenerAdapter - Downloading https://repo.maven.apache.org/maven2/org/springframework/boot/spring-boot-starter-jackson/4.0.7/spring-boot-starter-jackson-4.0.7.jar
2026-07-22 14:22:53,530 [BasicRepositoryConnector-repo.maven.apache.org-0-1] INFO  o.e.m.c.i.e.AbstractTransferListenerAdapter - Downloaded https://repo.maven.apache.org/maven2/org/springframework/boot/spring-boot-jackson/4.0.7/spring-boot-jackson-4.0.7.jar
2026-07-22 14:22:53,531 [BasicRepositoryConnector-repo.maven.apache.org-0-2] INFO  o.e.m.c.i.e.AbstractTransferListenerAdapter - Downloaded https://repo.maven.apache.org/maven2/org/springframework/boot/spring-boot-starter-jackson/4.0.7/spring-boot-starter-jackson-4.0.7.jar
2026-07-22 14:22:53,533 [BasicRepositoryConnector-repo.maven.apache.org-0-0] INFO  o.e.m.c.i.e.AbstractTransferListenerAdapter - Downloading https://repo.maven.apache.org/maven2/tools/jackson/core/jackson-databind/3.1.4/jackson-databind-3.1.4.jar
2026-07-22 14:22:53,541 [BasicRepositoryConnector-repo.maven.apache.org-0-3] INFO  o.e.m.c.i.e.AbstractTransferListenerAdapter - Downloading https://repo.maven.apache.org/maven2/com/fasterxml/jackson/core/jackson-annotations/2.21/jackson-annotations-2.21.jar
2026-07-22 14:22:53,545 [BasicRepositoryConnector-repo.maven.apache.org-0-3] INFO  o.e.m.c.i.e.AbstractTransferListenerAdapter - Downloaded https://repo.maven.apache.org/maven2/com/fasterxml/jackson/core/jackson-annotations/2.21/jackson-annotations-2.21.jar
2026-07-22 14:22:53,555 [BasicRepositoryConnector-repo.maven.apache.org-0-2] INFO  o.e.m.c.i.e.AbstractTransferListenerAdapter - Downloading https://repo.maven.apache.org/maven2/org/springframework/boot/spring-boot-starter-tomcat-runtime/4.0.7/spring-boot-starter-tomcat-runtime-4.0.7.jar
2026-07-22 14:22:53,557 [BasicRepositoryConnector-repo.maven.apache.org-0-4] INFO  o.e.m.c.i.e.AbstractTransferListenerAdapter - Downloading https://repo.maven.apache.org/maven2/tools/jackson/core/jackson-core/3.1.4/jackson-core-3.1.4.jar
2026-07-22 14:22:53,558 [BasicRepositoryConnector-repo.maven.apache.org-0-2] INFO  o.e.m.c.i.e.AbstractTransferListenerAdapter - Downloaded https://repo.maven.apache.org/maven2/org/springframework/boot/spring-boot-starter-tomcat-runtime/4.0.7/spring-boot-starter-tomcat-runtime-4.0.7.jar
2026-07-22 14:22:53,563 [BasicRepositoryConnector-repo.maven.apache.org-0-1] INFO  o.e.m.c.i.e.AbstractTransferListenerAdapter - Downloading https://repo.maven.apache.org/maven2/org/springframework/boot/spring-boot-starter-tomcat/4.0.7/spring-boot-starter-tomcat-4.0.7.jar
2026-07-22 14:22:53,567 [BasicRepositoryConnector-repo.maven.apache.org-0-1] INFO  o.e.m.c.i.e.AbstractTransferListenerAdapter - Downloaded https://repo.maven.apache.org/maven2/org/springframework/boot/spring-boot-starter-tomcat/4.0.7/spring-boot-starter-tomcat-4.0.7.jar
2026-07-22 14:22:53,571 [BasicRepositoryConnector-repo.maven.apache.org-0-3] INFO  o.e.m.c.i.e.AbstractTransferListenerAdapter - Downloading https://repo.maven.apache.org/maven2/org/apache/tomcat/embed/tomcat-embed-core/11.0.22/tomcat-embed-core-11.0.22.jar
2026-07-22 14:22:53,591 [BasicRepositoryConnector-repo.maven.apache.org-0-4] INFO  o.e.m.c.i.e.AbstractTransferListenerAdapter - Downloaded https://repo.maven.apache.org/maven2/tools/jackson/core/jackson-core/3.1.4/jackson-core-3.1.4.jar
2026-07-22 14:22:53,591 [BasicRepositoryConnector-repo.maven.apache.org-0-2] INFO  o.e.m.c.i.e.AbstractTransferListenerAdapter - Downloading https://repo.maven.apache.org/maven2/org/apache/tomcat/embed/tomcat-embed-el/11.0.22/tomcat-embed-el-11.0.22.jar
2026-07-22 14:22:53,601 [BasicRepositoryConnector-repo.maven.apache.org-0-0] INFO  o.e.m.c.i.e.AbstractTransferListenerAdapter - Downloaded https://repo.maven.apache.org/maven2/tools/jackson/core/jackson-databind/3.1.4/jackson-databind-3.1.4.jar
2026-07-22 14:22:53,611 [BasicRepositoryConnector-repo.maven.apache.org-0-1] INFO  o.e.m.c.i.e.AbstractTransferListenerAdapter - Downloading https://repo.maven.apache.org/maven2/org/apache/tomcat/embed/tomcat-embed-websocket/11.0.22/tomcat-embed-websocket-11.0.22.jar
2026-07-22 14:22:53,615 [BasicRepositoryConnector-repo.maven.apache.org-0-2] INFO  o.e.m.c.i.e.AbstractTransferListenerAdapter - Downloaded https://repo.maven.apache.org/maven2/org/apache/tomcat/embed/tomcat-embed-el/11.0.22/tomcat-embed-el-11.0.22.jar
2026-07-22 14:22:53,619 [BasicRepositoryConnector-repo.maven.apache.org-0-4] INFO  o.e.m.c.i.e.AbstractTransferListenerAdapter - Downloading https://repo.maven.apache.org/maven2/org/springframework/boot/spring-boot-tomcat/4.0.7/spring-boot-tomcat-4.0.7.jar
2026-07-22 14:22:53,626 [BasicRepositoryConnector-repo.maven.apache.org-0-4] INFO  o.e.m.c.i.e.AbstractTransferListenerAdapter - Downloaded https://repo.maven.apache.org/maven2/org/springframework/boot/spring-boot-tomcat/4.0.7/spring-boot-tomcat-4.0.7.jar
2026-07-22 14:22:53,634 [BasicRepositoryConnector-repo.maven.apache.org-0-0] INFO  o.e.m.c.i.e.AbstractTransferListenerAdapter - Downloading https://repo.maven.apache.org/maven2/org/springframework/boot/spring-boot-http-converter/4.0.7/spring-boot-http-converter-4.0.7.jar
2026-07-22 14:22:53,637 [BasicRepositoryConnector-repo.maven.apache.org-0-0] INFO  o.e.m.c.i.e.AbstractTransferListenerAdapter - Downloaded https://repo.maven.apache.org/maven2/org/springframework/boot/spring-boot-http-converter/4.0.7/spring-boot-http-converter-4.0.7.jar
2026-07-22 14:22:53,640 [BasicRepositoryConnector-repo.maven.apache.org-0-2] INFO  o.e.m.c.i.e.AbstractTransferListenerAdapter - Downloading https://repo.maven.apache.org/maven2/org/springframework/spring-web/7.0.8/spring-web-7.0.8.jar
2026-07-22 14:22:53,647 [BasicRepositoryConnector-repo.maven.apache.org-0-4] INFO  o.e.m.c.i.e.AbstractTransferListenerAdapter - Downloading https://repo.maven.apache.org/maven2/org/springframework/spring-beans/7.0.8/spring-beans-7.0.8.jar
2026-07-22 14:22:53,660 [BasicRepositoryConnector-repo.maven.apache.org-0-0] INFO  o.e.m.c.i.e.AbstractTransferListenerAdapter - Downloading https://repo.maven.apache.org/maven2/io/micrometer/micrometer-observation/1.16.6/micrometer-observation-1.16.6.jar
2026-07-22 14:22:53,670 [BasicRepositoryConnector-repo.maven.apache.org-0-0] INFO  o.e.m.c.i.e.AbstractTransferListenerAdapter - Downloaded https://repo.maven.apache.org/maven2/io/micrometer/micrometer-observation/1.16.6/micrometer-observation-1.16.6.jar
2026-07-22 14:22:53,670 [BasicRepositoryConnector-repo.maven.apache.org-0-1] INFO  o.e.m.c.i.e.AbstractTransferListenerAdapter - Downloaded https://repo.maven.apache.org/maven2/org/apache/tomcat/embed/tomcat-embed-websocket/11.0.22/tomcat-embed-websocket-11.0.22.jar
2026-07-22 14:22:53,676 [BasicRepositoryConnector-repo.maven.apache.org-0-4] INFO  o.e.m.c.i.e.AbstractTransferListenerAdapter - Downloaded https://repo.maven.apache.org/maven2/org/springframework/spring-beans/7.0.8/spring-beans-7.0.8.jar
2026-07-22 14:22:53,679 [BasicRepositoryConnector-repo.maven.apache.org-0-3] INFO  o.e.m.c.i.e.AbstractTransferListenerAdapter - Downloaded https://repo.maven.apache.org/maven2/org/apache/tomcat/embed/tomcat-embed-core/11.0.22/tomcat-embed-core-11.0.22.jar
2026-07-22 14:22:53,696 [BasicRepositoryConnector-repo.maven.apache.org-0-0] INFO  o.e.m.c.i.e.AbstractTransferListenerAdapter - Downloading https://repo.maven.apache.org/maven2/io/micrometer/micrometer-commons/1.16.6/micrometer-commons-1.16.6.jar
2026-07-22 14:22:53,698 [BasicRepositoryConnector-repo.maven.apache.org-0-0] INFO  o.e.m.c.i.e.AbstractTransferListenerAdapter - Downloaded https://repo.maven.apache.org/maven2/io/micrometer/micrometer-commons/1.16.6/micrometer-commons-1.16.6.jar
2026-07-22 14:22:53,700 [BasicRepositoryConnector-repo.maven.apache.org-0-1] INFO  o.e.m.c.i.e.AbstractTransferListenerAdapter - Downloading https://repo.maven.apache.org/maven2/org/springframework/boot/spring-boot-webmvc/4.0.7/spring-boot-webmvc-4.0.7.jar
2026-07-22 14:22:53,706 [BasicRepositoryConnector-repo.maven.apache.org-0-4] INFO  o.e.m.c.i.e.AbstractTransferListenerAdapter - Downloading https://repo.maven.apache.org/maven2/org/springframework/boot/spring-boot-servlet/4.0.7/spring-boot-servlet-4.0.7.jar
2026-07-22 14:22:53,708 [BasicRepositoryConnector-repo.maven.apache.org-0-3] INFO  o.e.m.c.i.e.AbstractTransferListenerAdapter - Downloading https://repo.maven.apache.org/maven2/org/springframework/spring-webmvc/7.0.8/spring-webmvc-7.0.8.jar
2026-07-22 14:22:53,710 [BasicRepositoryConnector-repo.maven.apache.org-0-4] INFO  o.e.m.c.i.e.AbstractTransferListenerAdapter - Downloaded https://repo.maven.apache.org/maven2/org/springframework/boot/spring-boot-servlet/4.0.7/spring-boot-servlet-4.0.7.jar
2026-07-22 14:22:53,723 [BasicRepositoryConnector-repo.maven.apache.org-0-1] INFO  o.e.m.c.i.e.AbstractTransferListenerAdapter - Downloaded https://repo.maven.apache.org/maven2/org/springframework/boot/spring-boot-webmvc/4.0.7/spring-boot-webmvc-4.0.7.jar
2026-07-22 14:22:53,729 [BasicRepositoryConnector-repo.maven.apache.org-0-0] INFO  o.e.m.c.i.e.AbstractTransferListenerAdapter - Downloading https://repo.maven.apache.org/maven2/org/springframework/spring-aop/7.0.8/spring-aop-7.0.8.jar
2026-07-22 14:22:53,741 [BasicRepositoryConnector-repo.maven.apache.org-0-4] INFO  o.e.m.c.i.e.AbstractTransferListenerAdapter - Downloading https://repo.maven.apache.org/maven2/org/springframework/spring-expression/7.0.8/spring-expression-7.0.8.jar
2026-07-22 14:22:53,742 [BasicRepositoryConnector-repo.maven.apache.org-0-0] INFO  o.e.m.c.i.e.AbstractTransferListenerAdapter - Downloaded https://repo.maven.apache.org/maven2/org/springframework/spring-aop/7.0.8/spring-aop-7.0.8.jar
2026-07-22 14:22:53,743 [BasicRepositoryConnector-repo.maven.apache.org-0-3] INFO  o.e.m.c.i.e.AbstractTransferListenerAdapter - Downloaded https://repo.maven.apache.org/maven2/org/springframework/spring-webmvc/7.0.8/spring-webmvc-7.0.8.jar
2026-07-22 14:22:53,750 [BasicRepositoryConnector-repo.maven.apache.org-0-2] INFO  o.e.m.c.i.e.AbstractTransferListenerAdapter - Downloaded https://repo.maven.apache.org/maven2/org/springframework/spring-web/7.0.8/spring-web-7.0.8.jar
2026-07-22 14:22:53,757 [BasicRepositoryConnector-repo.maven.apache.org-0-1] INFO  o.e.m.c.i.e.AbstractTransferListenerAdapter - Downloading https://repo.maven.apache.org/maven2/org/mybatis/spring/boot/mybatis-spring-boot-starter/4.0.1/mybatis-spring-boot-starter-4.0.1.jar
2026-07-22 14:22:53,759 [BasicRepositoryConnector-repo.maven.apache.org-0-0] INFO  o.e.m.c.i.e.AbstractTransferListenerAdapter - Downloading https://repo.maven.apache.org/maven2/org/springframework/boot/spring-boot-starter-jdbc/4.0.7/spring-boot-starter-jdbc-4.0.7.jar
2026-07-22 14:22:53,759 [BasicRepositoryConnector-repo.maven.apache.org-0-4] INFO  o.e.m.c.i.e.AbstractTransferListenerAdapter - Downloaded https://repo.maven.apache.org/maven2/org/springframework/spring-expression/7.0.8/spring-expression-7.0.8.jar
2026-07-22 14:22:53,760 [BasicRepositoryConnector-repo.maven.apache.org-0-1] INFO  o.e.m.c.i.e.AbstractTransferListenerAdapter - Downloaded https://repo.maven.apache.org/maven2/org/mybatis/spring/boot/mybatis-spring-boot-starter/4.0.1/mybatis-spring-boot-starter-4.0.1.jar
2026-07-22 14:22:53,762 [BasicRepositoryConnector-repo.maven.apache.org-0-0] INFO  o.e.m.c.i.e.AbstractTransferListenerAdapter - Downloaded https://repo.maven.apache.org/maven2/org/springframework/boot/spring-boot-starter-jdbc/4.0.7/spring-boot-starter-jdbc-4.0.7.jar
2026-07-22 14:22:53,778 [BasicRepositoryConnector-repo.maven.apache.org-0-3] INFO  o.e.m.c.i.e.AbstractTransferListenerAdapter - Downloading https://repo.maven.apache.org/maven2/org/springframework/boot/spring-boot-jdbc/4.0.7/spring-boot-jdbc-4.0.7.jar
2026-07-22 14:22:53,781 [BasicRepositoryConnector-repo.maven.apache.org-0-2] INFO  o.e.m.c.i.e.AbstractTransferListenerAdapter - Downloading https://repo.maven.apache.org/maven2/org/springframework/boot/spring-boot-sql/4.0.7/spring-boot-sql-4.0.7.jar
2026-07-22 14:22:53,785 [BasicRepositoryConnector-repo.maven.apache.org-0-2] INFO  o.e.m.c.i.e.AbstractTransferListenerAdapter - Downloaded https://repo.maven.apache.org/maven2/org/springframework/boot/spring-boot-sql/4.0.7/spring-boot-sql-4.0.7.jar
2026-07-22 14:22:53,785 [BasicRepositoryConnector-repo.maven.apache.org-0-1] INFO  o.e.m.c.i.e.AbstractTransferListenerAdapter - Downloading https://repo.maven.apache.org/maven2/org/springframework/boot/spring-boot-persistence/4.0.7/spring-boot-persistence-4.0.7.jar
2026-07-22 14:22:53,788 [BasicRepositoryConnector-repo.maven.apache.org-0-1] INFO  o.e.m.c.i.e.AbstractTransferListenerAdapter - Downloaded https://repo.maven.apache.org/maven2/org/springframework/boot/spring-boot-persistence/4.0.7/spring-boot-persistence-4.0.7.jar
2026-07-22 14:22:53,792 [BasicRepositoryConnector-repo.maven.apache.org-0-3] INFO  o.e.m.c.i.e.AbstractTransferListenerAdapter - Downloaded https://repo.maven.apache.org/maven2/org/springframework/boot/spring-boot-jdbc/4.0.7/spring-boot-jdbc-4.0.7.jar
2026-07-22 14:22:53,792 [BasicRepositoryConnector-repo.maven.apache.org-0-4] INFO  o.e.m.c.i.e.AbstractTransferListenerAdapter - Downloading https://repo.maven.apache.org/maven2/org/springframework/boot/spring-boot-transaction/4.0.7/spring-boot-transaction-4.0.7.jar
2026-07-22 14:22:53,795 [BasicRepositoryConnector-repo.maven.apache.org-0-4] INFO  o.e.m.c.i.e.AbstractTransferListenerAdapter - Downloaded https://repo.maven.apache.org/maven2/org/springframework/boot/spring-boot-transaction/4.0.7/spring-boot-transaction-4.0.7.jar
2026-07-22 14:22:53,798 [BasicRepositoryConnector-repo.maven.apache.org-0-0] INFO  o.e.m.c.i.e.AbstractTransferListenerAdapter - Downloading https://repo.maven.apache.org/maven2/org/springframework/spring-jdbc/7.0.8/spring-jdbc-7.0.8.jar
2026-07-22 14:22:53,817 [BasicRepositoryConnector-repo.maven.apache.org-0-3] INFO  o.e.m.c.i.e.AbstractTransferListenerAdapter - Downloading https://repo.maven.apache.org/maven2/org/mybatis/spring/boot/mybatis-spring-boot-autoconfigure/4.0.1/mybatis-spring-boot-autoconfigure-4.0.1.jar
2026-07-22 14:22:53,818 [BasicRepositoryConnector-repo.maven.apache.org-0-2] INFO  o.e.m.c.i.e.AbstractTransferListenerAdapter - Downloading https://repo.maven.apache.org/maven2/com/zaxxer/HikariCP/7.0.2/HikariCP-7.0.2.jar
2026-07-22 14:22:53,820 [BasicRepositoryConnector-repo.maven.apache.org-0-3] INFO  o.e.m.c.i.e.AbstractTransferListenerAdapter - Downloaded https://repo.maven.apache.org/maven2/org/mybatis/spring/boot/mybatis-spring-boot-autoconfigure/4.0.1/mybatis-spring-boot-autoconfigure-4.0.1.jar
2026-07-22 14:22:53,822 [BasicRepositoryConnector-repo.maven.apache.org-0-2] INFO  o.e.m.c.i.e.AbstractTransferListenerAdapter - Downloaded https://repo.maven.apache.org/maven2/com/zaxxer/HikariCP/7.0.2/HikariCP-7.0.2.jar
2026-07-22 14:22:53,824 [BasicRepositoryConnector-repo.maven.apache.org-0-4] INFO  o.e.m.c.i.e.AbstractTransferListenerAdapter - Downloading https://repo.maven.apache.org/maven2/org/mybatis/mybatis/3.5.19/mybatis-3.5.19.jar
2026-07-22 14:22:53,841 [BasicRepositoryConnector-repo.maven.apache.org-0-0] INFO  o.e.m.c.i.e.AbstractTransferListenerAdapter - Downloaded https://repo.maven.apache.org/maven2/org/springframework/spring-jdbc/7.0.8/spring-jdbc-7.0.8.jar
2026-07-22 14:22:53,849 [BasicRepositoryConnector-repo.maven.apache.org-0-3] INFO  o.e.m.c.i.e.AbstractTransferListenerAdapter - Downloading https://repo.maven.apache.org/maven2/org/mybatis/mybatis-spring/4.0.0/mybatis-spring-4.0.0.jar
2026-07-22 14:22:53,853 [BasicRepositoryConnector-repo.maven.apache.org-0-1] INFO  o.e.m.c.i.e.AbstractTransferListenerAdapter - Downloading https://repo.maven.apache.org/maven2/org/slf4j/slf4j-api/2.0.18/slf4j-api-2.0.18.jar
2026-07-22 14:22:53,853 [BasicRepositoryConnector-repo.maven.apache.org-0-3] INFO  o.e.m.c.i.e.AbstractTransferListenerAdapter - Downloaded https://repo.maven.apache.org/maven2/org/mybatis/mybatis-spring/4.0.0/mybatis-spring-4.0.0.jar
2026-07-22 14:22:53,857 [BasicRepositoryConnector-repo.maven.apache.org-0-1] INFO  o.e.m.c.i.e.AbstractTransferListenerAdapter - Downloaded https://repo.maven.apache.org/maven2/org/slf4j/slf4j-api/2.0.18/slf4j-api-2.0.18.jar
2026-07-22 14:22:53,859 [BasicRepositoryConnector-repo.maven.apache.org-0-2] INFO  o.e.m.c.i.e.AbstractTransferListenerAdapter - Downloading https://repo.maven.apache.org/maven2/org/springframework/boot/spring-boot-devtools/4.0.7/spring-boot-devtools-4.0.7.jar
2026-07-22 14:22:53,863 [BasicRepositoryConnector-repo.maven.apache.org-0-0] INFO  o.e.m.c.i.e.AbstractTransferListenerAdapter - Downloading https://repo.maven.apache.org/maven2/org/springframework/boot/spring-boot/4.0.7/spring-boot-4.0.7.jar
2026-07-22 14:22:53,868 [BasicRepositoryConnector-repo.maven.apache.org-0-2] INFO  o.e.m.c.i.e.AbstractTransferListenerAdapter - Downloaded https://repo.maven.apache.org/maven2/org/springframework/boot/spring-boot-devtools/4.0.7/spring-boot-devtools-4.0.7.jar
2026-07-22 14:22:53,884 [BasicRepositoryConnector-repo.maven.apache.org-0-1] INFO  o.e.m.c.i.e.AbstractTransferListenerAdapter - Downloading https://repo.maven.apache.org/maven2/commons-logging/commons-logging/1.3.6/commons-logging-1.3.6.jar
2026-07-22 14:22:53,892 [BasicRepositoryConnector-repo.maven.apache.org-0-4] INFO  o.e.m.c.i.e.AbstractTransferListenerAdapter - Downloaded https://repo.maven.apache.org/maven2/org/mybatis/mybatis/3.5.19/mybatis-3.5.19.jar
2026-07-22 14:22:53,892 [BasicRepositoryConnector-repo.maven.apache.org-0-1] INFO  o.e.m.c.i.e.AbstractTransferListenerAdapter - Downloaded https://repo.maven.apache.org/maven2/commons-logging/commons-logging/1.3.6/commons-logging-1.3.6.jar
2026-07-22 14:22:53,896 [BasicRepositoryConnector-repo.maven.apache.org-0-2] INFO  o.e.m.c.i.e.AbstractTransferListenerAdapter - Downloading https://repo.maven.apache.org/maven2/org/jspecify/jspecify/1.0.0/jspecify-1.0.0.jar
2026-07-22 14:22:53,899 [BasicRepositoryConnector-repo.maven.apache.org-0-2] INFO  o.e.m.c.i.e.AbstractTransferListenerAdapter - Downloaded https://repo.maven.apache.org/maven2/org/jspecify/jspecify/1.0.0/jspecify-1.0.0.jar
2026-07-22 14:22:53,916 [BasicRepositoryConnector-repo.maven.apache.org-0-4] INFO  o.e.m.c.i.e.AbstractTransferListenerAdapter - Downloading https://repo.maven.apache.org/maven2/org/springframework/spring-context/7.0.8/spring-context-7.0.8.jar
2026-07-22 14:22:53,926 [BasicRepositoryConnector-repo.maven.apache.org-0-1] INFO  o.e.m.c.i.e.AbstractTransferListenerAdapter - Downloading https://repo.maven.apache.org/maven2/org/springframework/boot/spring-boot-autoconfigure/4.0.7/spring-boot-autoconfigure-4.0.7.jar
2026-07-22 14:22:53,927 [BasicRepositoryConnector-repo.maven.apache.org-0-2] INFO  o.e.m.c.i.e.AbstractTransferListenerAdapter - Downloading https://repo.maven.apache.org/maven2/com/mysql/mysql-connector-j/9.7.0/mysql-connector-j-9.7.0.jar
2026-07-22 14:22:53,933 [BasicRepositoryConnector-repo.maven.apache.org-0-0] INFO  o.e.m.c.i.e.AbstractTransferListenerAdapter - Downloaded https://repo.maven.apache.org/maven2/org/springframework/boot/spring-boot/4.0.7/spring-boot-4.0.7.jar
2026-07-22 14:22:53,937 [BasicRepositoryConnector-repo.maven.apache.org-0-1] INFO  o.e.m.c.i.e.AbstractTransferListenerAdapter - Downloaded https://repo.maven.apache.org/maven2/org/springframework/boot/spring-boot-autoconfigure/4.0.7/spring-boot-autoconfigure-4.0.7.jar
2026-07-22 14:22:53,949 [BasicRepositoryConnector-repo.maven.apache.org-0-3] INFO  o.e.m.c.i.e.AbstractTransferListenerAdapter - Downloading https://repo.maven.apache.org/maven2/org/springframework/spring-core/7.0.8/spring-core-7.0.8.jar
2026-07-22 14:22:53,962 [BasicRepositoryConnector-repo.maven.apache.org-0-0] INFO  o.e.m.c.i.e.AbstractTransferListenerAdapter - Downloading https://repo.maven.apache.org/maven2/org/projectlombok/lombok/1.18.46/lombok-1.18.46.jar
2026-07-22 14:22:53,970 [BasicRepositoryConnector-repo.maven.apache.org-0-1] INFO  o.e.m.c.i.e.AbstractTransferListenerAdapter - Downloading https://repo.maven.apache.org/maven2/org/springframework/boot/spring-boot-starter-webmvc-test/4.0.7/spring-boot-starter-webmvc-test-4.0.7.jar
2026-07-22 14:22:53,972 [BasicRepositoryConnector-repo.maven.apache.org-0-1] INFO  o.e.m.c.i.e.AbstractTransferListenerAdapter - Downloaded https://repo.maven.apache.org/maven2/org/springframework/boot/spring-boot-starter-webmvc-test/4.0.7/spring-boot-starter-webmvc-test-4.0.7.jar
2026-07-22 14:22:54,019 [BasicRepositoryConnector-repo.maven.apache.org-0-3] INFO  o.e.m.c.i.e.AbstractTransferListenerAdapter - Downloaded https://repo.maven.apache.org/maven2/org/springframework/spring-core/7.0.8/spring-core-7.0.8.jar
2026-07-22 14:22:54,065 [BasicRepositoryConnector-repo.maven.apache.org-0-1] INFO  o.e.m.c.i.e.AbstractTransferListenerAdapter - Downloading https://repo.maven.apache.org/maven2/org/springframework/boot/spring-boot-starter-jackson-test/4.0.7/spring-boot-starter-jackson-test-4.0.7.jar
2026-07-22 14:22:54,069 [BasicRepositoryConnector-repo.maven.apache.org-0-1] INFO  o.e.m.c.i.e.AbstractTransferListenerAdapter - Downloaded https://repo.maven.apache.org/maven2/org/springframework/boot/spring-boot-starter-jackson-test/4.0.7/spring-boot-starter-jackson-test-4.0.7.jar
2026-07-22 14:22:54,083 [BasicRepositoryConnector-repo.maven.apache.org-0-1] INFO  o.e.m.c.i.e.AbstractTransferListenerAdapter - Downloading https://repo.maven.apache.org/maven2/org/springframework/boot/spring-boot-test/4.0.7/spring-boot-test-4.0.7.jar
2026-07-22 14:22:54,095 [BasicRepositoryConnector-repo.maven.apache.org-0-1] INFO  o.e.m.c.i.e.AbstractTransferListenerAdapter - Downloaded https://repo.maven.apache.org/maven2/org/springframework/boot/spring-boot-test/4.0.7/spring-boot-test-4.0.7.jar
2026-07-22 14:22:54,097 [BasicRepositoryConnector-repo.maven.apache.org-0-4] INFO  o.e.m.c.i.e.AbstractTransferListenerAdapter - Downloaded https://repo.maven.apache.org/maven2/org/springframework/spring-context/7.0.8/spring-context-7.0.8.jar
2026-07-22 14:22:54,098 [BasicRepositoryConnector-repo.maven.apache.org-0-2] INFO  o.e.m.c.i.e.AbstractTransferListenerAdapter - Downloaded https://repo.maven.apache.org/maven2/com/mysql/mysql-connector-j/9.7.0/mysql-connector-j-9.7.0.jar
2026-07-22 14:22:54,113 [BasicRepositoryConnector-repo.maven.apache.org-0-1] INFO  o.e.m.c.i.e.AbstractTransferListenerAdapter - Downloading https://repo.maven.apache.org/maven2/org/springframework/boot/spring-boot-test-autoconfigure/4.0.7/spring-boot-test-autoconfigure-4.0.7.jar
2026-07-22 14:22:54,116 [BasicRepositoryConnector-repo.maven.apache.org-0-4] INFO  o.e.m.c.i.e.AbstractTransferListenerAdapter - Downloading https://repo.maven.apache.org/maven2/com/jayway/jsonpath/json-path/2.10.0/json-path-2.10.0.jar
2026-07-22 14:22:54,116 [BasicRepositoryConnector-repo.maven.apache.org-0-1] INFO  o.e.m.c.i.e.AbstractTransferListenerAdapter - Downloaded https://repo.maven.apache.org/maven2/org/springframework/boot/spring-boot-test-autoconfigure/4.0.7/spring-boot-test-autoconfigure-4.0.7.jar
2026-07-22 14:22:54,121 [BasicRepositoryConnector-repo.maven.apache.org-0-2] INFO  o.e.m.c.i.e.AbstractTransferListenerAdapter - Downloading https://repo.maven.apache.org/maven2/jakarta/xml/bind/jakarta.xml.bind-api/4.0.5/jakarta.xml.bind-api-4.0.5.jar
2026-07-22 14:22:54,128 [BasicRepositoryConnector-repo.maven.apache.org-0-2] INFO  o.e.m.c.i.e.AbstractTransferListenerAdapter - Downloaded https://repo.maven.apache.org/maven2/jakarta/xml/bind/jakarta.xml.bind-api/4.0.5/jakarta.xml.bind-api-4.0.5.jar
2026-07-22 14:22:54,129 [BasicRepositoryConnector-repo.maven.apache.org-0-4] INFO  o.e.m.c.i.e.AbstractTransferListenerAdapter - Downloaded https://repo.maven.apache.org/maven2/com/jayway/jsonpath/json-path/2.10.0/json-path-2.10.0.jar
2026-07-22 14:22:54,130 [BasicRepositoryConnector-repo.maven.apache.org-0-1] INFO  o.e.m.c.i.e.AbstractTransferListenerAdapter - Downloading https://repo.maven.apache.org/maven2/jakarta/activation/jakarta.activation-api/2.1.4/jakarta.activation-api-2.1.4.jar
2026-07-22 14:22:54,134 [BasicRepositoryConnector-repo.maven.apache.org-0-0] INFO  o.e.m.c.i.e.AbstractTransferListenerAdapter - Downloaded https://repo.maven.apache.org/maven2/org/projectlombok/lombok/1.18.46/lombok-1.18.46.jar
2026-07-22 14:22:54,134 [BasicRepositoryConnector-repo.maven.apache.org-0-1] INFO  o.e.m.c.i.e.AbstractTransferListenerAdapter - Downloaded https://repo.maven.apache.org/maven2/jakarta/activation/jakarta.activation-api/2.1.4/jakarta.activation-api-2.1.4.jar
2026-07-22 14:22:54,145 [BasicRepositoryConnector-repo.maven.apache.org-0-4] INFO  o.e.m.c.i.e.AbstractTransferListenerAdapter - Downloading https://repo.maven.apache.org/maven2/net/minidev/accessors-smart/2.6.0/accessors-smart-2.6.0.jar
2026-07-22 14:22:54,148 [BasicRepositoryConnector-repo.maven.apache.org-0-4] INFO  o.e.m.c.i.e.AbstractTransferListenerAdapter - Downloaded https://repo.maven.apache.org/maven2/net/minidev/accessors-smart/2.6.0/accessors-smart-2.6.0.jar
2026-07-22 14:22:54,148 [BasicRepositoryConnector-repo.maven.apache.org-0-0] INFO  o.e.m.c.i.e.AbstractTransferListenerAdapter - Downloading https://repo.maven.apache.org/maven2/org/ow2/asm/asm/9.7.1/asm-9.7.1.jar
2026-07-22 14:22:54,150 [BasicRepositoryConnector-repo.maven.apache.org-0-1] INFO  o.e.m.c.i.e.AbstractTransferListenerAdapter - Downloading https://repo.maven.apache.org/maven2/org/assertj/assertj-core/3.27.7/assertj-core-3.27.7.jar
2026-07-22 14:22:54,150 [BasicRepositoryConnector-repo.maven.apache.org-0-2] INFO  o.e.m.c.i.e.AbstractTransferListenerAdapter - Downloading https://repo.maven.apache.org/maven2/net/minidev/json-smart/2.6.0/json-smart-2.6.0.jar
2026-07-22 14:22:54,155 [BasicRepositoryConnector-repo.maven.apache.org-0-0] INFO  o.e.m.c.i.e.AbstractTransferListenerAdapter - Downloaded https://repo.maven.apache.org/maven2/org/ow2/asm/asm/9.7.1/asm-9.7.1.jar
2026-07-22 14:22:54,156 [BasicRepositoryConnector-repo.maven.apache.org-0-2] INFO  o.e.m.c.i.e.AbstractTransferListenerAdapter - Downloaded https://repo.maven.apache.org/maven2/net/minidev/json-smart/2.6.0/json-smart-2.6.0.jar
2026-07-22 14:22:54,166 [BasicRepositoryConnector-repo.maven.apache.org-0-4] INFO  o.e.m.c.i.e.AbstractTransferListenerAdapter - Downloading https://repo.maven.apache.org/maven2/net/bytebuddy/byte-buddy/1.17.8/byte-buddy-1.17.8.jar
2026-07-22 14:22:54,172 [BasicRepositoryConnector-repo.maven.apache.org-0-2] INFO  o.e.m.c.i.e.AbstractTransferListenerAdapter - Downloading https://repo.maven.apache.org/maven2/org/hamcrest/hamcrest/3.0/hamcrest-3.0.jar
2026-07-22 14:22:54,179 [BasicRepositoryConnector-repo.maven.apache.org-0-0] INFO  o.e.m.c.i.e.AbstractTransferListenerAdapter - Downloading https://repo.maven.apache.org/maven2/org/awaitility/awaitility/4.3.0/awaitility-4.3.0.jar
2026-07-22 14:22:54,179 [BasicRepositoryConnector-repo.maven.apache.org-0-2] INFO  o.e.m.c.i.e.AbstractTransferListenerAdapter - Downloaded https://repo.maven.apache.org/maven2/org/hamcrest/hamcrest/3.0/hamcrest-3.0.jar
2026-07-22 14:22:54,183 [BasicRepositoryConnector-repo.maven.apache.org-0-0] INFO  o.e.m.c.i.e.AbstractTransferListenerAdapter - Downloaded https://repo.maven.apache.org/maven2/org/awaitility/awaitility/4.3.0/awaitility-4.3.0.jar
2026-07-22 14:22:54,199 [BasicRepositoryConnector-repo.maven.apache.org-0-0] INFO  o.e.m.c.i.e.AbstractTransferListenerAdapter - Downloading https://repo.maven.apache.org/maven2/org/junit/jupiter/junit-jupiter-api/6.0.3/junit-jupiter-api-6.0.3.jar
2026-07-22 14:22:54,209 [BasicRepositoryConnector-repo.maven.apache.org-0-0] INFO  o.e.m.c.i.e.AbstractTransferListenerAdapter - Downloaded https://repo.maven.apache.org/maven2/org/junit/jupiter/junit-jupiter-api/6.0.3/junit-jupiter-api-6.0.3.jar
2026-07-22 14:22:54,212 [BasicRepositoryConnector-repo.maven.apache.org-0-2] INFO  o.e.m.c.i.e.AbstractTransferListenerAdapter - Downloading https://repo.maven.apache.org/maven2/org/junit/jupiter/junit-jupiter/6.0.3/junit-jupiter-6.0.3.jar
2026-07-22 14:22:54,214 [BasicRepositoryConnector-repo.maven.apache.org-0-2] INFO  o.e.m.c.i.e.AbstractTransferListenerAdapter - Downloaded https://repo.maven.apache.org/maven2/org/junit/jupiter/junit-jupiter/6.0.3/junit-jupiter-6.0.3.jar
2026-07-22 14:22:54,220 [BasicRepositoryConnector-repo.maven.apache.org-0-1] INFO  o.e.m.c.i.e.AbstractTransferListenerAdapter - Downloaded https://repo.maven.apache.org/maven2/org/assertj/assertj-core/3.27.7/assertj-core-3.27.7.jar
2026-07-22 14:22:54,228 [BasicRepositoryConnector-repo.maven.apache.org-0-0] INFO  o.e.m.c.i.e.AbstractTransferListenerAdapter - Downloading https://repo.maven.apache.org/maven2/org/opentest4j/opentest4j/1.3.0/opentest4j-1.3.0.jar
2026-07-22 14:22:54,232 [BasicRepositoryConnector-repo.maven.apache.org-0-0] INFO  o.e.m.c.i.e.AbstractTransferListenerAdapter - Downloaded https://repo.maven.apache.org/maven2/org/opentest4j/opentest4j/1.3.0/opentest4j-1.3.0.jar
2026-07-22 14:22:54,247 [BasicRepositoryConnector-repo.maven.apache.org-0-2] INFO  o.e.m.c.i.e.AbstractTransferListenerAdapter - Downloading https://repo.maven.apache.org/maven2/org/junit/platform/junit-platform-commons/6.0.3/junit-platform-commons-6.0.3.jar
2026-07-22 14:22:54,248 [BasicRepositoryConnector-repo.maven.apache.org-0-0] INFO  o.e.m.c.i.e.AbstractTransferListenerAdapter - Downloading https://repo.maven.apache.org/maven2/org/junit/jupiter/junit-jupiter-params/6.0.3/junit-jupiter-params-6.0.3.jar
2026-07-22 14:22:54,249 [BasicRepositoryConnector-repo.maven.apache.org-0-1] INFO  o.e.m.c.i.e.AbstractTransferListenerAdapter - Downloading https://repo.maven.apache.org/maven2/org/apiguardian/apiguardian-api/1.1.2/apiguardian-api-1.1.2.jar
2026-07-22 14:22:54,251 [BasicRepositoryConnector-repo.maven.apache.org-0-1] INFO  o.e.m.c.i.e.AbstractTransferListenerAdapter - Downloaded https://repo.maven.apache.org/maven2/org/apiguardian/apiguardian-api/1.1.2/apiguardian-api-1.1.2.jar
2026-07-22 14:22:54,258 [BasicRepositoryConnector-repo.maven.apache.org-0-2] INFO  o.e.m.c.i.e.AbstractTransferListenerAdapter - Downloaded https://repo.maven.apache.org/maven2/org/junit/platform/junit-platform-commons/6.0.3/junit-platform-commons-6.0.3.jar
2026-07-22 14:22:54,260 [BasicRepositoryConnector-repo.maven.apache.org-0-0] INFO  o.e.m.c.i.e.AbstractTransferListenerAdapter - Downloaded https://repo.maven.apache.org/maven2/org/junit/jupiter/junit-jupiter-params/6.0.3/junit-jupiter-params-6.0.3.jar
2026-07-22 14:22:54,271 [BasicRepositoryConnector-repo.maven.apache.org-0-1] INFO  o.e.m.c.i.e.AbstractTransferListenerAdapter - Downloading https://repo.maven.apache.org/maven2/org/junit/jupiter/junit-jupiter-engine/6.0.3/junit-jupiter-engine-6.0.3.jar
2026-07-22 14:22:54,274 [BasicRepositoryConnector-repo.maven.apache.org-0-2] INFO  o.e.m.c.i.e.AbstractTransferListenerAdapter - Downloading https://repo.maven.apache.org/maven2/org/junit/platform/junit-platform-engine/6.0.3/junit-platform-engine-6.0.3.jar
2026-07-22 14:22:54,281 [BasicRepositoryConnector-repo.maven.apache.org-0-0] INFO  o.e.m.c.i.e.AbstractTransferListenerAdapter - Downloading https://repo.maven.apache.org/maven2/org/mockito/mockito-core/5.20.0/mockito-core-5.20.0.jar
2026-07-22 14:22:54,284 [BasicRepositoryConnector-repo.maven.apache.org-0-2] INFO  o.e.m.c.i.e.AbstractTransferListenerAdapter - Downloaded https://repo.maven.apache.org/maven2/org/junit/platform/junit-platform-engine/6.0.3/junit-platform-engine-6.0.3.jar
2026-07-22 14:22:54,295 [BasicRepositoryConnector-repo.maven.apache.org-0-1] INFO  o.e.m.c.i.e.AbstractTransferListenerAdapter - Downloaded https://repo.maven.apache.org/maven2/org/junit/jupiter/junit-jupiter-engine/6.0.3/junit-jupiter-engine-6.0.3.jar
2026-07-22 14:22:54,305 [BasicRepositoryConnector-repo.maven.apache.org-0-2] INFO  o.e.m.c.i.e.AbstractTransferListenerAdapter - Downloading https://repo.maven.apache.org/maven2/net/bytebuddy/byte-buddy-agent/1.17.8/byte-buddy-agent-1.17.8.jar
2026-07-22 14:22:54,312 [BasicRepositoryConnector-repo.maven.apache.org-0-0] INFO  o.e.m.c.i.e.AbstractTransferListenerAdapter - Downloaded https://repo.maven.apache.org/maven2/org/mockito/mockito-core/5.20.0/mockito-core-5.20.0.jar
2026-07-22 14:22:54,316 [BasicRepositoryConnector-repo.maven.apache.org-0-2] INFO  o.e.m.c.i.e.AbstractTransferListenerAdapter - Downloaded https://repo.maven.apache.org/maven2/net/bytebuddy/byte-buddy-agent/1.17.8/byte-buddy-agent-1.17.8.jar
2026-07-22 14:22:54,320 [BasicRepositoryConnector-repo.maven.apache.org-0-1] INFO  o.e.m.c.i.e.AbstractTransferListenerAdapter - Downloading https://repo.maven.apache.org/maven2/org/objenesis/objenesis/3.3/objenesis-3.3.jar
2026-07-22 14:22:54,325 [BasicRepositoryConnector-repo.maven.apache.org-0-3] INFO  o.e.m.c.i.e.AbstractTransferListenerAdapter - Downloading https://repo.maven.apache.org/maven2/org/springframework/boot/spring-boot-starter-test/4.0.7/spring-boot-starter-test-4.0.7.jar
2026-07-22 14:22:54,325 [BasicRepositoryConnector-repo.maven.apache.org-0-1] INFO  o.e.m.c.i.e.AbstractTransferListenerAdapter - Downloaded https://repo.maven.apache.org/maven2/org/objenesis/objenesis/3.3/objenesis-3.3.jar
2026-07-22 14:22:54,328 [BasicRepositoryConnector-repo.maven.apache.org-0-3] INFO  o.e.m.c.i.e.AbstractTransferListenerAdapter - Downloaded https://repo.maven.apache.org/maven2/org/springframework/boot/spring-boot-starter-test/4.0.7/spring-boot-starter-test-4.0.7.jar
2026-07-22 14:22:54,333 [BasicRepositoryConnector-repo.maven.apache.org-0-0] INFO  o.e.m.c.i.e.AbstractTransferListenerAdapter - Downloading https://repo.maven.apache.org/maven2/org/mockito/mockito-junit-jupiter/5.20.0/mockito-junit-jupiter-5.20.0.jar
2026-07-22 14:22:54,334 [BasicRepositoryConnector-repo.maven.apache.org-0-2] INFO  o.e.m.c.i.e.AbstractTransferListenerAdapter - Downloading https://repo.maven.apache.org/maven2/org/skyscreamer/jsonassert/1.5.3/jsonassert-1.5.3.jar
2026-07-22 14:22:54,337 [BasicRepositoryConnector-repo.maven.apache.org-0-2] INFO  o.e.m.c.i.e.AbstractTransferListenerAdapter - Downloaded https://repo.maven.apache.org/maven2/org/skyscreamer/jsonassert/1.5.3/jsonassert-1.5.3.jar
2026-07-22 14:22:54,338 [BasicRepositoryConnector-repo.maven.apache.org-0-0] INFO  o.e.m.c.i.e.AbstractTransferListenerAdapter - Downloaded https://repo.maven.apache.org/maven2/org/mockito/mockito-junit-jupiter/5.20.0/mockito-junit-jupiter-5.20.0.jar
2026-07-22 14:22:54,342 [BasicRepositoryConnector-repo.maven.apache.org-0-1] INFO  o.e.m.c.i.e.AbstractTransferListenerAdapter - Downloading https://repo.maven.apache.org/maven2/com/vaadin/external/google/android-json/0.0.20131108.vaadin1/android-json-0.0.20131108.vaadin1.jar
2026-07-22 14:22:54,345 [BasicRepositoryConnector-repo.maven.apache.org-0-3] INFO  o.e.m.c.i.e.AbstractTransferListenerAdapter - Downloading https://repo.maven.apache.org/maven2/org/springframework/spring-test/7.0.8/spring-test-7.0.8.jar
2026-07-22 14:22:54,346 [BasicRepositoryConnector-repo.maven.apache.org-0-1] INFO  o.e.m.c.i.e.AbstractTransferListenerAdapter - Downloaded https://repo.maven.apache.org/maven2/com/vaadin/external/google/android-json/0.0.20131108.vaadin1/android-json-0.0.20131108.vaadin1.jar
2026-07-22 14:22:54,355 [BasicRepositoryConnector-repo.maven.apache.org-0-2] INFO  o.e.m.c.i.e.AbstractTransferListenerAdapter - Downloading https://repo.maven.apache.org/maven2/org/xmlunit/xmlunit-core/2.10.4/xmlunit-core-2.10.4.jar
2026-07-22 14:22:54,358 [BasicRepositoryConnector-repo.maven.apache.org-0-0] INFO  o.e.m.c.i.e.AbstractTransferListenerAdapter - Downloading https://repo.maven.apache.org/maven2/org/springframework/boot/spring-boot-webmvc-test/4.0.7/spring-boot-webmvc-test-4.0.7.jar
2026-07-22 14:22:54,361 [BasicRepositoryConnector-repo.maven.apache.org-0-0] INFO  o.e.m.c.i.e.AbstractTransferListenerAdapter - Downloaded https://repo.maven.apache.org/maven2/org/springframework/boot/spring-boot-webmvc-test/4.0.7/spring-boot-webmvc-test-4.0.7.jar
2026-07-22 14:22:54,365 [BasicRepositoryConnector-repo.maven.apache.org-0-2] INFO  o.e.m.c.i.e.AbstractTransferListenerAdapter - Downloaded https://repo.maven.apache.org/maven2/org/xmlunit/xmlunit-core/2.10.4/xmlunit-core-2.10.4.jar
2026-07-22 14:22:54,365 [BasicRepositoryConnector-repo.maven.apache.org-0-1] INFO  o.e.m.c.i.e.AbstractTransferListenerAdapter - Downloading https://repo.maven.apache.org/maven2/org/springframework/boot/spring-boot-web-server/4.0.7/spring-boot-web-server-4.0.7.jar
2026-07-22 14:22:54,372 [BasicRepositoryConnector-repo.maven.apache.org-0-1] INFO  o.e.m.c.i.e.AbstractTransferListenerAdapter - Downloaded https://repo.maven.apache.org/maven2/org/springframework/boot/spring-boot-web-server/4.0.7/spring-boot-web-server-4.0.7.jar
2026-07-22 14:22:54,384 [BasicRepositoryConnector-repo.maven.apache.org-0-0] INFO  o.e.m.c.i.e.AbstractTransferListenerAdapter - Downloading https://repo.maven.apache.org/maven2/org/springframework/boot/spring-boot-resttestclient/4.0.7/spring-boot-resttestclient-4.0.7.jar
2026-07-22 14:22:54,387 [BasicRepositoryConnector-repo.maven.apache.org-0-2] INFO  o.e.m.c.i.e.AbstractTransferListenerAdapter - Downloading https://repo.maven.apache.org/maven2/org/mybatis/spring/boot/mybatis-spring-boot-starter-test/4.0.1/mybatis-spring-boot-starter-test-4.0.1.jar
2026-07-22 14:22:54,390 [BasicRepositoryConnector-repo.maven.apache.org-0-0] INFO  o.e.m.c.i.e.AbstractTransferListenerAdapter - Downloaded https://repo.maven.apache.org/maven2/org/springframework/boot/spring-boot-resttestclient/4.0.7/spring-boot-resttestclient-4.0.7.jar
2026-07-22 14:22:54,390 [BasicRepositoryConnector-repo.maven.apache.org-0-2] INFO  o.e.m.c.i.e.AbstractTransferListenerAdapter - Downloaded https://repo.maven.apache.org/maven2/org/mybatis/spring/boot/mybatis-spring-boot-starter-test/4.0.1/mybatis-spring-boot-starter-test-4.0.1.jar
2026-07-22 14:22:54,395 [BasicRepositoryConnector-repo.maven.apache.org-0-1] INFO  o.e.m.c.i.e.AbstractTransferListenerAdapter - Downloading https://repo.maven.apache.org/maven2/org/mybatis/spring/boot/mybatis-spring-boot-test-autoconfigure/4.0.1/mybatis-spring-boot-test-autoconfigure-4.0.1.jar
2026-07-22 14:22:54,398 [BasicRepositoryConnector-repo.maven.apache.org-0-1] INFO  o.e.m.c.i.e.AbstractTransferListenerAdapter - Downloaded https://repo.maven.apache.org/maven2/org/mybatis/spring/boot/mybatis-spring-boot-test-autoconfigure/4.0.1/mybatis-spring-boot-test-autoconfigure-4.0.1.jar
2026-07-22 14:22:54,399 [BasicRepositoryConnector-repo.maven.apache.org-0-3] INFO  o.e.m.c.i.e.AbstractTransferListenerAdapter - Downloaded https://repo.maven.apache.org/maven2/org/springframework/spring-test/7.0.8/spring-test-7.0.8.jar
2026-07-22 14:22:54,412 [BasicRepositoryConnector-repo.maven.apache.org-0-0] INFO  o.e.m.c.i.e.AbstractTransferListenerAdapter - Downloading https://repo.maven.apache.org/maven2/org/springframework/boot/spring-boot-jdbc-test/4.0.7/spring-boot-jdbc-test-4.0.7.jar
2026-07-22 14:22:54,414 [BasicRepositoryConnector-repo.maven.apache.org-0-2] INFO  o.e.m.c.i.e.AbstractTransferListenerAdapter - Downloading https://repo.maven.apache.org/maven2/org/springframework/boot/spring-boot-cache-test/4.0.7/spring-boot-cache-test-4.0.7.jar
2026-07-22 14:22:54,415 [BasicRepositoryConnector-repo.maven.apache.org-0-0] INFO  o.e.m.c.i.e.AbstractTransferListenerAdapter - Downloaded https://repo.maven.apache.org/maven2/org/springframework/boot/spring-boot-jdbc-test/4.0.7/spring-boot-jdbc-test-4.0.7.jar
2026-07-22 14:22:54,416 [BasicRepositoryConnector-repo.maven.apache.org-0-2] INFO  o.e.m.c.i.e.AbstractTransferListenerAdapter - Downloaded https://repo.maven.apache.org/maven2/org/springframework/boot/spring-boot-cache-test/4.0.7/spring-boot-cache-test-4.0.7.jar
2026-07-22 14:22:54,423 [BasicRepositoryConnector-repo.maven.apache.org-0-3] INFO  o.e.m.c.i.e.AbstractTransferListenerAdapter - Downloading https://repo.maven.apache.org/maven2/org/springframework/spring-context-support/7.0.8/spring-context-support-7.0.8.jar
2026-07-22 14:22:54,428 [BasicRepositoryConnector-repo.maven.apache.org-0-1] INFO  o.e.m.c.i.e.AbstractTransferListenerAdapter - Downloading https://repo.maven.apache.org/maven2/org/springframework/boot/spring-boot-cache/4.0.7/spring-boot-cache-4.0.7.jar
2026-07-22 14:22:54,432 [BasicRepositoryConnector-repo.maven.apache.org-0-1] INFO  o.e.m.c.i.e.AbstractTransferListenerAdapter - Downloaded https://repo.maven.apache.org/maven2/org/springframework/boot/spring-boot-cache/4.0.7/spring-boot-cache-4.0.7.jar
2026-07-22 14:22:54,439 [BasicRepositoryConnector-repo.maven.apache.org-0-4] INFO  o.e.m.c.i.e.AbstractTransferListenerAdapter - Downloaded https://repo.maven.apache.org/maven2/net/bytebuddy/byte-buddy/1.17.8/byte-buddy-1.17.8.jar
2026-07-22 14:22:54,551 [BasicRepositoryConnector-repo.maven.apache.org-0-3] INFO  o.e.m.c.i.e.AbstractTransferListenerAdapter - Downloaded https://repo.maven.apache.org/maven2/org/springframework/spring-context-support/7.0.8/spring-context-support-7.0.8.jar
2026-07-22 14:22:54,564 [BasicRepositoryConnector-repo.maven.apache.org-0-0] INFO  o.e.m.c.i.e.AbstractTransferListenerAdapter - Downloading https://repo.maven.apache.org/maven2/org/springframework/spring-tx/7.0.8/spring-tx-7.0.8.jar
2026-07-22 14:22:54,568 [BasicRepositoryConnector-repo.maven.apache.org-0-0] INFO  o.e.m.c.i.e.AbstractTransferListenerAdapter - Downloaded https://repo.maven.apache.org/maven2/org/springframework/spring-tx/7.0.8/spring-tx-7.0.8.jar
2026-07-22 14:44:37,249 [Worker-2: Loading available Gradle versions] INFO  o.e.b.c.i.u.g.PublishedGradleVersions - Gradle version information cache is up-to-date. Trying to read.
2026-07-22 14:55:50,083 [Worker-42: Importing Maven projects] INFO  o.e.m.c.i.e.AbstractTransferListenerAdapter - Downloading https://repo.maven.apache.org/maven2/org/springframework/boot/spring-boot-maven-plugin/4.0.7/spring-boot-maven-plugin-4.0.7.pom
2026-07-22 14:55:50,093 [Worker-42: Importing Maven projects] INFO  o.e.m.c.i.e.AbstractTransferListenerAdapter - Downloaded https://repo.maven.apache.org/maven2/org/springframework/boot/spring-boot-maven-plugin/4.0.7/spring-boot-maven-plugin-4.0.7.pom
2026-07-22 14:55:50,120 [Worker-42: Importing Maven projects] INFO  o.e.m.c.i.e.AbstractTransferListenerAdapter - Downloading https://repo.maven.apache.org/maven2/org/springframework/boot/spring-boot-maven-plugin/4.0.7/spring-boot-maven-plugin-4.0.7.jar
2026-07-22 14:55:50,140 [Worker-42: Importing Maven projects] INFO  o.e.m.c.i.e.AbstractTransferListenerAdapter - Downloaded https://repo.maven.apache.org/maven2/org/springframework/boot/spring-boot-maven-plugin/4.0.7/spring-boot-maven-plugin-4.0.7.jar
2026-07-22 14:55:50,194 [Worker-42: Importing Maven projects] INFO  o.e.m.c.i.e.AbstractTransferListenerAdapter - Downloading https://repo.maven.apache.org/maven2/org/apache/maven/plugins/maven-clean-plugin/3.5.0/maven-clean-plugin-3.5.0.jar
2026-07-22 14:55:50,199 [Worker-42: Importing Maven projects] INFO  o.e.m.c.i.e.AbstractTransferListenerAdapter - Downloaded https://repo.maven.apache.org/maven2/org/apache/maven/plugins/maven-clean-plugin/3.5.0/maven-clean-plugin-3.5.0.jar
2026-07-22 14:55:50,222 [Worker-42: Importing Maven projects] INFO  o.e.m.c.i.e.AbstractTransferListenerAdapter - Downloading https://repo.maven.apache.org/maven2/org/apache/maven/plugins/maven-resources-plugin/3.3.1/maven-resources-plugin-3.3.1.jar
2026-07-22 14:55:50,228 [Worker-42: Importing Maven projects] INFO  o.e.m.c.i.e.AbstractTransferListenerAdapter - Downloaded https://repo.maven.apache.org/maven2/org/apache/maven/plugins/maven-resources-plugin/3.3.1/maven-resources-plugin-3.3.1.jar
2026-07-22 14:55:50,248 [Worker-42: Importing Maven projects] INFO  o.e.m.c.i.e.AbstractTransferListenerAdapter - Downloading https://repo.maven.apache.org/maven2/org/apache/maven/plugins/maven-compiler-plugin/3.14.1/maven-compiler-plugin-3.14.1.jar
2026-07-22 14:55:50,255 [Worker-42: Importing Maven projects] INFO  o.e.m.c.i.e.AbstractTransferListenerAdapter - Downloaded https://repo.maven.apache.org/maven2/org/apache/maven/plugins/maven-compiler-plugin/3.14.1/maven-compiler-plugin-3.14.1.jar
2026-07-22 14:55:50,276 [Worker-42: Importing Maven projects] INFO  o.e.m.c.i.e.AbstractTransferListenerAdapter - Downloading https://repo.maven.apache.org/maven2/org/apache/maven/plugins/maven-surefire-plugin/3.5.6/maven-surefire-plugin-3.5.6.jar
2026-07-22 14:55:50,280 [Worker-42: Importing Maven projects] INFO  o.e.m.c.i.e.AbstractTransferListenerAdapter - Downloaded https://repo.maven.apache.org/maven2/org/apache/maven/plugins/maven-surefire-plugin/3.5.6/maven-surefire-plugin-3.5.6.jar
2026-07-22 14:55:50,301 [Worker-42: Importing Maven projects] INFO  o.e.m.c.i.e.AbstractTransferListenerAdapter - Downloading https://repo.maven.apache.org/maven2/org/apache/maven/plugins/maven-jar-plugin/3.4.2/maven-jar-plugin-3.4.2.jar
2026-07-22 14:55:50,304 [Worker-42: Importing Maven projects] INFO  o.e.m.c.i.e.AbstractTransferListenerAdapter - Downloaded https://repo.maven.apache.org/maven2/org/apache/maven/plugins/maven-jar-plugin/3.4.2/maven-jar-plugin-3.4.2.jar
2026-07-22 14:55:50,326 [Worker-42: Importing Maven projects] INFO  o.e.m.c.i.e.AbstractTransferListenerAdapter - Downloading https://repo.maven.apache.org/maven2/org/apache/maven/plugins/maven-install-plugin/3.1.4/maven-install-plugin-3.1.4.jar
2026-07-22 14:55:50,330 [Worker-42: Importing Maven projects] INFO  o.e.m.c.i.e.AbstractTransferListenerAdapter - Downloaded https://repo.maven.apache.org/maven2/org/apache/maven/plugins/maven-install-plugin/3.1.4/maven-install-plugin-3.1.4.jar
2026-07-22 14:55:50,350 [Worker-42: Importing Maven projects] INFO  o.e.m.c.i.e.AbstractTransferListenerAdapter - Downloading https://repo.maven.apache.org/maven2/org/apache/maven/plugins/maven-deploy-plugin/3.1.4/maven-deploy-plugin-3.1.4.jar
2026-07-22 14:55:50,354 [Worker-42: Importing Maven projects] INFO  o.e.m.c.i.e.AbstractTransferListenerAdapter - Downloaded https://repo.maven.apache.org/maven2/org/apache/maven/plugins/maven-deploy-plugin/3.1.4/maven-deploy-plugin-3.1.4.jar
2026-07-22 14:55:50,374 [Worker-42: Importing Maven projects] INFO  o.e.m.c.i.e.AbstractTransferListenerAdapter - Downloading https://repo.maven.apache.org/maven2/org/apache/maven/plugins/maven-site-plugin/3.12.1/maven-site-plugin-3.12.1.jar
2026-07-22 14:55:50,381 [Worker-42: Importing Maven projects] INFO  o.e.m.c.i.e.AbstractTransferListenerAdapter - Downloaded https://repo.maven.apache.org/maven2/org/apache/maven/plugins/maven-site-plugin/3.12.1/maven-site-plugin-3.12.1.jar
2026-07-22 14:55:50,411 [Worker-42: Importing Maven projects] INFO  o.e.m.c.i.e.AbstractTransferListenerAdapter - Downloading https://repo.maven.apache.org/maven2/org/apache/maven/plugins/maven-compiler-plugin/3.14.1/maven-compiler-plugin-3.14.1.pom
2026-07-22 14:55:50,415 [Worker-42: Importing Maven projects] INFO  o.e.m.c.i.e.AbstractTransferListenerAdapter - Downloaded https://repo.maven.apache.org/maven2/org/apache/maven/plugins/maven-compiler-plugin/3.14.1/maven-compiler-plugin-3.14.1.pom
2026-07-22 14:55:50,439 [Worker-42: Importing Maven projects] INFO  o.e.m.c.i.e.AbstractTransferListenerAdapter - Downloading https://repo.maven.apache.org/maven2/org/apache/maven/plugins/maven-plugins/45/maven-plugins-45.pom
2026-07-22 14:55:50,443 [Worker-42: Importing Maven projects] INFO  o.e.m.c.i.e.AbstractTransferListenerAdapter - Downloaded https://repo.maven.apache.org/maven2/org/apache/maven/plugins/maven-plugins/45/maven-plugins-45.pom
2026-07-22 14:55:50,470 [Worker-42: Importing Maven projects] INFO  o.e.m.c.i.e.AbstractTransferListenerAdapter - Downloading https://repo.maven.apache.org/maven2/org/apache/maven/maven-parent/45/maven-parent-45.pom
2026-07-22 14:55:50,474 [Worker-42: Importing Maven projects] INFO  o.e.m.c.i.e.AbstractTransferListenerAdapter - Downloaded https://repo.maven.apache.org/maven2/org/apache/maven/maven-parent/45/maven-parent-45.pom
2026-07-22 14:55:50,505 [Worker-42: Importing Maven projects] INFO  o.e.m.c.i.e.AbstractTransferListenerAdapter - Downloading https://repo.maven.apache.org/maven2/org/junit/junit-bom/5.13.1/junit-bom-5.13.1.pom
2026-07-22 14:55:50,509 [Worker-42: Importing Maven projects] INFO  o.e.m.c.i.e.AbstractTransferListenerAdapter - Downloaded https://repo.maven.apache.org/maven2/org/junit/junit-bom/5.13.1/junit-bom-5.13.1.pom
2026-07-22 14:55:50,546 [Worker-42: Importing Maven projects] INFO  o.e.m.c.i.e.AbstractTransferListenerAdapter - Downloading https://repo.maven.apache.org/maven2/org/ow2/asm/asm/9.8/asm-9.8.pom
2026-07-22 14:55:50,549 [Worker-42: Importing Maven projects] INFO  o.e.m.c.i.e.AbstractTransferListenerAdapter - Downloaded https://repo.maven.apache.org/maven2/org/ow2/asm/asm/9.8/asm-9.8.pom
2026-07-22 14:55:50,570 [Worker-42: Importing Maven projects] INFO  o.e.m.c.i.e.AbstractTransferListenerAdapter - Downloading https://repo.maven.apache.org/maven2/org/apache/maven/shared/maven-shared-utils/3.4.2/maven-shared-utils-3.4.2.pom
2026-07-22 14:55:50,573 [Worker-42: Importing Maven projects] INFO  o.e.m.c.i.e.AbstractTransferListenerAdapter - Downloaded https://repo.maven.apache.org/maven2/org/apache/maven/shared/maven-shared-utils/3.4.2/maven-shared-utils-3.4.2.pom
2026-07-22 14:55:50,595 [Worker-42: Importing Maven projects] INFO  o.e.m.c.i.e.AbstractTransferListenerAdapter - Downloading https://repo.maven.apache.org/maven2/org/apache/maven/shared/maven-shared-components/39/maven-shared-components-39.pom
2026-07-22 14:55:50,598 [Worker-42: Importing Maven projects] INFO  o.e.m.c.i.e.AbstractTransferListenerAdapter - Downloaded https://repo.maven.apache.org/maven2/org/apache/maven/shared/maven-shared-components/39/maven-shared-components-39.pom
2026-07-22 14:55:50,617 [Worker-42: Importing Maven projects] INFO  o.e.m.c.i.e.AbstractTransferListenerAdapter - Downloading https://repo.maven.apache.org/maven2/org/apache/maven/maven-parent/39/maven-parent-39.pom
2026-07-22 14:55:50,624 [Worker-42: Importing Maven projects] INFO  o.e.m.c.i.e.AbstractTransferListenerAdapter - Downloaded https://repo.maven.apache.org/maven2/org/apache/maven/maven-parent/39/maven-parent-39.pom
2026-07-22 14:55:50,645 [Worker-42: Importing Maven projects] INFO  o.e.m.c.i.e.AbstractTransferListenerAdapter - Downloading https://repo.maven.apache.org/maven2/org/apache/apache/29/apache-29.pom
2026-07-22 14:55:50,647 [Worker-42: Importing Maven projects] INFO  o.e.m.c.i.e.AbstractTransferListenerAdapter - Downloaded https://repo.maven.apache.org/maven2/org/apache/apache/29/apache-29.pom
2026-07-22 14:55:50,674 [Worker-42: Importing Maven projects] INFO  o.e.m.c.i.e.AbstractTransferListenerAdapter - Downloading https://repo.maven.apache.org/maven2/org/slf4j/slf4j-api/1.7.36/slf4j-api-1.7.36.pom
2026-07-22 14:55:50,677 [Worker-42: Importing Maven projects] INFO  o.e.m.c.i.e.AbstractTransferListenerAdapter - Downloaded https://repo.maven.apache.org/maven2/org/slf4j/slf4j-api/1.7.36/slf4j-api-1.7.36.pom
2026-07-22 14:55:50,697 [Worker-42: Importing Maven projects] INFO  o.e.m.c.i.e.AbstractTransferListenerAdapter - Downloading https://repo.maven.apache.org/maven2/org/slf4j/slf4j-parent/1.7.36/slf4j-parent-1.7.36.pom
2026-07-22 14:55:50,700 [Worker-42: Importing Maven projects] INFO  o.e.m.c.i.e.AbstractTransferListenerAdapter - Downloaded https://repo.maven.apache.org/maven2/org/slf4j/slf4j-parent/1.7.36/slf4j-parent-1.7.36.pom
2026-07-22 14:55:50,722 [Worker-42: Importing Maven projects] INFO  o.e.m.c.i.e.AbstractTransferListenerAdapter - Downloading https://repo.maven.apache.org/maven2/commons-io/commons-io/2.11.0/commons-io-2.11.0.pom
2026-07-22 14:55:50,727 [Worker-42: Importing Maven projects] INFO  o.e.m.c.i.e.AbstractTransferListenerAdapter - Downloaded https://repo.maven.apache.org/maven2/commons-io/commons-io/2.11.0/commons-io-2.11.0.pom
2026-07-22 14:55:50,750 [Worker-42: Importing Maven projects] INFO  o.e.m.c.i.e.AbstractTransferListenerAdapter - Downloading https://repo.maven.apache.org/maven2/org/apache/commons/commons-parent/52/commons-parent-52.pom
2026-07-22 14:55:50,753 [Worker-42: Importing Maven projects] INFO  o.e.m.c.i.e.AbstractTransferListenerAdapter - Downloaded https://repo.maven.apache.org/maven2/org/apache/commons/commons-parent/52/commons-parent-52.pom
2026-07-22 14:55:50,776 [Worker-42: Importing Maven projects] INFO  o.e.m.c.i.e.AbstractTransferListenerAdapter - Downloading https://repo.maven.apache.org/maven2/org/apache/apache/23/apache-23.pom
2026-07-22 14:55:50,779 [Worker-42: Importing Maven projects] INFO  o.e.m.c.i.e.AbstractTransferListenerAdapter - Downloaded https://repo.maven.apache.org/maven2/org/apache/apache/23/apache-23.pom
2026-07-22 14:55:50,799 [Worker-42: Importing Maven projects] INFO  o.e.m.c.i.e.AbstractTransferListenerAdapter - Downloading https://repo.maven.apache.org/maven2/org/junit/junit-bom/5.7.2/junit-bom-5.7.2.pom
2026-07-22 14:55:50,803 [Worker-42: Importing Maven projects] INFO  o.e.m.c.i.e.AbstractTransferListenerAdapter - Downloaded https://repo.maven.apache.org/maven2/org/junit/junit-bom/5.7.2/junit-bom-5.7.2.pom
2026-07-22 14:55:50,828 [Worker-42: Importing Maven projects] INFO  o.e.m.c.i.e.AbstractTransferListenerAdapter - Downloading https://repo.maven.apache.org/maven2/org/apache/maven/shared/maven-shared-incremental/1.1/maven-shared-incremental-1.1.pom
2026-07-22 14:55:50,830 [Worker-42: Importing Maven projects] INFO  o.e.m.c.i.e.AbstractTransferListenerAdapter - Downloaded https://repo.maven.apache.org/maven2/org/apache/maven/shared/maven-shared-incremental/1.1/maven-shared-incremental-1.1.pom
2026-07-22 14:55:50,848 [Worker-42: Importing Maven projects] INFO  o.e.m.c.i.e.AbstractTransferListenerAdapter - Downloading https://repo.maven.apache.org/maven2/org/apache/maven/shared/maven-shared-components/19/maven-shared-components-19.pom
2026-07-22 14:55:50,852 [Worker-42: Importing Maven projects] INFO  o.e.m.c.i.e.AbstractTransferListenerAdapter - Downloaded https://repo.maven.apache.org/maven2/org/apache/maven/shared/maven-shared-components/19/maven-shared-components-19.pom
2026-07-22 14:55:50,873 [Worker-42: Importing Maven projects] INFO  o.e.m.c.i.e.AbstractTransferListenerAdapter - Downloading https://repo.maven.apache.org/maven2/org/apache/maven/maven-parent/23/maven-parent-23.pom
2026-07-22 14:55:50,878 [Worker-42: Importing Maven projects] INFO  o.e.m.c.i.e.AbstractTransferListenerAdapter - Downloaded https://repo.maven.apache.org/maven2/org/apache/maven/maven-parent/23/maven-parent-23.pom
2026-07-22 14:55:50,898 [Worker-42: Importing Maven projects] INFO  o.e.m.c.i.e.AbstractTransferListenerAdapter - Downloading https://repo.maven.apache.org/maven2/org/apache/apache/13/apache-13.pom
2026-07-22 14:55:50,902 [Worker-42: Importing Maven projects] INFO  o.e.m.c.i.e.AbstractTransferListenerAdapter - Downloaded https://repo.maven.apache.org/maven2/org/apache/apache/13/apache-13.pom
2026-07-22 14:55:50,928 [Worker-42: Importing Maven projects] INFO  o.e.m.c.i.e.AbstractTransferListenerAdapter - Downloading https://repo.maven.apache.org/maven2/org/codehaus/plexus/plexus-java/1.5.0/plexus-java-1.5.0.pom
2026-07-22 14:55:50,932 [Worker-42: Importing Maven projects] INFO  o.e.m.c.i.e.AbstractTransferListenerAdapter - Downloaded https://repo.maven.apache.org/maven2/org/codehaus/plexus/plexus-java/1.5.0/plexus-java-1.5.0.pom
2026-07-22 14:55:50,954 [Worker-42: Importing Maven projects] INFO  o.e.m.c.i.e.AbstractTransferListenerAdapter - Downloading https://repo.maven.apache.org/maven2/org/codehaus/plexus/plexus-languages/1.5.0/plexus-languages-1.5.0.pom
2026-07-22 14:55:50,958 [Worker-42: Importing Maven projects] INFO  o.e.m.c.i.e.AbstractTransferListenerAdapter - Downloaded https://repo.maven.apache.org/maven2/org/codehaus/plexus/plexus-languages/1.5.0/plexus-languages-1.5.0.pom
2026-07-22 14:55:50,981 [Worker-42: Importing Maven projects] INFO  o.e.m.c.i.e.AbstractTransferListenerAdapter - Downloading https://repo.maven.apache.org/maven2/org/codehaus/plexus/plexus/20/plexus-20.pom
2026-07-22 14:55:50,985 [Worker-42: Importing Maven projects] INFO  o.e.m.c.i.e.AbstractTransferListenerAdapter - Downloaded https://repo.maven.apache.org/maven2/org/codehaus/plexus/plexus/20/plexus-20.pom
2026-07-22 14:55:51,003 [Worker-42: Importing Maven projects] INFO  o.e.m.c.i.e.AbstractTransferListenerAdapter - Downloading https://repo.maven.apache.org/maven2/org/junit/junit-bom/5.11.4/junit-bom-5.11.4.pom
2026-07-22 14:55:51,007 [Worker-42: Importing Maven projects] INFO  o.e.m.c.i.e.AbstractTransferListenerAdapter - Downloaded https://repo.maven.apache.org/maven2/org/junit/junit-bom/5.11.4/junit-bom-5.11.4.pom
2026-07-22 14:55:51,032 [Worker-42: Importing Maven projects] INFO  o.e.m.c.i.e.AbstractTransferListenerAdapter - Downloading https://repo.maven.apache.org/maven2/com/thoughtworks/qdox/qdox/2.2.0/qdox-2.2.0.pom
2026-07-22 14:55:51,036 [Worker-42: Importing Maven projects] INFO  o.e.m.c.i.e.AbstractTransferListenerAdapter - Downloaded https://repo.maven.apache.org/maven2/com/thoughtworks/qdox/qdox/2.2.0/qdox-2.2.0.pom
2026-07-22 14:55:51,061 [Worker-42: Importing Maven projects] INFO  o.e.m.c.i.e.AbstractTransferListenerAdapter - Downloading https://repo.maven.apache.org/maven2/org/codehaus/plexus/plexus-compiler-api/2.15.0/plexus-compiler-api-2.15.0.pom
2026-07-22 14:55:51,065 [Worker-42: Importing Maven projects] INFO  o.e.m.c.i.e.AbstractTransferListenerAdapter - Downloaded https://repo.maven.apache.org/maven2/org/codehaus/plexus/plexus-compiler-api/2.15.0/plexus-compiler-api-2.15.0.pom
2026-07-22 14:55:51,089 [Worker-42: Importing Maven projects] INFO  o.e.m.c.i.e.AbstractTransferListenerAdapter - Downloading https://repo.maven.apache.org/maven2/org/codehaus/plexus/plexus-compiler/2.15.0/plexus-compiler-2.15.0.pom
2026-07-22 14:55:51,091 [Worker-42: Importing Maven projects] INFO  o.e.m.c.i.e.AbstractTransferListenerAdapter - Downloaded https://repo.maven.apache.org/maven2/org/codehaus/plexus/plexus-compiler/2.15.0/plexus-compiler-2.15.0.pom
2026-07-22 14:55:51,110 [Worker-42: Importing Maven projects] INFO  o.e.m.c.i.e.AbstractTransferListenerAdapter - Downloading https://repo.maven.apache.org/maven2/org/codehaus/plexus/plexus/17/plexus-17.pom
2026-07-22 14:55:51,114 [Worker-42: Importing Maven projects] INFO  o.e.m.c.i.e.AbstractTransferListenerAdapter - Downloaded https://repo.maven.apache.org/maven2/org/codehaus/plexus/plexus/17/plexus-17.pom
2026-07-22 14:55:51,133 [Worker-42: Importing Maven projects] INFO  o.e.m.c.i.e.AbstractTransferListenerAdapter - Downloading https://repo.maven.apache.org/maven2/org/junit/junit-bom/5.10.2/junit-bom-5.10.2.pom
2026-07-22 14:55:51,137 [Worker-42: Importing Maven projects] INFO  o.e.m.c.i.e.AbstractTransferListenerAdapter - Downloaded https://repo.maven.apache.org/maven2/org/junit/junit-bom/5.10.2/junit-bom-5.10.2.pom
2026-07-22 14:55:51,160 [Worker-42: Importing Maven projects] INFO  o.e.m.c.i.e.AbstractTransferListenerAdapter - Downloading https://repo.maven.apache.org/maven2/org/codehaus/plexus/plexus-utils/4.0.2/plexus-utils-4.0.2.pom
2026-07-22 14:55:51,162 [Worker-42: Importing Maven projects] INFO  o.e.m.c.i.e.AbstractTransferListenerAdapter - Downloaded https://repo.maven.apache.org/maven2/org/codehaus/plexus/plexus-utils/4.0.2/plexus-utils-4.0.2.pom
2026-07-22 14:55:51,183 [Worker-42: Importing Maven projects] INFO  o.e.m.c.i.e.AbstractTransferListenerAdapter - Downloading https://repo.maven.apache.org/maven2/org/codehaus/plexus/plexus-compiler-manager/2.15.0/plexus-compiler-manager-2.15.0.pom
2026-07-22 14:55:51,187 [Worker-42: Importing Maven projects] INFO  o.e.m.c.i.e.AbstractTransferListenerAdapter - Downloaded https://repo.maven.apache.org/maven2/org/codehaus/plexus/plexus-compiler-manager/2.15.0/plexus-compiler-manager-2.15.0.pom
2026-07-22 14:55:51,206 [Worker-42: Importing Maven projects] INFO  o.e.m.c.i.e.AbstractTransferListenerAdapter - Downloading https://repo.maven.apache.org/maven2/javax/inject/javax.inject/1/javax.inject-1.pom
2026-07-22 14:55:51,209 [Worker-42: Importing Maven projects] INFO  o.e.m.c.i.e.AbstractTransferListenerAdapter - Downloaded https://repo.maven.apache.org/maven2/javax/inject/javax.inject/1/javax.inject-1.pom
2026-07-22 14:55:51,228 [Worker-42: Importing Maven projects] INFO  o.e.m.c.i.e.AbstractTransferListenerAdapter - Downloading https://repo.maven.apache.org/maven2/org/codehaus/plexus/plexus-xml/3.0.1/plexus-xml-3.0.1.pom
2026-07-22 14:55:51,231 [Worker-42: Importing Maven projects] INFO  o.e.m.c.i.e.AbstractTransferListenerAdapter - Downloaded https://repo.maven.apache.org/maven2/org/codehaus/plexus/plexus-xml/3.0.1/plexus-xml-3.0.1.pom
2026-07-22 14:55:51,253 [Worker-42: Importing Maven projects] INFO  o.e.m.c.i.e.AbstractTransferListenerAdapter - Downloading https://repo.maven.apache.org/maven2/org/codehaus/plexus/plexus/18/plexus-18.pom
2026-07-22 14:55:51,257 [Worker-42: Importing Maven projects] INFO  o.e.m.c.i.e.AbstractTransferListenerAdapter - Downloaded https://repo.maven.apache.org/maven2/org/codehaus/plexus/plexus/18/plexus-18.pom
2026-07-22 14:55:51,280 [Worker-42: Importing Maven projects] INFO  o.e.m.c.i.e.AbstractTransferListenerAdapter - Downloading https://repo.maven.apache.org/maven2/org/codehaus/plexus/plexus-compiler-javac/2.15.0/plexus-compiler-javac-2.15.0.pom
2026-07-22 14:55:51,282 [Worker-42: Importing Maven projects] INFO  o.e.m.c.i.e.AbstractTransferListenerAdapter - Downloaded https://repo.maven.apache.org/maven2/org/codehaus/plexus/plexus-compiler-javac/2.15.0/plexus-compiler-javac-2.15.0.pom
2026-07-22 14:55:51,300 [Worker-42: Importing Maven projects] INFO  o.e.m.c.i.e.AbstractTransferListenerAdapter - Downloading https://repo.maven.apache.org/maven2/org/codehaus/plexus/plexus-compilers/2.15.0/plexus-compilers-2.15.0.pom
2026-07-22 14:55:51,304 [Worker-42: Importing Maven projects] INFO  o.e.m.c.i.e.AbstractTransferListenerAdapter - Downloaded https://repo.maven.apache.org/maven2/org/codehaus/plexus/plexus-compilers/2.15.0/plexus-compilers-2.15.0.pom
2026-07-22 14:55:51,330 [BasicRepositoryConnector-repo.maven.apache.org-0-2] INFO  o.e.m.c.i.e.AbstractTransferListenerAdapter - Downloading https://repo.maven.apache.org/maven2/org/slf4j/slf4j-api/1.7.36/slf4j-api-1.7.36.jar
2026-07-22 14:55:51,336 [BasicRepositoryConnector-repo.maven.apache.org-0-2] INFO  o.e.m.c.i.e.AbstractTransferListenerAdapter - Downloaded https://repo.maven.apache.org/maven2/org/slf4j/slf4j-api/1.7.36/slf4j-api-1.7.36.jar
2026-07-22 14:55:51,351 [BasicRepositoryConnector-repo.maven.apache.org-0-4] INFO  o.e.m.c.i.e.AbstractTransferListenerAdapter - Downloading https://repo.maven.apache.org/maven2/org/apache/maven/shared/maven-shared-incremental/1.1/maven-shared-incremental-1.1.jar
2026-07-22 14:55:51,353 [BasicRepositoryConnector-repo.maven.apache.org-0-0] INFO  o.e.m.c.i.e.AbstractTransferListenerAdapter - Downloading https://repo.maven.apache.org/maven2/org/ow2/asm/asm/9.8/asm-9.8.jar
2026-07-22 14:55:51,354 [BasicRepositoryConnector-repo.maven.apache.org-0-1] INFO  o.e.m.c.i.e.AbstractTransferListenerAdapter - Downloading https://repo.maven.apache.org/maven2/org/apache/maven/shared/maven-shared-utils/3.4.2/maven-shared-utils-3.4.2.jar
2026-07-22 14:55:51,355 [BasicRepositoryConnector-repo.maven.apache.org-0-2] INFO  o.e.m.c.i.e.AbstractTransferListenerAdapter - Downloading https://repo.maven.apache.org/maven2/org/codehaus/plexus/plexus-java/1.5.0/plexus-java-1.5.0.jar
2026-07-22 14:55:51,356 [BasicRepositoryConnector-repo.maven.apache.org-0-4] INFO  o.e.m.c.i.e.AbstractTransferListenerAdapter - Downloaded https://repo.maven.apache.org/maven2/org/apache/maven/shared/maven-shared-incremental/1.1/maven-shared-incremental-1.1.jar
2026-07-22 14:55:51,359 [BasicRepositoryConnector-repo.maven.apache.org-0-2] INFO  o.e.m.c.i.e.AbstractTransferListenerAdapter - Downloaded https://repo.maven.apache.org/maven2/org/codehaus/plexus/plexus-java/1.5.0/plexus-java-1.5.0.jar
2026-07-22 14:55:51,361 [BasicRepositoryConnector-repo.maven.apache.org-0-0] INFO  o.e.m.c.i.e.AbstractTransferListenerAdapter - Downloaded https://repo.maven.apache.org/maven2/org/ow2/asm/asm/9.8/asm-9.8.jar
2026-07-22 14:55:51,362 [BasicRepositoryConnector-repo.maven.apache.org-0-1] INFO  o.e.m.c.i.e.AbstractTransferListenerAdapter - Downloaded https://repo.maven.apache.org/maven2/org/apache/maven/shared/maven-shared-utils/3.4.2/maven-shared-utils-3.4.2.jar
2026-07-22 14:55:51,363 [BasicRepositoryConnector-repo.maven.apache.org-0-3] INFO  o.e.m.c.i.e.AbstractTransferListenerAdapter - Downloading https://repo.maven.apache.org/maven2/commons-io/commons-io/2.11.0/commons-io-2.11.0.jar
2026-07-22 14:55:51,370 [BasicRepositoryConnector-repo.maven.apache.org-0-4] INFO  o.e.m.c.i.e.AbstractTransferListenerAdapter - Downloading https://repo.maven.apache.org/maven2/com/thoughtworks/qdox/qdox/2.2.0/qdox-2.2.0.jar
2026-07-22 14:55:51,377 [BasicRepositoryConnector-repo.maven.apache.org-0-1] INFO  o.e.m.c.i.e.AbstractTransferListenerAdapter - Downloading https://repo.maven.apache.org/maven2/javax/inject/javax.inject/1/javax.inject-1.jar
2026-07-22 14:55:51,377 [BasicRepositoryConnector-repo.maven.apache.org-0-0] INFO  o.e.m.c.i.e.AbstractTransferListenerAdapter - Downloading https://repo.maven.apache.org/maven2/org/codehaus/plexus/plexus-compiler-manager/2.15.0/plexus-compiler-manager-2.15.0.jar
2026-07-22 14:55:51,378 [BasicRepositoryConnector-repo.maven.apache.org-0-3] INFO  o.e.m.c.i.e.AbstractTransferListenerAdapter - Downloaded https://repo.maven.apache.org/maven2/commons-io/commons-io/2.11.0/commons-io-2.11.0.jar
2026-07-22 14:55:51,381 [BasicRepositoryConnector-repo.maven.apache.org-0-1] INFO  o.e.m.c.i.e.AbstractTransferListenerAdapter - Downloaded https://repo.maven.apache.org/maven2/javax/inject/javax.inject/1/javax.inject-1.jar
2026-07-22 14:55:51,381 [BasicRepositoryConnector-repo.maven.apache.org-0-0] INFO  o.e.m.c.i.e.AbstractTransferListenerAdapter - Downloaded https://repo.maven.apache.org/maven2/org/codehaus/plexus/plexus-compiler-manager/2.15.0/plexus-compiler-manager-2.15.0.jar
2026-07-22 14:55:51,381 [BasicRepositoryConnector-repo.maven.apache.org-0-2] INFO  o.e.m.c.i.e.AbstractTransferListenerAdapter - Downloading https://repo.maven.apache.org/maven2/org/codehaus/plexus/plexus-compiler-api/2.15.0/plexus-compiler-api-2.15.0.jar
2026-07-22 14:55:51,382 [BasicRepositoryConnector-repo.maven.apache.org-0-4] INFO  o.e.m.c.i.e.AbstractTransferListenerAdapter - Downloaded https://repo.maven.apache.org/maven2/com/thoughtworks/qdox/qdox/2.2.0/qdox-2.2.0.jar
2026-07-22 14:55:51,384 [BasicRepositoryConnector-repo.maven.apache.org-0-2] INFO  o.e.m.c.i.e.AbstractTransferListenerAdapter - Downloaded https://repo.maven.apache.org/maven2/org/codehaus/plexus/plexus-compiler-api/2.15.0/plexus-compiler-api-2.15.0.jar
2026-07-22 14:55:51,395 [BasicRepositoryConnector-repo.maven.apache.org-0-0] INFO  o.e.m.c.i.e.AbstractTransferListenerAdapter - Downloading https://repo.maven.apache.org/maven2/org/codehaus/plexus/plexus-compiler-javac/2.15.0/plexus-compiler-javac-2.15.0.jar
2026-07-22 14:55:51,396 [BasicRepositoryConnector-repo.maven.apache.org-0-3] INFO  o.e.m.c.i.e.AbstractTransferListenerAdapter - Downloading https://repo.maven.apache.org/maven2/org/codehaus/plexus/plexus-xml/3.0.1/plexus-xml-3.0.1.jar
2026-07-22 14:55:51,399 [BasicRepositoryConnector-repo.maven.apache.org-0-0] INFO  o.e.m.c.i.e.AbstractTransferListenerAdapter - Downloaded https://repo.maven.apache.org/maven2/org/codehaus/plexus/plexus-compiler-javac/2.15.0/plexus-compiler-javac-2.15.0.jar
2026-07-22 14:55:51,400 [BasicRepositoryConnector-repo.maven.apache.org-0-1] INFO  o.e.m.c.i.e.AbstractTransferListenerAdapter - Downloading https://repo.maven.apache.org/maven2/org/codehaus/plexus/plexus-utils/4.0.2/plexus-utils-4.0.2.jar
2026-07-22 14:55:51,400 [BasicRepositoryConnector-repo.maven.apache.org-0-3] INFO  o.e.m.c.i.e.AbstractTransferListenerAdapter - Downloaded https://repo.maven.apache.org/maven2/org/codehaus/plexus/plexus-xml/3.0.1/plexus-xml-3.0.1.jar
2026-07-22 14:55:51,411 [BasicRepositoryConnector-repo.maven.apache.org-0-1] INFO  o.e.m.c.i.e.AbstractTransferListenerAdapter - Downloaded https://repo.maven.apache.org/maven2/org/codehaus/plexus/plexus-utils/4.0.2/plexus-utils-4.0.2.jar
2026-07-22 14:55:51,540 [Worker-42: Importing Maven projects] INFO  o.e.m.c.i.l.LifecycleMappingFactory - Using org.eclipse.m2e.jdt.JarLifecycleMapping lifecycle mapping for MavenProject: com.korea:ex_0722:0.0.1-SNAPSHOT @ C:\Users\adminn\Desktop\web-ay\server\ex_0722\pom.xml.
2026-07-22 14:55:51,736 [Worker-42: Importing Maven projects] INFO  o.e.m.c.i.e.AbstractTransferListenerAdapter - Downloading https://repo.maven.apache.org/maven2/org/apache/maven/plugins/maven-resources-plugin/3.3.1/maven-resources-plugin-3.3.1.pom
2026-07-22 14:55:51,739 [Worker-42: Importing Maven projects] INFO  o.e.m.c.i.e.AbstractTransferListenerAdapter - Downloaded https://repo.maven.apache.org/maven2/org/apache/maven/plugins/maven-resources-plugin/3.3.1/maven-resources-plugin-3.3.1.pom
2026-07-22 14:55:51,762 [Worker-42: Importing Maven projects] INFO  o.e.m.c.i.e.AbstractTransferListenerAdapter - Downloading https://repo.maven.apache.org/maven2/org/apache/maven/plugins/maven-plugins/39/maven-plugins-39.pom
2026-07-22 14:55:51,765 [Worker-42: Importing Maven projects] INFO  o.e.m.c.i.e.AbstractTransferListenerAdapter - Downloaded https://repo.maven.apache.org/maven2/org/apache/maven/plugins/maven-plugins/39/maven-plugins-39.pom
2026-07-22 14:55:51,793 [Worker-42: Importing Maven projects] INFO  o.e.m.c.i.e.AbstractTransferListenerAdapter - Downloading https://repo.maven.apache.org/maven2/org/apache/maven/plugins/maven-surefire-plugin/3.5.6/maven-surefire-plugin-3.5.6.pom
2026-07-22 14:55:51,797 [Worker-42: Importing Maven projects] INFO  o.e.m.c.i.e.AbstractTransferListenerAdapter - Downloaded https://repo.maven.apache.org/maven2/org/apache/maven/plugins/maven-surefire-plugin/3.5.6/maven-surefire-plugin-3.5.6.pom
2026-07-22 14:55:51,820 [Worker-42: Importing Maven projects] INFO  o.e.m.c.i.e.AbstractTransferListenerAdapter - Downloading https://repo.maven.apache.org/maven2/org/apache/maven/surefire/surefire/3.5.6/surefire-3.5.6.pom
2026-07-22 14:55:51,823 [Worker-42: Importing Maven projects] INFO  o.e.m.c.i.e.AbstractTransferListenerAdapter - Downloaded https://repo.maven.apache.org/maven2/org/apache/maven/surefire/surefire/3.5.6/surefire-3.5.6.pom
2026-07-22 14:55:51,848 [Worker-42: Importing Maven projects] INFO  o.e.m.c.i.e.AbstractTransferListenerAdapter - Downloading https://repo.maven.apache.org/maven2/org/apache/maven/maven-parent/47/maven-parent-47.pom
2026-07-22 14:55:51,852 [Worker-42: Importing Maven projects] INFO  o.e.m.c.i.e.AbstractTransferListenerAdapter - Downloaded https://repo.maven.apache.org/maven2/org/apache/maven/maven-parent/47/maven-parent-47.pom
2026-07-22 14:55:51,874 [Worker-42: Importing Maven projects] INFO  o.e.m.c.i.e.AbstractTransferListenerAdapter - Downloading https://repo.maven.apache.org/maven2/org/junit/junit-bom/5.12.2/junit-bom-5.12.2.pom
2026-07-22 14:55:51,878 [Worker-42: Importing Maven projects] INFO  o.e.m.c.i.e.AbstractTransferListenerAdapter - Downloaded https://repo.maven.apache.org/maven2/org/junit/junit-bom/5.12.2/junit-bom-5.12.2.pom
2026-07-22 14:55:51,917 [Worker-42: Importing Maven projects] INFO  o.e.m.c.i.e.AbstractTransferListenerAdapter - Downloading https://repo.maven.apache.org/maven2/org/apache/maven/plugins/maven-jar-plugin/3.4.2/maven-jar-plugin-3.4.2.pom
2026-07-22 14:55:51,920 [Worker-42: Importing Maven projects] INFO  o.e.m.c.i.e.AbstractTransferListenerAdapter - Downloaded https://repo.maven.apache.org/maven2/org/apache/maven/plugins/maven-jar-plugin/3.4.2/maven-jar-plugin-3.4.2.pom
2026-07-22 14:55:51,941 [Worker-42: Importing Maven projects] INFO  o.e.m.c.i.e.AbstractTransferListenerAdapter - Downloading https://repo.maven.apache.org/maven2/org/apache/maven/plugins/maven-plugins/42/maven-plugins-42.pom
2026-07-22 14:55:51,945 [Worker-42: Importing Maven projects] INFO  o.e.m.c.i.e.AbstractTransferListenerAdapter - Downloaded https://repo.maven.apache.org/maven2/org/apache/maven/plugins/maven-plugins/42/maven-plugins-42.pom
2026-07-22 14:55:51,966 [Worker-42: Importing Maven projects] INFO  o.e.m.c.i.e.AbstractTransferListenerAdapter - Downloading https://repo.maven.apache.org/maven2/org/apache/maven/maven-parent/42/maven-parent-42.pom
2026-07-22 14:55:51,970 [Worker-42: Importing Maven projects] INFO  o.e.m.c.i.e.AbstractTransferListenerAdapter - Downloaded https://repo.maven.apache.org/maven2/org/apache/maven/maven-parent/42/maven-parent-42.pom
2026-07-22 14:55:51,993 [Worker-42: Importing Maven projects] INFO  o.e.m.c.i.e.AbstractTransferListenerAdapter - Downloading https://repo.maven.apache.org/maven2/org/apache/apache/32/apache-32.pom
2026-07-22 14:55:52,001 [Worker-42: Importing Maven projects] INFO  o.e.m.c.i.e.AbstractTransferListenerAdapter - Downloaded https://repo.maven.apache.org/maven2/org/apache/apache/32/apache-32.pom
2026-07-22 14:55:52,035 [Worker-42: Importing Maven projects] INFO  o.e.m.c.i.e.AbstractTransferListenerAdapter - Downloading https://repo.maven.apache.org/maven2/org/apache/maven/shared/file-management/3.1.0/file-management-3.1.0.pom
2026-07-22 14:55:52,038 [Worker-42: Importing Maven projects] INFO  o.e.m.c.i.e.AbstractTransferListenerAdapter - Downloaded https://repo.maven.apache.org/maven2/org/apache/maven/shared/file-management/3.1.0/file-management-3.1.0.pom
2026-07-22 14:55:52,058 [Worker-42: Importing Maven projects] INFO  o.e.m.c.i.e.AbstractTransferListenerAdapter - Downloading https://repo.maven.apache.org/maven2/org/apache/maven/shared/maven-shared-components/36/maven-shared-components-36.pom
2026-07-22 14:55:52,062 [Worker-42: Importing Maven projects] INFO  o.e.m.c.i.e.AbstractTransferListenerAdapter - Downloaded https://repo.maven.apache.org/maven2/org/apache/maven/shared/maven-shared-components/36/maven-shared-components-36.pom
2026-07-22 14:55:52,082 [Worker-42: Importing Maven projects] INFO  o.e.m.c.i.e.AbstractTransferListenerAdapter - Downloading https://repo.maven.apache.org/maven2/org/apache/maven/maven-parent/36/maven-parent-36.pom
2026-07-22 14:55:52,087 [Worker-42: Importing Maven projects] INFO  o.e.m.c.i.e.AbstractTransferListenerAdapter - Downloaded https://repo.maven.apache.org/maven2/org/apache/maven/maven-parent/36/maven-parent-36.pom
2026-07-22 14:55:52,106 [Worker-42: Importing Maven projects] INFO  o.e.m.c.i.e.AbstractTransferListenerAdapter - Downloading https://repo.maven.apache.org/maven2/org/apache/apache/26/apache-26.pom
2026-07-22 14:55:52,110 [Worker-42: Importing Maven projects] INFO  o.e.m.c.i.e.AbstractTransferListenerAdapter - Downloaded https://repo.maven.apache.org/maven2/org/apache/apache/26/apache-26.pom
2026-07-22 14:55:52,128 [Worker-42: Importing Maven projects] INFO  o.e.m.c.i.e.AbstractTransferListenerAdapter - Downloading https://repo.maven.apache.org/maven2/org/codehaus/plexus/plexus-utils/4.0.1/plexus-utils-4.0.1.pom
2026-07-22 14:55:52,131 [Worker-42: Importing Maven projects] INFO  o.e.m.c.i.e.AbstractTransferListenerAdapter - Downloaded https://repo.maven.apache.org/maven2/org/codehaus/plexus/plexus-utils/4.0.1/plexus-utils-4.0.1.pom
2026-07-22 14:55:52,152 [Worker-42: Importing Maven projects] INFO  o.e.m.c.i.e.AbstractTransferListenerAdapter - Downloading https://repo.maven.apache.org/maven2/commons-io/commons-io/2.16.1/commons-io-2.16.1.pom
2026-07-22 14:55:52,156 [Worker-42: Importing Maven projects] INFO  o.e.m.c.i.e.AbstractTransferListenerAdapter - Downloaded https://repo.maven.apache.org/maven2/commons-io/commons-io/2.16.1/commons-io-2.16.1.pom
2026-07-22 14:55:52,187 [Worker-42: Importing Maven projects] INFO  o.e.m.c.i.e.AbstractTransferListenerAdapter - Downloading https://repo.maven.apache.org/maven2/org/apache/commons/commons-parent/69/commons-parent-69.pom
2026-07-22 14:55:52,191 [Worker-42: Importing Maven projects] INFO  o.e.m.c.i.e.AbstractTransferListenerAdapter - Downloaded https://repo.maven.apache.org/maven2/org/apache/commons/commons-parent/69/commons-parent-69.pom
2026-07-22 14:55:52,212 [Worker-42: Importing Maven projects] INFO  o.e.m.c.i.e.AbstractTransferListenerAdapter - Downloading https://repo.maven.apache.org/maven2/org/apache/apache/31/apache-31.pom
2026-07-22 14:55:52,216 [Worker-42: Importing Maven projects] INFO  o.e.m.c.i.e.AbstractTransferListenerAdapter - Downloaded https://repo.maven.apache.org/maven2/org/apache/apache/31/apache-31.pom
2026-07-22 14:55:52,236 [Worker-42: Importing Maven projects] INFO  o.e.m.c.i.e.AbstractTransferListenerAdapter - Downloading https://repo.maven.apache.org/maven2/org/apache/maven/maven-archiver/3.6.2/maven-archiver-3.6.2.pom
2026-07-22 14:55:52,239 [Worker-42: Importing Maven projects] INFO  o.e.m.c.i.e.AbstractTransferListenerAdapter - Downloaded https://repo.maven.apache.org/maven2/org/apache/maven/maven-archiver/3.6.2/maven-archiver-3.6.2.pom
2026-07-22 14:55:52,261 [Worker-42: Importing Maven projects] INFO  o.e.m.c.i.e.AbstractTransferListenerAdapter - Downloading https://repo.maven.apache.org/maven2/org/apache/maven/shared/maven-shared-components/41/maven-shared-components-41.pom
2026-07-22 14:55:52,266 [Worker-42: Importing Maven projects] INFO  o.e.m.c.i.e.AbstractTransferListenerAdapter - Downloaded https://repo.maven.apache.org/maven2/org/apache/maven/shared/maven-shared-components/41/maven-shared-components-41.pom
2026-07-22 14:55:52,294 [Worker-42: Importing Maven projects] INFO  o.e.m.c.i.e.AbstractTransferListenerAdapter - Downloading https://repo.maven.apache.org/maven2/org/apache/maven/maven-parent/41/maven-parent-41.pom
2026-07-22 14:55:52,300 [Worker-42: Importing Maven projects] INFO  o.e.m.c.i.e.AbstractTransferListenerAdapter - Downloaded https://repo.maven.apache.org/maven2/org/apache/maven/maven-parent/41/maven-parent-41.pom
2026-07-22 14:55:52,322 [Worker-42: Importing Maven projects] INFO  o.e.m.c.i.e.AbstractTransferListenerAdapter - Downloading https://repo.maven.apache.org/maven2/org/codehaus/plexus/plexus-archiver/4.9.2/plexus-archiver-4.9.2.pom
2026-07-22 14:55:52,326 [Worker-42: Importing Maven projects] INFO  o.e.m.c.i.e.AbstractTransferListenerAdapter - Downloaded https://repo.maven.apache.org/maven2/org/codehaus/plexus/plexus-archiver/4.9.2/plexus-archiver-4.9.2.pom
2026-07-22 14:55:52,346 [Worker-42: Importing Maven projects] INFO  o.e.m.c.i.e.AbstractTransferListenerAdapter - Downloading https://repo.maven.apache.org/maven2/org/codehaus/plexus/plexus-io/3.4.2/plexus-io-3.4.2.pom
2026-07-22 14:55:52,350 [Worker-42: Importing Maven projects] INFO  o.e.m.c.i.e.AbstractTransferListenerAdapter - Downloaded https://repo.maven.apache.org/maven2/org/codehaus/plexus/plexus-io/3.4.2/plexus-io-3.4.2.pom
2026-07-22 14:55:52,369 [Worker-42: Importing Maven projects] INFO  o.e.m.c.i.e.AbstractTransferListenerAdapter - Downloading https://repo.maven.apache.org/maven2/org/codehaus/plexus/plexus/16/plexus-16.pom
2026-07-22 14:55:52,373 [Worker-42: Importing Maven projects] INFO  o.e.m.c.i.e.AbstractTransferListenerAdapter - Downloaded https://repo.maven.apache.org/maven2/org/codehaus/plexus/plexus/16/plexus-16.pom
2026-07-22 14:55:52,392 [Worker-42: Importing Maven projects] INFO  o.e.m.c.i.e.AbstractTransferListenerAdapter - Downloading https://repo.maven.apache.org/maven2/org/junit/junit-bom/5.10.1/junit-bom-5.10.1.pom
2026-07-22 14:55:52,396 [Worker-42: Importing Maven projects] INFO  o.e.m.c.i.e.AbstractTransferListenerAdapter - Downloaded https://repo.maven.apache.org/maven2/org/junit/junit-bom/5.10.1/junit-bom-5.10.1.pom
2026-07-22 14:55:52,423 [Worker-42: Importing Maven projects] INFO  o.e.m.c.i.e.AbstractTransferListenerAdapter - Downloading https://repo.maven.apache.org/maven2/org/apache/commons/commons-compress/1.26.1/commons-compress-1.26.1.pom
2026-07-22 14:55:52,428 [Worker-42: Importing Maven projects] INFO  o.e.m.c.i.e.AbstractTransferListenerAdapter - Downloaded https://repo.maven.apache.org/maven2/org/apache/commons/commons-compress/1.26.1/commons-compress-1.26.1.pom
2026-07-22 14:55:52,450 [Worker-42: Importing Maven projects] INFO  o.e.m.c.i.e.AbstractTransferListenerAdapter - Downloading https://repo.maven.apache.org/maven2/org/apache/commons/commons-parent/66/commons-parent-66.pom
2026-07-22 14:55:52,455 [Worker-42: Importing Maven projects] INFO  o.e.m.c.i.e.AbstractTransferListenerAdapter - Downloaded https://repo.maven.apache.org/maven2/org/apache/commons/commons-parent/66/commons-parent-66.pom
2026-07-22 14:55:52,478 [Worker-42: Importing Maven projects] INFO  o.e.m.c.i.e.AbstractTransferListenerAdapter - Downloading https://repo.maven.apache.org/maven2/commons-codec/commons-codec/1.16.1/commons-codec-1.16.1.pom
2026-07-22 14:55:52,482 [Worker-42: Importing Maven projects] INFO  o.e.m.c.i.e.AbstractTransferListenerAdapter - Downloaded https://repo.maven.apache.org/maven2/commons-codec/commons-codec/1.16.1/commons-codec-1.16.1.pom
2026-07-22 14:55:52,504 [Worker-42: Importing Maven projects] INFO  o.e.m.c.i.e.AbstractTransferListenerAdapter - Downloading https://repo.maven.apache.org/maven2/org/apache/commons/commons-lang3/3.14.0/commons-lang3-3.14.0.pom
2026-07-22 14:55:52,508 [Worker-42: Importing Maven projects] INFO  o.e.m.c.i.e.AbstractTransferListenerAdapter - Downloaded https://repo.maven.apache.org/maven2/org/apache/commons/commons-lang3/3.14.0/commons-lang3-3.14.0.pom
2026-07-22 14:55:52,530 [Worker-42: Importing Maven projects] INFO  o.e.m.c.i.e.AbstractTransferListenerAdapter - Downloading https://repo.maven.apache.org/maven2/org/apache/commons/commons-parent/64/commons-parent-64.pom
2026-07-22 14:55:52,536 [Worker-42: Importing Maven projects] INFO  o.e.m.c.i.e.AbstractTransferListenerAdapter - Downloaded https://repo.maven.apache.org/maven2/org/apache/commons/commons-parent/64/commons-parent-64.pom
2026-07-22 14:55:52,555 [Worker-42: Importing Maven projects] INFO  o.e.m.c.i.e.AbstractTransferListenerAdapter - Downloading https://repo.maven.apache.org/maven2/org/apache/apache/30/apache-30.pom
2026-07-22 14:55:52,558 [Worker-42: Importing Maven projects] INFO  o.e.m.c.i.e.AbstractTransferListenerAdapter - Downloaded https://repo.maven.apache.org/maven2/org/apache/apache/30/apache-30.pom
2026-07-22 14:55:52,577 [Worker-42: Importing Maven projects] INFO  o.e.m.c.i.e.AbstractTransferListenerAdapter - Downloading https://repo.maven.apache.org/maven2/org/junit/junit-bom/5.10.0/junit-bom-5.10.0.pom
2026-07-22 14:55:52,580 [Worker-42: Importing Maven projects] INFO  o.e.m.c.i.e.AbstractTransferListenerAdapter - Downloaded https://repo.maven.apache.org/maven2/org/junit/junit-bom/5.10.0/junit-bom-5.10.0.pom
2026-07-22 14:55:52,602 [Worker-42: Importing Maven projects] INFO  o.e.m.c.i.e.AbstractTransferListenerAdapter - Downloading https://repo.maven.apache.org/maven2/org/iq80/snappy/snappy/0.4/snappy-0.4.pom
2026-07-22 14:55:52,606 [Worker-42: Importing Maven projects] INFO  o.e.m.c.i.e.AbstractTransferListenerAdapter - Downloaded https://repo.maven.apache.org/maven2/org/iq80/snappy/snappy/0.4/snappy-0.4.pom
2026-07-22 14:55:52,628 [Worker-42: Importing Maven projects] INFO  o.e.m.c.i.e.AbstractTransferListenerAdapter - Downloading https://repo.maven.apache.org/maven2/org/tukaani/xz/1.9/xz-1.9.pom
2026-07-22 14:55:52,631 [Worker-42: Importing Maven projects] INFO  o.e.m.c.i.e.AbstractTransferListenerAdapter - Downloaded https://repo.maven.apache.org/maven2/org/tukaani/xz/1.9/xz-1.9.pom
2026-07-22 14:55:52,651 [Worker-42: Importing Maven projects] INFO  o.e.m.c.i.e.AbstractTransferListenerAdapter - Downloading https://repo.maven.apache.org/maven2/com/github/luben/zstd-jni/1.5.5-11/zstd-jni-1.5.5-11.pom
2026-07-22 14:55:52,655 [Worker-42: Importing Maven projects] INFO  o.e.m.c.i.e.AbstractTransferListenerAdapter - Downloaded https://repo.maven.apache.org/maven2/com/github/luben/zstd-jni/1.5.5-11/zstd-jni-1.5.5-11.pom
2026-07-22 14:55:52,678 [Worker-42: Importing Maven projects] INFO  o.e.m.c.i.e.AbstractTransferListenerAdapter - Downloading https://repo.maven.apache.org/maven2/org/codehaus/plexus/plexus-interpolation/1.27/plexus-interpolation-1.27.pom
2026-07-22 14:55:52,683 [Worker-42: Importing Maven projects] INFO  o.e.m.c.i.e.AbstractTransferListenerAdapter - Downloaded https://repo.maven.apache.org/maven2/org/codehaus/plexus/plexus-interpolation/1.27/plexus-interpolation-1.27.pom
2026-07-22 14:55:52,707 [BasicRepositoryConnector-repo.maven.apache.org-1-2] INFO  o.e.m.c.i.e.AbstractTransferListenerAdapter - Downloading https://repo.maven.apache.org/maven2/commons-io/commons-io/2.16.1/commons-io-2.16.1.jar
2026-07-22 14:55:52,708 [BasicRepositoryConnector-repo.maven.apache.org-1-0] INFO  o.e.m.c.i.e.AbstractTransferListenerAdapter - Downloading https://repo.maven.apache.org/maven2/org/apache/maven/shared/file-management/3.1.0/file-management-3.1.0.jar
2026-07-22 14:55:52,709 [BasicRepositoryConnector-repo.maven.apache.org-1-1] INFO  o.e.m.c.i.e.AbstractTransferListenerAdapter - Downloading https://repo.maven.apache.org/maven2/org/codehaus/plexus/plexus-utils/4.0.1/plexus-utils-4.0.1.jar
2026-07-22 14:55:52,710 [BasicRepositoryConnector-repo.maven.apache.org-1-0] INFO  o.e.m.c.i.e.AbstractTransferListenerAdapter - Downloaded https://repo.maven.apache.org/maven2/org/apache/maven/shared/file-management/3.1.0/file-management-3.1.0.jar
2026-07-22 14:55:52,714 [BasicRepositoryConnector-repo.maven.apache.org-1-4] INFO  o.e.m.c.i.e.AbstractTransferListenerAdapter - Downloading https://repo.maven.apache.org/maven2/org/codehaus/plexus/plexus-interpolation/1.27/plexus-interpolation-1.27.jar
2026-07-22 14:55:52,716 [BasicRepositoryConnector-repo.maven.apache.org-1-3] INFO  o.e.m.c.i.e.AbstractTransferListenerAdapter - Downloading https://repo.maven.apache.org/maven2/org/apache/maven/maven-archiver/3.6.2/maven-archiver-3.6.2.jar
2026-07-22 14:55:52,716 [BasicRepositoryConnector-repo.maven.apache.org-1-2] INFO  o.e.m.c.i.e.AbstractTransferListenerAdapter - Downloaded https://repo.maven.apache.org/maven2/commons-io/commons-io/2.16.1/commons-io-2.16.1.jar
2026-07-22 14:55:52,719 [BasicRepositoryConnector-repo.maven.apache.org-1-3] INFO  o.e.m.c.i.e.AbstractTransferListenerAdapter - Downloaded https://repo.maven.apache.org/maven2/org/apache/maven/maven-archiver/3.6.2/maven-archiver-3.6.2.jar
2026-07-22 14:55:52,719 [BasicRepositoryConnector-repo.maven.apache.org-1-4] INFO  o.e.m.c.i.e.AbstractTransferListenerAdapter - Downloaded https://repo.maven.apache.org/maven2/org/codehaus/plexus/plexus-interpolation/1.27/plexus-interpolation-1.27.jar
2026-07-22 14:55:52,719 [BasicRepositoryConnector-repo.maven.apache.org-1-1] INFO  o.e.m.c.i.e.AbstractTransferListenerAdapter - Downloaded https://repo.maven.apache.org/maven2/org/codehaus/plexus/plexus-utils/4.0.1/plexus-utils-4.0.1.jar
2026-07-22 14:55:52,729 [BasicRepositoryConnector-repo.maven.apache.org-1-0] INFO  o.e.m.c.i.e.AbstractTransferListenerAdapter - Downloading https://repo.maven.apache.org/maven2/org/codehaus/plexus/plexus-archiver/4.9.2/plexus-archiver-4.9.2.jar
2026-07-22 14:55:52,733 [BasicRepositoryConnector-repo.maven.apache.org-1-2] INFO  o.e.m.c.i.e.AbstractTransferListenerAdapter - Downloading https://repo.maven.apache.org/maven2/org/codehaus/plexus/plexus-io/3.4.2/plexus-io-3.4.2.jar
2026-07-22 14:55:52,735 [BasicRepositoryConnector-repo.maven.apache.org-1-0] INFO  o.e.m.c.i.e.AbstractTransferListenerAdapter - Downloaded https://repo.maven.apache.org/maven2/org/codehaus/plexus/plexus-archiver/4.9.2/plexus-archiver-4.9.2.jar
2026-07-22 14:55:52,735 [BasicRepositoryConnector-repo.maven.apache.org-1-1] INFO  o.e.m.c.i.e.AbstractTransferListenerAdapter - Downloading https://repo.maven.apache.org/maven2/commons-codec/commons-codec/1.16.1/commons-codec-1.16.1.jar
2026-07-22 14:55:52,736 [BasicRepositoryConnector-repo.maven.apache.org-1-4] INFO  o.e.m.c.i.e.AbstractTransferListenerAdapter - Downloading https://repo.maven.apache.org/maven2/org/apache/commons/commons-lang3/3.14.0/commons-lang3-3.14.0.jar
2026-07-22 14:55:52,737 [BasicRepositoryConnector-repo.maven.apache.org-1-2] INFO  o.e.m.c.i.e.AbstractTransferListenerAdapter - Downloaded https://repo.maven.apache.org/maven2/org/codehaus/plexus/plexus-io/3.4.2/plexus-io-3.4.2.jar
2026-07-22 14:55:52,742 [BasicRepositoryConnector-repo.maven.apache.org-1-3] INFO  o.e.m.c.i.e.AbstractTransferListenerAdapter - Downloading https://repo.maven.apache.org/maven2/org/apache/commons/commons-compress/1.26.1/commons-compress-1.26.1.jar
2026-07-22 14:55:52,743 [BasicRepositoryConnector-repo.maven.apache.org-1-1] INFO  o.e.m.c.i.e.AbstractTransferListenerAdapter - Downloaded https://repo.maven.apache.org/maven2/commons-codec/commons-codec/1.16.1/commons-codec-1.16.1.jar
2026-07-22 14:55:52,756 [BasicRepositoryConnector-repo.maven.apache.org-1-0] INFO  o.e.m.c.i.e.AbstractTransferListenerAdapter - Downloading https://repo.maven.apache.org/maven2/org/iq80/snappy/snappy/0.4/snappy-0.4.jar
2026-07-22 14:55:52,761 [BasicRepositoryConnector-repo.maven.apache.org-1-2] INFO  o.e.m.c.i.e.AbstractTransferListenerAdapter - Downloading https://repo.maven.apache.org/maven2/org/tukaani/xz/1.9/xz-1.9.jar
2026-07-22 14:55:52,764 [BasicRepositoryConnector-repo.maven.apache.org-1-1] INFO  o.e.m.c.i.e.AbstractTransferListenerAdapter - Downloading https://repo.maven.apache.org/maven2/com/github/luben/zstd-jni/1.5.5-11/zstd-jni-1.5.5-11.jar
2026-07-22 14:55:52,765 [BasicRepositoryConnector-repo.maven.apache.org-1-4] INFO  o.e.m.c.i.e.AbstractTransferListenerAdapter - Downloaded https://repo.maven.apache.org/maven2/org/apache/commons/commons-lang3/3.14.0/commons-lang3-3.14.0.jar
2026-07-22 14:55:52,765 [BasicRepositoryConnector-repo.maven.apache.org-1-0] INFO  o.e.m.c.i.e.AbstractTransferListenerAdapter - Downloaded https://repo.maven.apache.org/maven2/org/iq80/snappy/snappy/0.4/snappy-0.4.jar
2026-07-22 14:55:52,767 [BasicRepositoryConnector-repo.maven.apache.org-1-3] INFO  o.e.m.c.i.e.AbstractTransferListenerAdapter - Downloaded https://repo.maven.apache.org/maven2/org/apache/commons/commons-compress/1.26.1/commons-compress-1.26.1.jar
2026-07-22 14:55:52,769 [BasicRepositoryConnector-repo.maven.apache.org-1-2] INFO  o.e.m.c.i.e.AbstractTransferListenerAdapter - Downloaded https://repo.maven.apache.org/maven2/org/tukaani/xz/1.9/xz-1.9.jar
2026-07-22 14:55:52,849 [BasicRepositoryConnector-repo.maven.apache.org-1-1] INFO  o.e.m.c.i.e.AbstractTransferListenerAdapter - Downloaded https://repo.maven.apache.org/maven2/com/github/luben/zstd-jni/1.5.5-11/zstd-jni-1.5.5-11.jar
2026-07-22 14:55:53,229 [Worker-42: Importing Maven projects] INFO  o.e.m.c.i.e.AbstractTransferListenerAdapter - Downloading https://repo.maven.apache.org/maven2/org/codehaus/plexus/plexus-interpolation/1.26/plexus-interpolation-1.26.pom
2026-07-22 14:55:53,232 [Worker-42: Importing Maven projects] INFO  o.e.m.c.i.e.AbstractTransferListenerAdapter - Downloaded https://repo.maven.apache.org/maven2/org/codehaus/plexus/plexus-interpolation/1.26/plexus-interpolation-1.26.pom
2026-07-22 14:55:53,253 [Worker-42: Importing Maven projects] INFO  o.e.m.c.i.e.AbstractTransferListenerAdapter - Downloading https://repo.maven.apache.org/maven2/org/codehaus/plexus/plexus/5.1/plexus-5.1.pom
2026-07-22 14:55:53,256 [Worker-42: Importing Maven projects] INFO  o.e.m.c.i.e.AbstractTransferListenerAdapter - Downloaded https://repo.maven.apache.org/maven2/org/codehaus/plexus/plexus/5.1/plexus-5.1.pom
2026-07-22 14:55:53,276 [Worker-42: Importing Maven projects] INFO  o.e.m.c.i.e.AbstractTransferListenerAdapter - Downloading https://repo.maven.apache.org/maven2/org/codehaus/plexus/plexus-utils/3.5.1/plexus-utils-3.5.1.pom
2026-07-22 14:55:53,279 [Worker-42: Importing Maven projects] INFO  o.e.m.c.i.e.AbstractTransferListenerAdapter - Downloaded https://repo.maven.apache.org/maven2/org/codehaus/plexus/plexus-utils/3.5.1/plexus-utils-3.5.1.pom
2026-07-22 14:55:53,299 [Worker-42: Importing Maven projects] INFO  o.e.m.c.i.e.AbstractTransferListenerAdapter - Downloading https://repo.maven.apache.org/maven2/org/codehaus/plexus/plexus/10/plexus-10.pom
2026-07-22 14:55:53,302 [Worker-42: Importing Maven projects] INFO  o.e.m.c.i.e.AbstractTransferListenerAdapter - Downloaded https://repo.maven.apache.org/maven2/org/codehaus/plexus/plexus/10/plexus-10.pom
2026-07-22 14:55:53,323 [Worker-42: Importing Maven projects] INFO  o.e.m.c.i.e.AbstractTransferListenerAdapter - Downloading https://repo.maven.apache.org/maven2/org/apache/maven/shared/maven-filtering/3.3.1/maven-filtering-3.3.1.pom
2026-07-22 14:55:53,326 [Worker-42: Importing Maven projects] INFO  o.e.m.c.i.e.AbstractTransferListenerAdapter - Downloaded https://repo.maven.apache.org/maven2/org/apache/maven/shared/maven-filtering/3.3.1/maven-filtering-3.3.1.pom
2026-07-22 14:55:53,347 [Worker-42: Importing Maven projects] INFO  o.e.m.c.i.e.AbstractTransferListenerAdapter - Downloading https://repo.maven.apache.org/maven2/org/sonatype/plexus/plexus-build-api/0.0.7/plexus-build-api-0.0.7.pom
2026-07-22 14:55:53,350 [Worker-42: Importing Maven projects] INFO  o.e.m.c.i.e.AbstractTransferListenerAdapter - Downloaded https://repo.maven.apache.org/maven2/org/sonatype/plexus/plexus-build-api/0.0.7/plexus-build-api-0.0.7.pom
2026-07-22 14:55:53,370 [Worker-42: Importing Maven projects] INFO  o.e.m.c.i.e.AbstractTransferListenerAdapter - Downloading https://repo.maven.apache.org/maven2/org/sonatype/spice/spice-parent/15/spice-parent-15.pom
2026-07-22 14:55:53,374 [Worker-42: Importing Maven projects] INFO  o.e.m.c.i.e.AbstractTransferListenerAdapter - Downloaded https://repo.maven.apache.org/maven2/org/sonatype/spice/spice-parent/15/spice-parent-15.pom
2026-07-22 14:55:53,394 [Worker-42: Importing Maven projects] INFO  o.e.m.c.i.e.AbstractTransferListenerAdapter - Downloading https://repo.maven.apache.org/maven2/org/sonatype/forge/forge-parent/5/forge-parent-5.pom
2026-07-22 14:55:53,398 [Worker-42: Importing Maven projects] INFO  o.e.m.c.i.e.AbstractTransferListenerAdapter - Downloaded https://repo.maven.apache.org/maven2/org/sonatype/forge/forge-parent/5/forge-parent-5.pom
2026-07-22 14:55:53,417 [Worker-42: Importing Maven projects] INFO  o.e.m.c.i.e.AbstractTransferListenerAdapter - Downloading https://repo.maven.apache.org/maven2/org/codehaus/plexus/plexus-utils/3.5.0/plexus-utils-3.5.0.pom
2026-07-22 14:55:53,419 [Worker-42: Importing Maven projects] INFO  o.e.m.c.i.e.AbstractTransferListenerAdapter - Downloaded https://repo.maven.apache.org/maven2/org/codehaus/plexus/plexus-utils/3.5.0/plexus-utils-3.5.0.pom
2026-07-22 14:55:53,439 [Worker-42: Importing Maven projects] INFO  o.e.m.c.i.e.AbstractTransferListenerAdapter - Downloading https://repo.maven.apache.org/maven2/org/apache/commons/commons-lang3/3.12.0/commons-lang3-3.12.0.pom
2026-07-22 14:55:53,443 [Worker-42: Importing Maven projects] INFO  o.e.m.c.i.e.AbstractTransferListenerAdapter - Downloaded https://repo.maven.apache.org/maven2/org/apache/commons/commons-lang3/3.12.0/commons-lang3-3.12.0.pom
2026-07-22 14:55:53,465 [Worker-42: Importing Maven projects] INFO  o.e.m.c.i.e.AbstractTransferListenerAdapter - Downloading https://repo.maven.apache.org/maven2/org/junit/junit-bom/5.7.1/junit-bom-5.7.1.pom
2026-07-22 14:55:53,467 [Worker-42: Importing Maven projects] INFO  o.e.m.c.i.e.AbstractTransferListenerAdapter - Downloaded https://repo.maven.apache.org/maven2/org/junit/junit-bom/5.7.1/junit-bom-5.7.1.pom
2026-07-22 14:55:53,488 [BasicRepositoryConnector-repo.maven.apache.org-2-4] INFO  o.e.m.c.i.e.AbstractTransferListenerAdapter - Downloading https://repo.maven.apache.org/maven2/org/apache/commons/commons-lang3/3.12.0/commons-lang3-3.12.0.jar
2026-07-22 14:55:53,489 [BasicRepositoryConnector-repo.maven.apache.org-2-2] INFO  o.e.m.c.i.e.AbstractTransferListenerAdapter - Downloading https://repo.maven.apache.org/maven2/org/apache/maven/shared/maven-filtering/3.3.1/maven-filtering-3.3.1.jar
2026-07-22 14:55:53,491 [BasicRepositoryConnector-repo.maven.apache.org-2-1] INFO  o.e.m.c.i.e.AbstractTransferListenerAdapter - Downloading https://repo.maven.apache.org/maven2/org/codehaus/plexus/plexus-utils/3.5.1/plexus-utils-3.5.1.jar
2026-07-22 14:55:53,492 [BasicRepositoryConnector-repo.maven.apache.org-2-2] INFO  o.e.m.c.i.e.AbstractTransferListenerAdapter - Downloaded https://repo.maven.apache.org/maven2/org/apache/maven/shared/maven-filtering/3.3.1/maven-filtering-3.3.1.jar
2026-07-22 14:55:53,503 [BasicRepositoryConnector-repo.maven.apache.org-2-1] INFO  o.e.m.c.i.e.AbstractTransferListenerAdapter - Downloaded https://repo.maven.apache.org/maven2/org/codehaus/plexus/plexus-utils/3.5.1/plexus-utils-3.5.1.jar
2026-07-22 14:55:53,503 [BasicRepositoryConnector-repo.maven.apache.org-2-0] INFO  o.e.m.c.i.e.AbstractTransferListenerAdapter - Downloading https://repo.maven.apache.org/maven2/org/codehaus/plexus/plexus-interpolation/1.26/plexus-interpolation-1.26.jar
2026-07-22 14:55:53,503 [BasicRepositoryConnector-repo.maven.apache.org-2-3] INFO  o.e.m.c.i.e.AbstractTransferListenerAdapter - Downloading https://repo.maven.apache.org/maven2/org/sonatype/plexus/plexus-build-api/0.0.7/plexus-build-api-0.0.7.jar
2026-07-22 14:55:53,506 [BasicRepositoryConnector-repo.maven.apache.org-2-3] INFO  o.e.m.c.i.e.AbstractTransferListenerAdapter - Downloaded https://repo.maven.apache.org/maven2/org/sonatype/plexus/plexus-build-api/0.0.7/plexus-build-api-0.0.7.jar
2026-07-22 14:55:53,506 [BasicRepositoryConnector-repo.maven.apache.org-2-0] INFO  o.e.m.c.i.e.AbstractTransferListenerAdapter - Downloaded https://repo.maven.apache.org/maven2/org/codehaus/plexus/plexus-interpolation/1.26/plexus-interpolation-1.26.jar
2026-07-22 14:55:53,508 [BasicRepositoryConnector-repo.maven.apache.org-2-4] INFO  o.e.m.c.i.e.AbstractTransferListenerAdapter - Downloaded https://repo.maven.apache.org/maven2/org/apache/commons/commons-lang3/3.12.0/commons-lang3-3.12.0.jar
2026-07-22 14:55:53,535 [Worker-42: Importing Maven projects] INFO  o.e.m.j.i.AbstractJavaProjectConfigurator - Adding source folder /ex_0722/src/main/java
2026-07-22 14:55:53,536 [Worker-42: Importing Maven projects] INFO  o.e.m.j.i.AbstractJavaProjectConfigurator - Adding resource folder /ex_0722/src/main/resources
2026-07-22 14:55:53,538 [Worker-42: Importing Maven projects] INFO  o.e.m.j.i.AbstractJavaProjectConfigurator - Adding resource folder /ex_0722/src/main/resources
2026-07-22 14:55:53,541 [Worker-42: Importing Maven projects] INFO  o.e.m.j.i.AbstractJavaProjectConfigurator - Adding source folder /ex_0722/src/test/java
2026-07-22 14:55:53,543 [Worker-42: Importing Maven projects] INFO  o.e.m.j.i.AbstractJavaProjectConfigurator - Adding resource folder /ex_0722/src/test/resources
2026-07-22 14:55:53,787 [Worker-42: Importing Maven projects] WARN  o.apache.maven.project.MavenProject - Plugin is modifying compileSourceRoots through clear(), which will not work in Maven 4.0.0. Use MavenProject.addCompileSourceRoot()/removeCompileSourceRoot() methods instead. If using a plugin, please upgrade to the latest version or report the issue to the plugin maintainer. To disable these warnings, set -Dmaven.project.sourceRoots.warningsDisabled=true on the command line, in the .mvn/maven.config file, or in project POM properties.
2026-07-22 14:55:53,788 [Worker-42: Importing Maven projects] WARN  o.apache.maven.project.MavenProject - Plugin is modifying compileSourceRoots through add(), which will not work in Maven 4.0.0. Use MavenProject.addCompileSourceRoot()/removeCompileSourceRoot() methods instead. If using a plugin, please upgrade to the latest version or report the issue to the plugin maintainer. To disable these warnings, set -Dmaven.project.sourceRoots.warningsDisabled=true on the command line, in the .mvn/maven.config file, or in project POM properties.
2026-07-22 14:55:53,788 [Worker-42: Importing Maven projects] WARN  o.apache.maven.project.MavenProject - Plugin is modifying testCompileSourceRoots through clear(), which will not work in Maven 4.0.0. Use MavenProject.addTestCompileSourceRoot()/removeTestCompileSourceRoot() methods instead. If using a plugin, please upgrade to the latest version or report the issue to the plugin maintainer. To disable these warnings, set -Dmaven.project.sourceRoots.warningsDisabled=true on the command line, in the .mvn/maven.config file, or in project POM properties.
2026-07-22 14:55:53,789 [Worker-42: Importing Maven projects] WARN  o.apache.maven.project.MavenProject - Plugin is modifying testCompileSourceRoots through add(), which will not work in Maven 4.0.0. Use MavenProject.addTestCompileSourceRoot()/removeTestCompileSourceRoot() methods instead. If using a plugin, please upgrade to the latest version or report the issue to the plugin maintainer. To disable these warnings, set -Dmaven.project.sourceRoots.warningsDisabled=true on the command line, in the .mvn/maven.config file, or in project POM properties.
2026-07-22 14:55:53,804 [Worker-42: Importing Maven projects] INFO  o.e.m.c.i.p.ProjectConfigurationManager - Imported and configured 1 project(s) in 4 sec
2026-07-22 14:55:54,112 [Worker-40: Download sources and javadoc] INFO  o.e.m.c.i.e.AbstractTransferListenerAdapter - Downloading https://repo.maven.apache.org/maven2/org/springframework/boot/spring-boot-starter-webmvc/4.0.7/spring-boot-starter-webmvc-4.0.7-sources.jar
2026-07-22 14:55:54,115 [Worker-40: Download sources and javadoc] INFO  o.e.m.c.i.e.AbstractTransferListenerAdapter - Downloaded https://repo.maven.apache.org/maven2/org/springframework/boot/spring-boot-starter-webmvc/4.0.7/spring-boot-starter-webmvc-4.0.7-sources.jar
2026-07-22 14:55:54,117 [Worker-40: Download sources and javadoc] INFO  o.e.m.j.internal.DownloadSourcesJob - Downloaded sources for org.springframework.boot:spring-boot-starter-webmvc:4.0.7
2026-07-22 14:55:54,154 [Worker-40: Download sources and javadoc] INFO  o.e.m.c.i.e.AbstractTransferListenerAdapter - Downloading https://repo.maven.apache.org/maven2/org/springframework/boot/spring-boot-starter/4.0.7/spring-boot-starter-4.0.7-sources.jar
2026-07-22 14:55:54,157 [Worker-40: Download sources and javadoc] INFO  o.e.m.c.i.e.AbstractTransferListenerAdapter - Downloaded https://repo.maven.apache.org/maven2/org/springframework/boot/spring-boot-starter/4.0.7/spring-boot-starter-4.0.7-sources.jar
2026-07-22 14:55:54,159 [Worker-40: Download sources and javadoc] INFO  o.e.m.j.internal.DownloadSourcesJob - Downloaded sources for org.springframework.boot:spring-boot-starter:4.0.7
2026-07-22 14:55:54,190 [Worker-40: Download sources and javadoc] INFO  o.e.m.c.i.e.AbstractTransferListenerAdapter - Downloading https://repo.maven.apache.org/maven2/org/springframework/boot/spring-boot-starter-logging/4.0.7/spring-boot-starter-logging-4.0.7-sources.jar
2026-07-22 14:55:54,194 [Worker-40: Download sources and javadoc] INFO  o.e.m.c.i.e.AbstractTransferListenerAdapter - Downloaded https://repo.maven.apache.org/maven2/org/springframework/boot/spring-boot-starter-logging/4.0.7/spring-boot-starter-logging-4.0.7-sources.jar
2026-07-22 14:55:54,196 [Worker-40: Download sources and javadoc] INFO  o.e.m.j.internal.DownloadSourcesJob - Downloaded sources for org.springframework.boot:spring-boot-starter-logging:4.0.7
2026-07-22 14:55:54,233 [Worker-40: Download sources and javadoc] INFO  o.e.m.c.i.e.AbstractTransferListenerAdapter - Downloading https://repo.maven.apache.org/maven2/ch/qos/logback/logback-classic/1.5.34/logback-classic-1.5.34-sources.jar
2026-07-22 14:55:54,245 [Worker-40: Download sources and javadoc] INFO  o.e.m.c.i.e.AbstractTransferListenerAdapter - Downloaded https://repo.maven.apache.org/maven2/ch/qos/logback/logback-classic/1.5.34/logback-classic-1.5.34-sources.jar
2026-07-22 14:55:54,248 [Worker-40: Download sources and javadoc] INFO  o.e.m.j.internal.DownloadSourcesJob - Downloaded sources for ch.qos.logback:logback-classic:1.5.34
2026-07-22 14:55:54,273 [Worker-43: Building] INFO  o.a.m.s.f.DefaultMavenResourcesFiltering - Copying 1 resource from src\main\resources to target\classes
2026-07-22 14:55:54,282 [Worker-40: Download sources and javadoc] INFO  o.e.m.c.i.e.AbstractTransferListenerAdapter - Downloading https://repo.maven.apache.org/maven2/ch/qos/logback/logback-core/1.5.34/logback-core-1.5.34-sources.jar
2026-07-22 14:55:54,290 [Worker-43: Building] INFO  o.a.m.s.f.DefaultMavenResourcesFiltering - Copying 0 resource from src\main\resources to target\classes
2026-07-22 14:55:54,294 [Worker-43: Building] INFO  o.a.m.s.f.DefaultMavenResourcesFiltering - skip non existing resourceDirectory C:\Users\adminn\Desktop\web-ay\server\ex_0722\src\test\resources
2026-07-22 14:55:54,301 [Worker-40: Download sources and javadoc] INFO  o.e.m.c.i.e.AbstractTransferListenerAdapter - Downloaded https://repo.maven.apache.org/maven2/ch/qos/logback/logback-core/1.5.34/logback-core-1.5.34-sources.jar
2026-07-22 14:55:54,303 [Worker-40: Download sources and javadoc] INFO  o.e.m.j.internal.DownloadSourcesJob - Downloaded sources for ch.qos.logback:logback-core:1.5.34
2026-07-22 14:55:54,337 [Worker-40: Download sources and javadoc] INFO  o.e.m.c.i.e.AbstractTransferListenerAdapter - Downloading https://repo.maven.apache.org/maven2/org/apache/logging/log4j/log4j-to-slf4j/2.25.4/log4j-to-slf4j-2.25.4-sources.jar
2026-07-22 14:55:54,340 [Worker-40: Download sources and javadoc] INFO  o.e.m.c.i.e.AbstractTransferListenerAdapter - Downloaded https://repo.maven.apache.org/maven2/org/apache/logging/log4j/log4j-to-slf4j/2.25.4/log4j-to-slf4j-2.25.4-sources.jar
2026-07-22 14:55:54,343 [Worker-40: Download sources and javadoc] INFO  o.e.m.j.internal.DownloadSourcesJob - Downloaded sources for org.apache.logging.log4j:log4j-to-slf4j:2.25.4
2026-07-22 14:55:54,390 [Worker-40: Download sources and javadoc] INFO  o.e.m.c.i.e.AbstractTransferListenerAdapter - Downloading https://repo.maven.apache.org/maven2/org/apache/logging/log4j/log4j-api/2.25.4/log4j-api-2.25.4-sources.jar
2026-07-22 14:55:54,403 [Worker-40: Download sources and javadoc] INFO  o.e.m.c.i.e.AbstractTransferListenerAdapter - Downloaded https://repo.maven.apache.org/maven2/org/apache/logging/log4j/log4j-api/2.25.4/log4j-api-2.25.4-sources.jar
2026-07-22 14:55:54,406 [Worker-40: Download sources and javadoc] INFO  o.e.m.j.internal.DownloadSourcesJob - Downloaded sources for org.apache.logging.log4j:log4j-api:2.25.4
2026-07-22 14:55:54,451 [Worker-40: Download sources and javadoc] INFO  o.e.m.c.i.e.AbstractTransferListenerAdapter - Downloading https://repo.maven.apache.org/maven2/org/slf4j/jul-to-slf4j/2.0.18/jul-to-slf4j-2.0.18-sources.jar
2026-07-22 14:55:54,455 [Worker-40: Download sources and javadoc] INFO  o.e.m.c.i.e.AbstractTransferListenerAdapter - Downloaded https://repo.maven.apache.org/maven2/org/slf4j/jul-to-slf4j/2.0.18/jul-to-slf4j-2.0.18-sources.jar
2026-07-22 14:55:54,458 [Worker-40: Download sources and javadoc] INFO  o.e.m.j.internal.DownloadSourcesJob - Downloaded sources for org.slf4j:jul-to-slf4j:2.0.18
2026-07-22 14:55:54,496 [Worker-40: Download sources and javadoc] INFO  o.e.m.c.i.e.AbstractTransferListenerAdapter - Downloading https://repo.maven.apache.org/maven2/jakarta/annotation/jakarta.annotation-api/3.0.0/jakarta.annotation-api-3.0.0-sources.jar
2026-07-22 14:55:54,501 [Worker-40: Download sources and javadoc] INFO  o.e.m.c.i.e.AbstractTransferListenerAdapter - Downloaded https://repo.maven.apache.org/maven2/jakarta/annotation/jakarta.annotation-api/3.0.0/jakarta.annotation-api-3.0.0-sources.jar
2026-07-22 14:55:54,503 [Worker-40: Download sources and javadoc] INFO  o.e.m.j.internal.DownloadSourcesJob - Downloaded sources for jakarta.annotation:jakarta.annotation-api:3.0.0
2026-07-22 14:55:54,535 [Worker-40: Download sources and javadoc] INFO  o.e.m.c.i.e.AbstractTransferListenerAdapter - Downloading https://repo.maven.apache.org/maven2/org/yaml/snakeyaml/2.5/snakeyaml-2.5-sources.jar
2026-07-22 14:55:54,546 [Worker-40: Download sources and javadoc] INFO  o.e.m.c.i.e.AbstractTransferListenerAdapter - Downloaded https://repo.maven.apache.org/maven2/org/yaml/snakeyaml/2.5/snakeyaml-2.5-sources.jar
2026-07-22 14:55:54,548 [Worker-40: Download sources and javadoc] INFO  o.e.m.j.internal.DownloadSourcesJob - Downloaded sources for org.yaml:snakeyaml:2.5
2026-07-22 14:55:54,586 [Worker-40: Download sources and javadoc] INFO  o.e.m.c.i.e.AbstractTransferListenerAdapter - Downloading https://repo.maven.apache.org/maven2/org/springframework/boot/spring-boot-starter-jackson/4.0.7/spring-boot-starter-jackson-4.0.7-sources.jar
2026-07-22 14:55:54,589 [Worker-40: Download sources and javadoc] INFO  o.e.m.c.i.e.AbstractTransferListenerAdapter - Downloaded https://repo.maven.apache.org/maven2/org/springframework/boot/spring-boot-starter-jackson/4.0.7/spring-boot-starter-jackson-4.0.7-sources.jar
2026-07-22 14:55:54,590 [Worker-40: Download sources and javadoc] INFO  o.e.m.j.internal.DownloadSourcesJob - Downloaded sources for org.springframework.boot:spring-boot-starter-jackson:4.0.7
2026-07-22 14:55:54,628 [Worker-40: Download sources and javadoc] INFO  o.e.m.c.i.e.AbstractTransferListenerAdapter - Downloading https://repo.maven.apache.org/maven2/org/springframework/boot/spring-boot-jackson/4.0.7/spring-boot-jackson-4.0.7-sources.jar
2026-07-22 14:55:54,632 [Worker-40: Download sources and javadoc] INFO  o.e.m.c.i.e.AbstractTransferListenerAdapter - Downloaded https://repo.maven.apache.org/maven2/org/springframework/boot/spring-boot-jackson/4.0.7/spring-boot-jackson-4.0.7-sources.jar
2026-07-22 14:55:54,634 [Worker-40: Download sources and javadoc] INFO  o.e.m.j.internal.DownloadSourcesJob - Downloaded sources for org.springframework.boot:spring-boot-jackson:4.0.7
2026-07-22 14:55:54,671 [Worker-40: Download sources and javadoc] INFO  o.e.m.c.i.e.AbstractTransferListenerAdapter - Downloading https://repo.maven.apache.org/maven2/tools/jackson/core/jackson-databind/3.1.4/jackson-databind-3.1.4-sources.jar
2026-07-22 14:55:54,702 [Worker-40: Download sources and javadoc] INFO  o.e.m.c.i.e.AbstractTransferListenerAdapter - Downloaded https://repo.maven.apache.org/maven2/tools/jackson/core/jackson-databind/3.1.4/jackson-databind-3.1.4-sources.jar
2026-07-22 14:55:54,705 [Worker-40: Download sources and javadoc] INFO  o.e.m.j.internal.DownloadSourcesJob - Downloaded sources for tools.jackson.core:jackson-databind:3.1.4
2026-07-22 14:55:54,749 [Worker-40: Download sources and javadoc] INFO  o.e.m.c.i.e.AbstractTransferListenerAdapter - Downloading https://repo.maven.apache.org/maven2/com/fasterxml/jackson/core/jackson-annotations/2.21/jackson-annotations-2.21-sources.jar
2026-07-22 14:55:54,756 [Worker-40: Download sources and javadoc] INFO  o.e.m.c.i.e.AbstractTransferListenerAdapter - Downloaded https://repo.maven.apache.org/maven2/com/fasterxml/jackson/core/jackson-annotations/2.21/jackson-annotations-2.21-sources.jar
2026-07-22 14:55:54,758 [Worker-40: Download sources and javadoc] INFO  o.e.m.j.internal.DownloadSourcesJob - Downloaded sources for com.fasterxml.jackson.core:jackson-annotations:2.21
2026-07-22 14:55:54,778 [Worker-43: Building] WARN  o.apache.maven.project.MavenProject - Plugin is modifying compileSourceRoots through clear(), which will not work in Maven 4.0.0. Use MavenProject.addCompileSourceRoot()/removeCompileSourceRoot() methods instead. If using a plugin, please upgrade to the latest version or report the issue to the plugin maintainer. To disable these warnings, set -Dmaven.project.sourceRoots.warningsDisabled=true on the command line, in the .mvn/maven.config file, or in project POM properties.
2026-07-22 14:55:54,779 [Worker-43: Building] WARN  o.apache.maven.project.MavenProject - Plugin is modifying compileSourceRoots through add(), which will not work in Maven 4.0.0. Use MavenProject.addCompileSourceRoot()/removeCompileSourceRoot() methods instead. If using a plugin, please upgrade to the latest version or report the issue to the plugin maintainer. To disable these warnings, set -Dmaven.project.sourceRoots.warningsDisabled=true on the command line, in the .mvn/maven.config file, or in project POM properties.
2026-07-22 14:55:54,780 [Worker-43: Building] WARN  o.apache.maven.project.MavenProject - Plugin is modifying testCompileSourceRoots through clear(), which will not work in Maven 4.0.0. Use MavenProject.addTestCompileSourceRoot()/removeTestCompileSourceRoot() methods instead. If using a plugin, please upgrade to the latest version or report the issue to the plugin maintainer. To disable these warnings, set -Dmaven.project.sourceRoots.warningsDisabled=true on the command line, in the .mvn/maven.config file, or in project POM properties.
2026-07-22 14:55:54,781 [Worker-43: Building] WARN  o.apache.maven.project.MavenProject - Plugin is modifying testCompileSourceRoots through add(), which will not work in Maven 4.0.0. Use MavenProject.addTestCompileSourceRoot()/removeTestCompileSourceRoot() methods instead. If using a plugin, please upgrade to the latest version or report the issue to the plugin maintainer. To disable these warnings, set -Dmaven.project.sourceRoots.warningsDisabled=true on the command line, in the .mvn/maven.config file, or in project POM properties.
2026-07-22 14:55:54,805 [Worker-40: Download sources and javadoc] INFO  o.e.m.c.i.e.AbstractTransferListenerAdapter - Downloading https://repo.maven.apache.org/maven2/tools/jackson/core/jackson-core/3.1.4/jackson-core-3.1.4-sources.jar
2026-07-22 14:55:54,823 [Worker-40: Download sources and javadoc] INFO  o.e.m.c.i.e.AbstractTransferListenerAdapter - Downloaded https://repo.maven.apache.org/maven2/tools/jackson/core/jackson-core/3.1.4/jackson-core-3.1.4-sources.jar
2026-07-22 14:55:54,827 [Worker-40: Download sources and javadoc] INFO  o.e.m.j.internal.DownloadSourcesJob - Downloaded sources for tools.jackson.core:jackson-core:3.1.4
2026-07-22 14:55:54,872 [Worker-40: Download sources and javadoc] INFO  o.e.m.c.i.e.AbstractTransferListenerAdapter - Downloading https://repo.maven.apache.org/maven2/org/springframework/boot/spring-boot-starter-tomcat/4.0.7/spring-boot-starter-tomcat-4.0.7-sources.jar
2026-07-22 14:55:54,876 [Worker-40: Download sources and javadoc] INFO  o.e.m.c.i.e.AbstractTransferListenerAdapter - Downloaded https://repo.maven.apache.org/maven2/org/springframework/boot/spring-boot-starter-tomcat/4.0.7/spring-boot-starter-tomcat-4.0.7-sources.jar
2026-07-22 14:55:54,880 [Worker-40: Download sources and javadoc] INFO  o.e.m.j.internal.DownloadSourcesJob - Downloaded sources for org.springframework.boot:spring-boot-starter-tomcat:4.0.7
2026-07-22 14:55:56,278 [Worker-40: Download sources and javadoc] INFO  o.e.m.c.i.e.AbstractTransferListenerAdapter - Downloading https://repo.maven.apache.org/maven2/org/springframework/boot/spring-boot-starter-tomcat-runtime/4.0.7/spring-boot-starter-tomcat-runtime-4.0.7-sources.jar
2026-07-22 14:55:56,284 [Worker-40: Download sources and javadoc] INFO  o.e.m.c.i.e.AbstractTransferListenerAdapter - Downloaded https://repo.maven.apache.org/maven2/org/springframework/boot/spring-boot-starter-tomcat-runtime/4.0.7/spring-boot-starter-tomcat-runtime-4.0.7-sources.jar
2026-07-22 14:55:56,286 [Worker-40: Download sources and javadoc] INFO  o.e.m.j.internal.DownloadSourcesJob - Downloaded sources for org.springframework.boot:spring-boot-starter-tomcat-runtime:4.0.7
2026-07-22 14:55:56,342 [Worker-40: Download sources and javadoc] INFO  o.e.m.c.i.e.AbstractTransferListenerAdapter - Downloading https://repo.maven.apache.org/maven2/org/apache/tomcat/embed/tomcat-embed-core/11.0.22/tomcat-embed-core-11.0.22-sources.jar
2026-07-22 14:55:56,416 [Worker-40: Download sources and javadoc] INFO  o.e.m.c.i.e.AbstractTransferListenerAdapter - Downloaded https://repo.maven.apache.org/maven2/org/apache/tomcat/embed/tomcat-embed-core/11.0.22/tomcat-embed-core-11.0.22-sources.jar
2026-07-22 14:55:56,418 [Worker-40: Download sources and javadoc] INFO  o.e.m.j.internal.DownloadSourcesJob - Downloaded sources for org.apache.tomcat.embed:tomcat-embed-core:11.0.22
2026-07-22 14:55:56,453 [Worker-40: Download sources and javadoc] INFO  o.e.m.c.i.e.AbstractTransferListenerAdapter - Downloading https://repo.maven.apache.org/maven2/org/apache/tomcat/embed/tomcat-embed-el/11.0.22/tomcat-embed-el-11.0.22-sources.jar
2026-07-22 14:55:56,467 [Worker-40: Download sources and javadoc] INFO  o.e.m.c.i.e.AbstractTransferListenerAdapter - Downloaded https://repo.maven.apache.org/maven2/org/apache/tomcat/embed/tomcat-embed-el/11.0.22/tomcat-embed-el-11.0.22-sources.jar
2026-07-22 14:55:56,469 [Worker-40: Download sources and javadoc] INFO  o.e.m.j.internal.DownloadSourcesJob - Downloaded sources for org.apache.tomcat.embed:tomcat-embed-el:11.0.22
2026-07-22 14:55:56,503 [Worker-40: Download sources and javadoc] INFO  o.e.m.c.i.e.AbstractTransferListenerAdapter - Downloading https://repo.maven.apache.org/maven2/org/apache/tomcat/embed/tomcat-embed-websocket/11.0.22/tomcat-embed-websocket-11.0.22-sources.jar
2026-07-22 14:55:56,515 [Worker-40: Download sources and javadoc] INFO  o.e.m.c.i.e.AbstractTransferListenerAdapter - Downloaded https://repo.maven.apache.org/maven2/org/apache/tomcat/embed/tomcat-embed-websocket/11.0.22/tomcat-embed-websocket-11.0.22-sources.jar
2026-07-22 14:55:56,517 [Worker-40: Download sources and javadoc] INFO  o.e.m.j.internal.DownloadSourcesJob - Downloaded sources for org.apache.tomcat.embed:tomcat-embed-websocket:11.0.22
2026-07-22 14:55:56,553 [Worker-40: Download sources and javadoc] INFO  o.e.m.c.i.e.AbstractTransferListenerAdapter - Downloading https://repo.maven.apache.org/maven2/org/springframework/boot/spring-boot-tomcat/4.0.7/spring-boot-tomcat-4.0.7-sources.jar
2026-07-22 14:55:56,558 [Worker-40: Download sources and javadoc] INFO  o.e.m.c.i.e.AbstractTransferListenerAdapter - Downloaded https://repo.maven.apache.org/maven2/org/springframework/boot/spring-boot-tomcat/4.0.7/spring-boot-tomcat-4.0.7-sources.jar
2026-07-22 14:55:56,560 [Worker-40: Download sources and javadoc] INFO  o.e.m.j.internal.DownloadSourcesJob - Downloaded sources for org.springframework.boot:spring-boot-tomcat:4.0.7
2026-07-22 14:55:56,596 [Worker-40: Download sources and javadoc] INFO  o.e.m.c.i.e.AbstractTransferListenerAdapter - Downloading https://repo.maven.apache.org/maven2/org/springframework/boot/spring-boot-http-converter/4.0.7/spring-boot-http-converter-4.0.7-sources.jar
2026-07-22 14:55:56,599 [Worker-40: Download sources and javadoc] INFO  o.e.m.c.i.e.AbstractTransferListenerAdapter - Downloaded https://repo.maven.apache.org/maven2/org/springframework/boot/spring-boot-http-converter/4.0.7/spring-boot-http-converter-4.0.7-sources.jar
2026-07-22 14:55:56,601 [Worker-40: Download sources and javadoc] INFO  o.e.m.j.internal.DownloadSourcesJob - Downloaded sources for org.springframework.boot:spring-boot-http-converter:4.0.7
2026-07-22 14:55:56,633 [Worker-40: Download sources and javadoc] INFO  o.e.m.c.i.e.AbstractTransferListenerAdapter - Downloading https://repo.maven.apache.org/maven2/org/springframework/spring-web/7.0.8/spring-web-7.0.8-sources.jar
2026-07-22 14:55:56,664 [Worker-40: Download sources and javadoc] INFO  o.e.m.c.i.e.AbstractTransferListenerAdapter - Downloaded https://repo.maven.apache.org/maven2/org/springframework/spring-web/7.0.8/spring-web-7.0.8-sources.jar
2026-07-22 14:55:56,666 [Worker-40: Download sources and javadoc] INFO  o.e.m.j.internal.DownloadSourcesJob - Downloaded sources for org.springframework:spring-web:7.0.8
2026-07-22 14:55:56,707 [Worker-40: Download sources and javadoc] INFO  o.e.m.c.i.e.AbstractTransferListenerAdapter - Downloading https://repo.maven.apache.org/maven2/org/springframework/spring-beans/7.0.8/spring-beans-7.0.8-sources.jar
2026-07-22 14:55:56,723 [Worker-40: Download sources and javadoc] INFO  o.e.m.c.i.e.AbstractTransferListenerAdapter - Downloaded https://repo.maven.apache.org/maven2/org/springframework/spring-beans/7.0.8/spring-beans-7.0.8-sources.jar
2026-07-22 14:55:56,725 [Worker-40: Download sources and javadoc] INFO  o.e.m.j.internal.DownloadSourcesJob - Downloaded sources for org.springframework:spring-beans:7.0.8
2026-07-22 14:55:56,766 [Worker-40: Download sources and javadoc] INFO  o.e.m.c.i.e.AbstractTransferListenerAdapter - Downloading https://repo.maven.apache.org/maven2/io/micrometer/micrometer-observation/1.16.6/micrometer-observation-1.16.6-sources.jar
2026-07-22 14:55:56,769 [Worker-40: Download sources and javadoc] INFO  o.e.m.c.i.e.AbstractTransferListenerAdapter - Downloaded https://repo.maven.apache.org/maven2/io/micrometer/micrometer-observation/1.16.6/micrometer-observation-1.16.6-sources.jar
2026-07-22 14:55:56,771 [Worker-40: Download sources and javadoc] INFO  o.e.m.j.internal.DownloadSourcesJob - Downloaded sources for io.micrometer:micrometer-observation:1.16.6
2026-07-22 14:55:56,804 [Worker-40: Download sources and javadoc] INFO  o.e.m.c.i.e.AbstractTransferListenerAdapter - Downloading https://repo.maven.apache.org/maven2/io/micrometer/micrometer-commons/1.16.6/micrometer-commons-1.16.6-sources.jar
2026-07-22 14:55:56,807 [Worker-40: Download sources and javadoc] INFO  o.e.m.c.i.e.AbstractTransferListenerAdapter - Downloaded https://repo.maven.apache.org/maven2/io/micrometer/micrometer-commons/1.16.6/micrometer-commons-1.16.6-sources.jar
2026-07-22 14:55:56,808 [Worker-40: Download sources and javadoc] INFO  o.e.m.j.internal.DownloadSourcesJob - Downloaded sources for io.micrometer:micrometer-commons:1.16.6
2026-07-22 14:55:56,850 [Worker-40: Download sources and javadoc] INFO  o.e.m.c.i.e.AbstractTransferListenerAdapter - Downloading https://repo.maven.apache.org/maven2/org/springframework/boot/spring-boot-webmvc/4.0.7/spring-boot-webmvc-4.0.7-sources.jar
2026-07-22 14:55:56,857 [Worker-40: Download sources and javadoc] INFO  o.e.m.c.i.e.AbstractTransferListenerAdapter - Downloaded https://repo.maven.apache.org/maven2/org/springframework/boot/spring-boot-webmvc/4.0.7/spring-boot-webmvc-4.0.7-sources.jar
2026-07-22 14:55:56,858 [Worker-40: Download sources and javadoc] INFO  o.e.m.j.internal.DownloadSourcesJob - Downloaded sources for org.springframework.boot:spring-boot-webmvc:4.0.7
2026-07-22 14:55:56,892 [Worker-40: Download sources and javadoc] INFO  o.e.m.c.i.e.AbstractTransferListenerAdapter - Downloading https://repo.maven.apache.org/maven2/org/springframework/boot/spring-boot-servlet/4.0.7/spring-boot-servlet-4.0.7-sources.jar
2026-07-22 14:55:56,895 [Worker-40: Download sources and javadoc] INFO  o.e.m.c.i.e.AbstractTransferListenerAdapter - Downloaded https://repo.maven.apache.org/maven2/org/springframework/boot/spring-boot-servlet/4.0.7/spring-boot-servlet-4.0.7-sources.jar
2026-07-22 14:55:56,897 [Worker-40: Download sources and javadoc] INFO  o.e.m.j.internal.DownloadSourcesJob - Downloaded sources for org.springframework.boot:spring-boot-servlet:4.0.7
2026-07-22 14:55:56,933 [Worker-40: Download sources and javadoc] INFO  o.e.m.c.i.e.AbstractTransferListenerAdapter - Downloading https://repo.maven.apache.org/maven2/org/springframework/spring-webmvc/7.0.8/spring-webmvc-7.0.8-sources.jar
2026-07-22 14:55:56,953 [Worker-40: Download sources and javadoc] INFO  o.e.m.c.i.e.AbstractTransferListenerAdapter - Downloaded https://repo.maven.apache.org/maven2/org/springframework/spring-webmvc/7.0.8/spring-webmvc-7.0.8-sources.jar
2026-07-22 14:55:56,955 [Worker-40: Download sources and javadoc] INFO  o.e.m.j.internal.DownloadSourcesJob - Downloaded sources for org.springframework:spring-webmvc:7.0.8
2026-07-22 14:55:56,985 [Worker-40: Download sources and javadoc] INFO  o.e.m.c.i.e.AbstractTransferListenerAdapter - Downloading https://repo.maven.apache.org/maven2/org/springframework/spring-aop/7.0.8/spring-aop-7.0.8-sources.jar
2026-07-22 14:55:56,997 [Worker-40: Download sources and javadoc] INFO  o.e.m.c.i.e.AbstractTransferListenerAdapter - Downloaded https://repo.maven.apache.org/maven2/org/springframework/spring-aop/7.0.8/spring-aop-7.0.8-sources.jar
2026-07-22 14:55:56,998 [Worker-40: Download sources and javadoc] INFO  o.e.m.j.internal.DownloadSourcesJob - Downloaded sources for org.springframework:spring-aop:7.0.8
2026-07-22 14:55:57,028 [Worker-40: Download sources and javadoc] INFO  o.e.m.c.i.e.AbstractTransferListenerAdapter - Downloading https://repo.maven.apache.org/maven2/org/springframework/spring-expression/7.0.8/spring-expression-7.0.8-sources.jar
2026-07-22 14:55:57,039 [Worker-40: Download sources and javadoc] INFO  o.e.m.c.i.e.AbstractTransferListenerAdapter - Downloaded https://repo.maven.apache.org/maven2/org/springframework/spring-expression/7.0.8/spring-expression-7.0.8-sources.jar
2026-07-22 14:55:57,041 [Worker-40: Download sources and javadoc] INFO  o.e.m.j.internal.DownloadSourcesJob - Downloaded sources for org.springframework:spring-expression:7.0.8
2026-07-22 14:55:57,083 [Worker-40: Download sources and javadoc] INFO  o.e.m.c.i.e.AbstractTransferListenerAdapter - Downloading https://repo.maven.apache.org/maven2/org/mybatis/spring/boot/mybatis-spring-boot-starter/4.0.1/mybatis-spring-boot-starter-4.0.1-sources.jar
2026-07-22 14:55:57,085 [Worker-40: Download sources and javadoc] INFO  o.e.m.c.i.e.AbstractTransferListenerAdapter - Downloaded https://repo.maven.apache.org/maven2/org/mybatis/spring/boot/mybatis-spring-boot-starter/4.0.1/mybatis-spring-boot-starter-4.0.1-sources.jar
2026-07-22 14:55:57,087 [Worker-40: Download sources and javadoc] INFO  o.e.m.j.internal.DownloadSourcesJob - Downloaded sources for org.mybatis.spring.boot:mybatis-spring-boot-starter:4.0.1
2026-07-22 14:55:57,121 [Worker-40: Download sources and javadoc] INFO  o.e.m.c.i.e.AbstractTransferListenerAdapter - Downloading https://repo.maven.apache.org/maven2/org/springframework/boot/spring-boot-starter-jdbc/4.0.7/spring-boot-starter-jdbc-4.0.7-sources.jar
2026-07-22 14:55:57,123 [Worker-40: Download sources and javadoc] INFO  o.e.m.c.i.e.AbstractTransferListenerAdapter - Downloaded https://repo.maven.apache.org/maven2/org/springframework/boot/spring-boot-starter-jdbc/4.0.7/spring-boot-starter-jdbc-4.0.7-sources.jar
2026-07-22 14:55:57,125 [Worker-40: Download sources and javadoc] INFO  o.e.m.j.internal.DownloadSourcesJob - Downloaded sources for org.springframework.boot:spring-boot-starter-jdbc:4.0.7
2026-07-22 14:55:57,157 [Worker-40: Download sources and javadoc] INFO  o.e.m.c.i.e.AbstractTransferListenerAdapter - Downloading https://repo.maven.apache.org/maven2/org/springframework/boot/spring-boot-jdbc/4.0.7/spring-boot-jdbc-4.0.7-sources.jar
2026-07-22 14:55:57,164 [Worker-40: Download sources and javadoc] INFO  o.e.m.c.i.e.AbstractTransferListenerAdapter - Downloaded https://repo.maven.apache.org/maven2/org/springframework/boot/spring-boot-jdbc/4.0.7/spring-boot-jdbc-4.0.7-sources.jar
2026-07-22 14:55:57,166 [Worker-40: Download sources and javadoc] INFO  o.e.m.j.internal.DownloadSourcesJob - Downloaded sources for org.springframework.boot:spring-boot-jdbc:4.0.7
2026-07-22 14:55:57,194 [Worker-40: Download sources and javadoc] INFO  o.e.m.c.i.e.AbstractTransferListenerAdapter - Downloading https://repo.maven.apache.org/maven2/org/springframework/boot/spring-boot-sql/4.0.7/spring-boot-sql-4.0.7-sources.jar
2026-07-22 14:55:57,197 [Worker-40: Download sources and javadoc] INFO  o.e.m.c.i.e.AbstractTransferListenerAdapter - Downloaded https://repo.maven.apache.org/maven2/org/springframework/boot/spring-boot-sql/4.0.7/spring-boot-sql-4.0.7-sources.jar
2026-07-22 14:55:57,199 [Worker-40: Download sources and javadoc] INFO  o.e.m.j.internal.DownloadSourcesJob - Downloaded sources for org.springframework.boot:spring-boot-sql:4.0.7
2026-07-22 14:55:57,232 [Worker-40: Download sources and javadoc] INFO  o.e.m.c.i.e.AbstractTransferListenerAdapter - Downloading https://repo.maven.apache.org/maven2/org/springframework/boot/spring-boot-transaction/4.0.7/spring-boot-transaction-4.0.7-sources.jar
2026-07-22 14:55:57,236 [Worker-40: Download sources and javadoc] INFO  o.e.m.c.i.e.AbstractTransferListenerAdapter - Downloaded https://repo.maven.apache.org/maven2/org/springframework/boot/spring-boot-transaction/4.0.7/spring-boot-transaction-4.0.7-sources.jar
2026-07-22 14:55:57,238 [Worker-40: Download sources and javadoc] INFO  o.e.m.j.internal.DownloadSourcesJob - Downloaded sources for org.springframework.boot:spring-boot-transaction:4.0.7
2026-07-22 14:55:57,278 [Worker-40: Download sources and javadoc] INFO  o.e.m.c.i.e.AbstractTransferListenerAdapter - Downloading https://repo.maven.apache.org/maven2/org/springframework/boot/spring-boot-persistence/4.0.7/spring-boot-persistence-4.0.7-sources.jar
2026-07-22 14:55:57,281 [Worker-40: Download sources and javadoc] INFO  o.e.m.c.i.e.AbstractTransferListenerAdapter - Downloaded https://repo.maven.apache.org/maven2/org/springframework/boot/spring-boot-persistence/4.0.7/spring-boot-persistence-4.0.7-sources.jar
2026-07-22 14:55:57,282 [Worker-40: Download sources and javadoc] INFO  o.e.m.j.internal.DownloadSourcesJob - Downloaded sources for org.springframework.boot:spring-boot-persistence:4.0.7
2026-07-22 14:55:57,330 [Worker-40: Download sources and javadoc] INFO  o.e.m.c.i.e.AbstractTransferListenerAdapter - Downloading https://repo.maven.apache.org/maven2/org/springframework/spring-jdbc/7.0.8/spring-jdbc-7.0.8-sources.jar
2026-07-22 14:55:57,348 [Worker-40: Download sources and javadoc] INFO  o.e.m.c.i.e.AbstractTransferListenerAdapter - Downloaded https://repo.maven.apache.org/maven2/org/springframework/spring-jdbc/7.0.8/spring-jdbc-7.0.8-sources.jar
2026-07-22 14:55:57,350 [Worker-40: Download sources and javadoc] INFO  o.e.m.j.internal.DownloadSourcesJob - Downloaded sources for org.springframework:spring-jdbc:7.0.8
2026-07-22 14:55:57,381 [Worker-40: Download sources and javadoc] INFO  o.e.m.c.i.e.AbstractTransferListenerAdapter - Downloading https://repo.maven.apache.org/maven2/com/zaxxer/HikariCP/7.0.2/HikariCP-7.0.2-sources.jar
2026-07-22 14:55:57,388 [Worker-40: Download sources and javadoc] INFO  o.e.m.c.i.e.AbstractTransferListenerAdapter - Downloaded https://repo.maven.apache.org/maven2/com/zaxxer/HikariCP/7.0.2/HikariCP-7.0.2-sources.jar
2026-07-22 14:55:57,390 [Worker-40: Download sources and javadoc] INFO  o.e.m.j.internal.DownloadSourcesJob - Downloaded sources for com.zaxxer:HikariCP:7.0.2
2026-07-22 14:55:57,429 [Worker-40: Download sources and javadoc] INFO  o.e.m.c.i.e.AbstractTransferListenerAdapter - Downloading https://repo.maven.apache.org/maven2/org/slf4j/slf4j-api/2.0.18/slf4j-api-2.0.18-sources.jar
2026-07-22 14:55:57,436 [Worker-40: Download sources and javadoc] INFO  o.e.m.c.i.e.AbstractTransferListenerAdapter - Downloaded https://repo.maven.apache.org/maven2/org/slf4j/slf4j-api/2.0.18/slf4j-api-2.0.18-sources.jar
2026-07-22 14:55:57,437 [Worker-40: Download sources and javadoc] INFO  o.e.m.j.internal.DownloadSourcesJob - Downloaded sources for org.slf4j:slf4j-api:2.0.18
2026-07-22 14:55:57,495 [Worker-40: Download sources and javadoc] INFO  o.e.m.c.i.e.AbstractTransferListenerAdapter - Downloading https://repo.maven.apache.org/maven2/org/mybatis/spring/boot/mybatis-spring-boot-autoconfigure/4.0.1/mybatis-spring-boot-autoconfigure-4.0.1-sources.jar
2026-07-22 14:55:57,498 [Worker-40: Download sources and javadoc] INFO  o.e.m.c.i.e.AbstractTransferListenerAdapter - Downloaded https://repo.maven.apache.org/maven2/org/mybatis/spring/boot/mybatis-spring-boot-autoconfigure/4.0.1/mybatis-spring-boot-autoconfigure-4.0.1-sources.jar
2026-07-22 14:55:57,500 [Worker-40: Download sources and javadoc] INFO  o.e.m.j.internal.DownloadSourcesJob - Downloaded sources for org.mybatis.spring.boot:mybatis-spring-boot-autoconfigure:4.0.1
2026-07-22 14:55:57,544 [Worker-40: Download sources and javadoc] INFO  o.e.m.c.i.e.AbstractTransferListenerAdapter - Downloading https://repo.maven.apache.org/maven2/org/mybatis/mybatis/3.5.19/mybatis-3.5.19-sources.jar
2026-07-22 14:55:57,572 [Worker-40: Download sources and javadoc] INFO  o.e.m.c.i.e.AbstractTransferListenerAdapter - Downloaded https://repo.maven.apache.org/maven2/org/mybatis/mybatis/3.5.19/mybatis-3.5.19-sources.jar
2026-07-22 14:55:57,574 [Worker-40: Download sources and javadoc] INFO  o.e.m.j.internal.DownloadSourcesJob - Downloaded sources for org.mybatis:mybatis:3.5.19
2026-07-22 14:55:57,608 [Worker-40: Download sources and javadoc] INFO  o.e.m.c.i.e.AbstractTransferListenerAdapter - Downloading https://repo.maven.apache.org/maven2/org/mybatis/mybatis-spring/4.0.0/mybatis-spring-4.0.0-sources.jar
2026-07-22 14:55:57,614 [Worker-40: Download sources and javadoc] INFO  o.e.m.c.i.e.AbstractTransferListenerAdapter - Downloaded https://repo.maven.apache.org/maven2/org/mybatis/mybatis-spring/4.0.0/mybatis-spring-4.0.0-sources.jar
2026-07-22 14:55:57,615 [Worker-40: Download sources and javadoc] INFO  o.e.m.j.internal.DownloadSourcesJob - Downloaded sources for org.mybatis:mybatis-spring:4.0.0
2026-07-22 14:55:57,657 [Worker-40: Download sources and javadoc] INFO  o.e.m.c.i.e.AbstractTransferListenerAdapter - Downloading https://repo.maven.apache.org/maven2/org/springframework/boot/spring-boot-devtools/4.0.7/spring-boot-devtools-4.0.7-sources.jar
2026-07-22 14:55:57,666 [Worker-40: Download sources and javadoc] INFO  o.e.m.c.i.e.AbstractTransferListenerAdapter - Downloaded https://repo.maven.apache.org/maven2/org/springframework/boot/spring-boot-devtools/4.0.7/spring-boot-devtools-4.0.7-sources.jar
2026-07-22 14:55:57,667 [Worker-40: Download sources and javadoc] INFO  o.e.m.j.internal.DownloadSourcesJob - Downloaded sources for org.springframework.boot:spring-boot-devtools:4.0.7
2026-07-22 14:55:57,703 [Worker-40: Download sources and javadoc] INFO  o.e.m.c.i.e.AbstractTransferListenerAdapter - Downloading https://repo.maven.apache.org/maven2/org/springframework/boot/spring-boot/4.0.7/spring-boot-4.0.7-sources.jar
2026-07-22 14:55:57,724 [Worker-40: Download sources and javadoc] INFO  o.e.m.c.i.e.AbstractTransferListenerAdapter - Downloaded https://repo.maven.apache.org/maven2/org/springframework/boot/spring-boot/4.0.7/spring-boot-4.0.7-sources.jar
2026-07-22 14:55:57,726 [Worker-40: Download sources and javadoc] INFO  o.e.m.j.internal.DownloadSourcesJob - Downloaded sources for org.springframework.boot:spring-boot:4.0.7
2026-07-22 14:55:57,764 [Worker-40: Download sources and javadoc] INFO  o.e.m.c.i.e.AbstractTransferListenerAdapter - Downloading https://repo.maven.apache.org/maven2/org/springframework/spring-core/7.0.8/spring-core-7.0.8-sources.jar
2026-07-22 14:55:57,801 [Worker-40: Download sources and javadoc] INFO  o.e.m.c.i.e.AbstractTransferListenerAdapter - Downloaded https://repo.maven.apache.org/maven2/org/springframework/spring-core/7.0.8/spring-core-7.0.8-sources.jar
2026-07-22 14:55:57,802 [Worker-40: Download sources and javadoc] INFO  o.e.m.j.internal.DownloadSourcesJob - Downloaded sources for org.springframework:spring-core:7.0.8
2026-07-22 14:55:57,844 [Worker-40: Download sources and javadoc] INFO  o.e.m.c.i.e.AbstractTransferListenerAdapter - Downloading https://repo.maven.apache.org/maven2/commons-logging/commons-logging/1.3.6/commons-logging-1.3.6-sources.jar
2026-07-22 14:55:57,849 [Worker-40: Download sources and javadoc] INFO  o.e.m.c.i.e.AbstractTransferListenerAdapter - Downloaded https://repo.maven.apache.org/maven2/commons-logging/commons-logging/1.3.6/commons-logging-1.3.6-sources.jar
2026-07-22 14:55:57,850 [Worker-40: Download sources and javadoc] INFO  o.e.m.j.internal.DownloadSourcesJob - Downloaded sources for commons-logging:commons-logging:1.3.6
2026-07-22 14:55:57,888 [Worker-40: Download sources and javadoc] INFO  o.e.m.c.i.e.AbstractTransferListenerAdapter - Downloading https://repo.maven.apache.org/maven2/org/jspecify/jspecify/1.0.0/jspecify-1.0.0-sources.jar
2026-07-22 14:55:57,892 [Worker-40: Download sources and javadoc] INFO  o.e.m.c.i.e.AbstractTransferListenerAdapter - Downloaded https://repo.maven.apache.org/maven2/org/jspecify/jspecify/1.0.0/jspecify-1.0.0-sources.jar
2026-07-22 14:55:57,894 [Worker-40: Download sources and javadoc] INFO  o.e.m.j.internal.DownloadSourcesJob - Downloaded sources for org.jspecify:jspecify:1.0.0
2026-07-22 14:55:57,932 [Worker-40: Download sources and javadoc] INFO  o.e.m.c.i.e.AbstractTransferListenerAdapter - Downloading https://repo.maven.apache.org/maven2/org/springframework/spring-context/7.0.8/spring-context-7.0.8-sources.jar
2026-07-22 14:55:57,957 [Worker-40: Download sources and javadoc] INFO  o.e.m.c.i.e.AbstractTransferListenerAdapter - Downloaded https://repo.maven.apache.org/maven2/org/springframework/spring-context/7.0.8/spring-context-7.0.8-sources.jar
2026-07-22 14:55:57,959 [Worker-40: Download sources and javadoc] INFO  o.e.m.j.internal.DownloadSourcesJob - Downloaded sources for org.springframework:spring-context:7.0.8
2026-07-22 14:55:57,993 [Worker-40: Download sources and javadoc] INFO  o.e.m.c.i.e.AbstractTransferListenerAdapter - Downloading https://repo.maven.apache.org/maven2/org/springframework/boot/spring-boot-autoconfigure/4.0.7/spring-boot-autoconfigure-4.0.7-sources.jar
2026-07-22 14:55:58,007 [Worker-40: Download sources and javadoc] INFO  o.e.m.c.i.e.AbstractTransferListenerAdapter - Downloaded https://repo.maven.apache.org/maven2/org/springframework/boot/spring-boot-autoconfigure/4.0.7/spring-boot-autoconfigure-4.0.7-sources.jar
2026-07-22 14:55:58,009 [Worker-40: Download sources and javadoc] INFO  o.e.m.j.internal.DownloadSourcesJob - Downloaded sources for org.springframework.boot:spring-boot-autoconfigure:4.0.7
2026-07-22 14:55:58,049 [Worker-40: Download sources and javadoc] INFO  o.e.m.c.i.e.AbstractTransferListenerAdapter - Downloading https://repo.maven.apache.org/maven2/com/mysql/mysql-connector-j/9.7.0/mysql-connector-j-9.7.0-sources.jar
2026-07-22 14:55:58,082 [Worker-40: Download sources and javadoc] INFO  o.e.m.c.i.e.AbstractTransferListenerAdapter - Downloaded https://repo.maven.apache.org/maven2/com/mysql/mysql-connector-j/9.7.0/mysql-connector-j-9.7.0-sources.jar
2026-07-22 14:55:58,083 [Worker-40: Download sources and javadoc] INFO  o.e.m.j.internal.DownloadSourcesJob - Downloaded sources for com.mysql:mysql-connector-j:9.7.0
2026-07-22 14:55:58,121 [Worker-40: Download sources and javadoc] INFO  o.e.m.c.i.e.AbstractTransferListenerAdapter - Downloading https://repo.maven.apache.org/maven2/org/projectlombok/lombok/1.18.46/lombok-1.18.46-sources.jar
2026-07-22 14:55:58,147 [Worker-40: Download sources and javadoc] INFO  o.e.m.c.i.e.AbstractTransferListenerAdapter - Downloaded https://repo.maven.apache.org/maven2/org/projectlombok/lombok/1.18.46/lombok-1.18.46-sources.jar
2026-07-22 14:55:58,148 [Worker-40: Download sources and javadoc] INFO  o.e.m.j.internal.DownloadSourcesJob - Downloaded sources for org.projectlombok:lombok:1.18.46
2026-07-22 14:55:58,183 [Worker-40: Download sources and javadoc] INFO  o.e.m.c.i.e.AbstractTransferListenerAdapter - Downloading https://repo.maven.apache.org/maven2/org/springframework/boot/spring-boot-starter-webmvc-test/4.0.7/spring-boot-starter-webmvc-test-4.0.7-sources.jar
2026-07-22 14:55:58,187 [Worker-40: Download sources and javadoc] INFO  o.e.m.c.i.e.AbstractTransferListenerAdapter - Downloaded https://repo.maven.apache.org/maven2/org/springframework/boot/spring-boot-starter-webmvc-test/4.0.7/spring-boot-starter-webmvc-test-4.0.7-sources.jar
2026-07-22 14:55:58,189 [Worker-40: Download sources and javadoc] INFO  o.e.m.j.internal.DownloadSourcesJob - Downloaded sources for org.springframework.boot:spring-boot-starter-webmvc-test:4.0.7
2026-07-22 14:55:58,223 [Worker-40: Download sources and javadoc] INFO  o.e.m.c.i.e.AbstractTransferListenerAdapter - Downloading https://repo.maven.apache.org/maven2/org/springframework/boot/spring-boot-starter-jackson-test/4.0.7/spring-boot-starter-jackson-test-4.0.7-sources.jar
2026-07-22 14:55:58,229 [Worker-40: Download sources and javadoc] INFO  o.e.m.c.i.e.AbstractTransferListenerAdapter - Downloaded https://repo.maven.apache.org/maven2/org/springframework/boot/spring-boot-starter-jackson-test/4.0.7/spring-boot-starter-jackson-test-4.0.7-sources.jar
2026-07-22 14:55:58,231 [Worker-40: Download sources and javadoc] INFO  o.e.m.j.internal.DownloadSourcesJob - Downloaded sources for org.springframework.boot:spring-boot-starter-jackson-test:4.0.7
2026-07-22 14:55:58,265 [Worker-40: Download sources and javadoc] INFO  o.e.m.c.i.e.AbstractTransferListenerAdapter - Downloading https://repo.maven.apache.org/maven2/org/springframework/boot/spring-boot-starter-test/4.0.7/spring-boot-starter-test-4.0.7-sources.jar
2026-07-22 14:55:58,270 [Worker-40: Download sources and javadoc] INFO  o.e.m.c.i.e.AbstractTransferListenerAdapter - Downloaded https://repo.maven.apache.org/maven2/org/springframework/boot/spring-boot-starter-test/4.0.7/spring-boot-starter-test-4.0.7-sources.jar
2026-07-22 14:55:58,271 [Worker-40: Download sources and javadoc] INFO  o.e.m.j.internal.DownloadSourcesJob - Downloaded sources for org.springframework.boot:spring-boot-starter-test:4.0.7
2026-07-22 14:55:58,314 [Worker-40: Download sources and javadoc] INFO  o.e.m.c.i.e.AbstractTransferListenerAdapter - Downloading https://repo.maven.apache.org/maven2/org/springframework/boot/spring-boot-test/4.0.7/spring-boot-test-4.0.7-sources.jar
2026-07-22 14:55:58,323 [Worker-40: Download sources and javadoc] INFO  o.e.m.c.i.e.AbstractTransferListenerAdapter - Downloaded https://repo.maven.apache.org/maven2/org/springframework/boot/spring-boot-test/4.0.7/spring-boot-test-4.0.7-sources.jar
2026-07-22 14:55:58,325 [Worker-40: Download sources and javadoc] INFO  o.e.m.j.internal.DownloadSourcesJob - Downloaded sources for org.springframework.boot:spring-boot-test:4.0.7
2026-07-22 14:55:58,359 [Worker-40: Download sources and javadoc] INFO  o.e.m.c.i.e.AbstractTransferListenerAdapter - Downloading https://repo.maven.apache.org/maven2/org/springframework/boot/spring-boot-test-autoconfigure/4.0.7/spring-boot-test-autoconfigure-4.0.7-sources.jar
2026-07-22 14:55:58,362 [Worker-40: Download sources and javadoc] INFO  o.e.m.c.i.e.AbstractTransferListenerAdapter - Downloaded https://repo.maven.apache.org/maven2/org/springframework/boot/spring-boot-test-autoconfigure/4.0.7/spring-boot-test-autoconfigure-4.0.7-sources.jar
2026-07-22 14:55:58,363 [Worker-40: Download sources and javadoc] INFO  o.e.m.j.internal.DownloadSourcesJob - Downloaded sources for org.springframework.boot:spring-boot-test-autoconfigure:4.0.7
2026-07-22 14:55:58,397 [Worker-40: Download sources and javadoc] INFO  o.e.m.c.i.e.AbstractTransferListenerAdapter - Downloading https://repo.maven.apache.org/maven2/com/jayway/jsonpath/json-path/2.10.0/json-path-2.10.0-sources.jar
2026-07-22 14:55:58,407 [Worker-40: Download sources and javadoc] INFO  o.e.m.c.i.e.AbstractTransferListenerAdapter - Downloaded https://repo.maven.apache.org/maven2/com/jayway/jsonpath/json-path/2.10.0/json-path-2.10.0-sources.jar
2026-07-22 14:55:58,409 [Worker-40: Download sources and javadoc] INFO  o.e.m.j.internal.DownloadSourcesJob - Downloaded sources for com.jayway.jsonpath:json-path:2.10.0
2026-07-22 14:55:58,446 [Worker-40: Download sources and javadoc] INFO  o.e.m.c.i.e.AbstractTransferListenerAdapter - Downloading https://repo.maven.apache.org/maven2/jakarta/xml/bind/jakarta.xml.bind-api/4.0.5/jakarta.xml.bind-api-4.0.5-sources.jar
2026-07-22 14:55:58,457 [Worker-40: Download sources and javadoc] INFO  o.e.m.c.i.e.AbstractTransferListenerAdapter - Downloaded https://repo.maven.apache.org/maven2/jakarta/xml/bind/jakarta.xml.bind-api/4.0.5/jakarta.xml.bind-api-4.0.5-sources.jar
2026-07-22 14:55:58,459 [Worker-40: Download sources and javadoc] INFO  o.e.m.j.internal.DownloadSourcesJob - Downloaded sources for jakarta.xml.bind:jakarta.xml.bind-api:4.0.5
2026-07-22 14:55:58,508 [Worker-40: Download sources and javadoc] INFO  o.e.m.c.i.e.AbstractTransferListenerAdapter - Downloading https://repo.maven.apache.org/maven2/jakarta/activation/jakarta.activation-api/2.1.4/jakarta.activation-api-2.1.4-sources.jar
2026-07-22 14:55:58,519 [Worker-40: Download sources and javadoc] INFO  o.e.m.c.i.e.AbstractTransferListenerAdapter - Downloaded https://repo.maven.apache.org/maven2/jakarta/activation/jakarta.activation-api/2.1.4/jakarta.activation-api-2.1.4-sources.jar
2026-07-22 14:55:58,521 [Worker-40: Download sources and javadoc] INFO  o.e.m.j.internal.DownloadSourcesJob - Downloaded sources for jakarta.activation:jakarta.activation-api:2.1.4
2026-07-22 14:55:58,553 [Worker-40: Download sources and javadoc] INFO  o.e.m.c.i.e.AbstractTransferListenerAdapter - Downloading https://repo.maven.apache.org/maven2/net/minidev/json-smart/2.6.0/json-smart-2.6.0-sources.jar
2026-07-22 14:55:58,557 [Worker-40: Download sources and javadoc] INFO  o.e.m.c.i.e.AbstractTransferListenerAdapter - Downloaded https://repo.maven.apache.org/maven2/net/minidev/json-smart/2.6.0/json-smart-2.6.0-sources.jar
2026-07-22 14:55:58,559 [Worker-40: Download sources and javadoc] INFO  o.e.m.j.internal.DownloadSourcesJob - Downloaded sources for net.minidev:json-smart:2.6.0
2026-07-22 14:55:58,606 [Worker-40: Download sources and javadoc] INFO  o.e.m.c.i.e.AbstractTransferListenerAdapter - Downloading https://repo.maven.apache.org/maven2/net/minidev/accessors-smart/2.6.0/accessors-smart-2.6.0-sources.jar
2026-07-22 14:55:58,611 [Worker-40: Download sources and javadoc] INFO  o.e.m.c.i.e.AbstractTransferListenerAdapter - Downloaded https://repo.maven.apache.org/maven2/net/minidev/accessors-smart/2.6.0/accessors-smart-2.6.0-sources.jar
2026-07-22 14:55:58,613 [Worker-40: Download sources and javadoc] INFO  o.e.m.j.internal.DownloadSourcesJob - Downloaded sources for net.minidev:accessors-smart:2.6.0
2026-07-22 14:55:58,649 [Worker-40: Download sources and javadoc] INFO  o.e.m.c.i.e.AbstractTransferListenerAdapter - Downloading https://repo.maven.apache.org/maven2/org/ow2/asm/asm/9.7.1/asm-9.7.1-sources.jar
2026-07-22 14:55:58,658 [Worker-40: Download sources and javadoc] INFO  o.e.m.c.i.e.AbstractTransferListenerAdapter - Downloaded https://repo.maven.apache.org/maven2/org/ow2/asm/asm/9.7.1/asm-9.7.1-sources.jar
2026-07-22 14:55:58,660 [Worker-40: Download sources and javadoc] INFO  o.e.m.j.internal.DownloadSourcesJob - Downloaded sources for org.ow2.asm:asm:9.7.1
2026-07-22 14:55:58,697 [Worker-40: Download sources and javadoc] INFO  o.e.m.c.i.e.AbstractTransferListenerAdapter - Downloading https://repo.maven.apache.org/maven2/org/assertj/assertj-core/3.27.7/assertj-core-3.27.7-sources.jar
2026-07-22 14:55:58,727 [Worker-40: Download sources and javadoc] INFO  o.e.m.c.i.e.AbstractTransferListenerAdapter - Downloaded https://repo.maven.apache.org/maven2/org/assertj/assertj-core/3.27.7/assertj-core-3.27.7-sources.jar
2026-07-22 14:55:58,728 [Worker-40: Download sources and javadoc] INFO  o.e.m.j.internal.DownloadSourcesJob - Downloaded sources for org.assertj:assertj-core:3.27.7
2026-07-22 14:55:58,765 [Worker-40: Download sources and javadoc] INFO  o.e.m.c.i.e.AbstractTransferListenerAdapter - Downloading https://repo.maven.apache.org/maven2/net/bytebuddy/byte-buddy/1.17.8/byte-buddy-1.17.8-sources.jar
2026-07-22 14:55:58,808 [Worker-40: Download sources and javadoc] INFO  o.e.m.c.i.e.AbstractTransferListenerAdapter - Downloaded https://repo.maven.apache.org/maven2/net/bytebuddy/byte-buddy/1.17.8/byte-buddy-1.17.8-sources.jar
2026-07-22 14:55:58,809 [Worker-40: Download sources and javadoc] INFO  o.e.m.j.internal.DownloadSourcesJob - Downloaded sources for net.bytebuddy:byte-buddy:1.17.8
2026-07-22 14:55:58,843 [Worker-40: Download sources and javadoc] INFO  o.e.m.c.i.e.AbstractTransferListenerAdapter - Downloading https://repo.maven.apache.org/maven2/org/awaitility/awaitility/4.3.0/awaitility-4.3.0-sources.jar
2026-07-22 14:55:58,851 [Worker-40: Download sources and javadoc] INFO  o.e.m.c.i.e.AbstractTransferListenerAdapter - Downloaded https://repo.maven.apache.org/maven2/org/awaitility/awaitility/4.3.0/awaitility-4.3.0-sources.jar
2026-07-22 14:55:58,852 [Worker-40: Download sources and javadoc] INFO  o.e.m.j.internal.DownloadSourcesJob - Downloaded sources for org.awaitility:awaitility:4.3.0
2026-07-22 14:55:58,886 [Worker-40: Download sources and javadoc] INFO  o.e.m.c.i.e.AbstractTransferListenerAdapter - Downloading https://repo.maven.apache.org/maven2/org/hamcrest/hamcrest/3.0/hamcrest-3.0-sources.jar
2026-07-22 14:55:58,893 [Worker-40: Download sources and javadoc] INFO  o.e.m.c.i.e.AbstractTransferListenerAdapter - Downloaded https://repo.maven.apache.org/maven2/org/hamcrest/hamcrest/3.0/hamcrest-3.0-sources.jar
2026-07-22 14:55:58,895 [Worker-40: Download sources and javadoc] INFO  o.e.m.j.internal.DownloadSourcesJob - Downloaded sources for org.hamcrest:hamcrest:3.0
2026-07-22 14:55:58,927 [Worker-40: Download sources and javadoc] INFO  o.e.m.c.i.e.AbstractTransferListenerAdapter - Downloading https://repo.maven.apache.org/maven2/org/junit/jupiter/junit-jupiter/6.0.3/junit-jupiter-6.0.3-sources.jar
2026-07-22 14:55:58,929 [Worker-40: Download sources and javadoc] INFO  o.e.m.c.i.e.AbstractTransferListenerAdapter - Downloaded https://repo.maven.apache.org/maven2/org/junit/jupiter/junit-jupiter/6.0.3/junit-jupiter-6.0.3-sources.jar
2026-07-22 14:55:58,930 [Worker-40: Download sources and javadoc] INFO  o.e.m.j.internal.DownloadSourcesJob - Downloaded sources for org.junit.jupiter:junit-jupiter:6.0.3
2026-07-22 14:55:58,966 [Worker-40: Download sources and javadoc] INFO  o.e.m.c.i.e.AbstractTransferListenerAdapter - Downloading https://repo.maven.apache.org/maven2/org/junit/jupiter/junit-jupiter-api/6.0.3/junit-jupiter-api-6.0.3-sources.jar
2026-07-22 14:55:58,977 [Worker-40: Download sources and javadoc] INFO  o.e.m.c.i.e.AbstractTransferListenerAdapter - Downloaded https://repo.maven.apache.org/maven2/org/junit/jupiter/junit-jupiter-api/6.0.3/junit-jupiter-api-6.0.3-sources.jar
2026-07-22 14:55:58,979 [Worker-40: Download sources and javadoc] INFO  o.e.m.j.internal.DownloadSourcesJob - Downloaded sources for org.junit.jupiter:junit-jupiter-api:6.0.3
2026-07-22 14:55:59,010 [Worker-40: Download sources and javadoc] INFO  o.e.m.c.i.e.AbstractTransferListenerAdapter - Downloading https://repo.maven.apache.org/maven2/org/opentest4j/opentest4j/1.3.0/opentest4j-1.3.0-sources.jar
2026-07-22 14:55:59,013 [Worker-40: Download sources and javadoc] INFO  o.e.m.c.i.e.AbstractTransferListenerAdapter - Downloaded https://repo.maven.apache.org/maven2/org/opentest4j/opentest4j/1.3.0/opentest4j-1.3.0-sources.jar
2026-07-22 14:55:59,014 [Worker-40: Download sources and javadoc] INFO  o.e.m.j.internal.DownloadSourcesJob - Downloaded sources for org.opentest4j:opentest4j:1.3.0
2026-07-22 14:55:59,049 [Worker-40: Download sources and javadoc] INFO  o.e.m.c.i.e.AbstractTransferListenerAdapter - Downloading https://repo.maven.apache.org/maven2/org/junit/platform/junit-platform-commons/6.0.3/junit-platform-commons-6.0.3-sources.jar
2026-07-22 14:55:59,058 [Worker-40: Download sources and javadoc] INFO  o.e.m.c.i.e.AbstractTransferListenerAdapter - Downloaded https://repo.maven.apache.org/maven2/org/junit/platform/junit-platform-commons/6.0.3/junit-platform-commons-6.0.3-sources.jar
2026-07-22 14:55:59,060 [Worker-40: Download sources and javadoc] INFO  o.e.m.j.internal.DownloadSourcesJob - Downloaded sources for org.junit.platform:junit-platform-commons:6.0.3
2026-07-22 14:55:59,097 [Worker-40: Download sources and javadoc] INFO  o.e.m.c.i.e.AbstractTransferListenerAdapter - Downloading https://repo.maven.apache.org/maven2/org/apiguardian/apiguardian-api/1.1.2/apiguardian-api-1.1.2-sources.jar
2026-07-22 14:55:59,099 [Worker-40: Download sources and javadoc] INFO  o.e.m.c.i.e.AbstractTransferListenerAdapter - Downloaded https://repo.maven.apache.org/maven2/org/apiguardian/apiguardian-api/1.1.2/apiguardian-api-1.1.2-sources.jar
2026-07-22 14:55:59,100 [Worker-40: Download sources and javadoc] INFO  o.e.m.j.internal.DownloadSourcesJob - Downloaded sources for org.apiguardian:apiguardian-api:1.1.2
2026-07-22 14:55:59,135 [Worker-40: Download sources and javadoc] INFO  o.e.m.c.i.e.AbstractTransferListenerAdapter - Downloading https://repo.maven.apache.org/maven2/org/junit/jupiter/junit-jupiter-params/6.0.3/junit-jupiter-params-6.0.3-sources.jar
2026-07-22 14:55:59,147 [Worker-40: Download sources and javadoc] INFO  o.e.m.c.i.e.AbstractTransferListenerAdapter - Downloaded https://repo.maven.apache.org/maven2/org/junit/jupiter/junit-jupiter-params/6.0.3/junit-jupiter-params-6.0.3-sources.jar
2026-07-22 14:55:59,148 [Worker-40: Download sources and javadoc] INFO  o.e.m.j.internal.DownloadSourcesJob - Downloaded sources for org.junit.jupiter:junit-jupiter-params:6.0.3
2026-07-22 14:55:59,182 [Worker-40: Download sources and javadoc] INFO  o.e.m.c.i.e.AbstractTransferListenerAdapter - Downloading https://repo.maven.apache.org/maven2/org/junit/jupiter/junit-jupiter-engine/6.0.3/junit-jupiter-engine-6.0.3-sources.jar
2026-07-22 14:55:59,190 [Worker-40: Download sources and javadoc] INFO  o.e.m.c.i.e.AbstractTransferListenerAdapter - Downloaded https://repo.maven.apache.org/maven2/org/junit/jupiter/junit-jupiter-engine/6.0.3/junit-jupiter-engine-6.0.3-sources.jar
2026-07-22 14:55:59,192 [Worker-40: Download sources and javadoc] INFO  o.e.m.j.internal.DownloadSourcesJob - Downloaded sources for org.junit.jupiter:junit-jupiter-engine:6.0.3
2026-07-22 14:55:59,227 [Worker-40: Download sources and javadoc] INFO  o.e.m.c.i.e.AbstractTransferListenerAdapter - Downloading https://repo.maven.apache.org/maven2/org/junit/platform/junit-platform-engine/6.0.3/junit-platform-engine-6.0.3-sources.jar
2026-07-22 14:55:59,239 [Worker-40: Download sources and javadoc] INFO  o.e.m.c.i.e.AbstractTransferListenerAdapter - Downloaded https://repo.maven.apache.org/maven2/org/junit/platform/junit-platform-engine/6.0.3/junit-platform-engine-6.0.3-sources.jar
2026-07-22 14:55:59,240 [Worker-40: Download sources and javadoc] INFO  o.e.m.j.internal.DownloadSourcesJob - Downloaded sources for org.junit.platform:junit-platform-engine:6.0.3
2026-07-22 14:55:59,275 [Worker-40: Download sources and javadoc] INFO  o.e.m.c.i.e.AbstractTransferListenerAdapter - Downloading https://repo.maven.apache.org/maven2/org/mockito/mockito-core/5.20.0/mockito-core-5.20.0-sources.jar
2026-07-22 14:55:59,292 [Worker-40: Download sources and javadoc] INFO  o.e.m.c.i.e.AbstractTransferListenerAdapter - Downloaded https://repo.maven.apache.org/maven2/org/mockito/mockito-core/5.20.0/mockito-core-5.20.0-sources.jar
2026-07-22 14:55:59,294 [Worker-40: Download sources and javadoc] INFO  o.e.m.j.internal.DownloadSourcesJob - Downloaded sources for org.mockito:mockito-core:5.20.0
2026-07-22 14:55:59,327 [Worker-40: Download sources and javadoc] INFO  o.e.m.c.i.e.AbstractTransferListenerAdapter - Downloading https://repo.maven.apache.org/maven2/net/bytebuddy/byte-buddy-agent/1.17.8/byte-buddy-agent-1.17.8-sources.jar
2026-07-22 14:55:59,338 [Worker-40: Download sources and javadoc] INFO  o.e.m.c.i.e.AbstractTransferListenerAdapter - Downloaded https://repo.maven.apache.org/maven2/net/bytebuddy/byte-buddy-agent/1.17.8/byte-buddy-agent-1.17.8-sources.jar
2026-07-22 14:55:59,340 [Worker-40: Download sources and javadoc] INFO  o.e.m.j.internal.DownloadSourcesJob - Downloaded sources for net.bytebuddy:byte-buddy-agent:1.17.8
2026-07-22 14:55:59,373 [Worker-40: Download sources and javadoc] INFO  o.e.m.c.i.e.AbstractTransferListenerAdapter - Downloading https://repo.maven.apache.org/maven2/org/objenesis/objenesis/3.3/objenesis-3.3-sources.jar
2026-07-22 14:55:59,377 [Worker-40: Download sources and javadoc] INFO  o.e.m.c.i.e.AbstractTransferListenerAdapter - Downloaded https://repo.maven.apache.org/maven2/org/objenesis/objenesis/3.3/objenesis-3.3-sources.jar
2026-07-22 14:55:59,378 [Worker-40: Download sources and javadoc] INFO  o.e.m.j.internal.DownloadSourcesJob - Downloaded sources for org.objenesis:objenesis:3.3
2026-07-22 14:55:59,415 [Worker-40: Download sources and javadoc] INFO  o.e.m.c.i.e.AbstractTransferListenerAdapter - Downloading https://repo.maven.apache.org/maven2/org/mockito/mockito-junit-jupiter/5.20.0/mockito-junit-jupiter-5.20.0-sources.jar
2026-07-22 14:55:59,418 [Worker-40: Download sources and javadoc] INFO  o.e.m.c.i.e.AbstractTransferListenerAdapter - Downloaded https://repo.maven.apache.org/maven2/org/mockito/mockito-junit-jupiter/5.20.0/mockito-junit-jupiter-5.20.0-sources.jar
2026-07-22 14:55:59,419 [Worker-40: Download sources and javadoc] INFO  o.e.m.j.internal.DownloadSourcesJob - Downloaded sources for org.mockito:mockito-junit-jupiter:5.20.0
2026-07-22 14:55:59,465 [Worker-40: Download sources and javadoc] INFO  o.e.m.c.i.e.AbstractTransferListenerAdapter - Downloading https://repo.maven.apache.org/maven2/org/skyscreamer/jsonassert/1.5.3/jsonassert-1.5.3-sources.jar
2026-07-22 14:55:59,470 [Worker-40: Download sources and javadoc] INFO  o.e.m.c.i.e.AbstractTransferListenerAdapter - Downloaded https://repo.maven.apache.org/maven2/org/skyscreamer/jsonassert/1.5.3/jsonassert-1.5.3-sources.jar
2026-07-22 14:55:59,471 [Worker-40: Download sources and javadoc] INFO  o.e.m.j.internal.DownloadSourcesJob - Downloaded sources for org.skyscreamer:jsonassert:1.5.3
2026-07-22 14:55:59,509 [Worker-40: Download sources and javadoc] INFO  o.e.m.c.i.e.AbstractTransferListenerAdapter - Downloading https://repo.maven.apache.org/maven2/com/vaadin/external/google/android-json/0.0.20131108.vaadin1/android-json-0.0.20131108.vaadin1-sources.jar
2026-07-22 14:55:59,514 [Worker-40: Download sources and javadoc] INFO  o.e.m.c.i.e.AbstractTransferListenerAdapter - Downloaded https://repo.maven.apache.org/maven2/com/vaadin/external/google/android-json/0.0.20131108.vaadin1/android-json-0.0.20131108.vaadin1-sources.jar
2026-07-22 14:55:59,516 [Worker-40: Download sources and javadoc] INFO  o.e.m.j.internal.DownloadSourcesJob - Downloaded sources for com.vaadin.external.google:android-json:0.0.20131108.vaadin1
2026-07-22 14:55:59,548 [Worker-40: Download sources and javadoc] INFO  o.e.m.c.i.e.AbstractTransferListenerAdapter - Downloading https://repo.maven.apache.org/maven2/org/springframework/spring-test/7.0.8/spring-test-7.0.8-sources.jar
2026-07-22 14:55:59,566 [Worker-40: Download sources and javadoc] INFO  o.e.m.c.i.e.AbstractTransferListenerAdapter - Downloaded https://repo.maven.apache.org/maven2/org/springframework/spring-test/7.0.8/spring-test-7.0.8-sources.jar
2026-07-22 14:55:59,567 [Worker-40: Download sources and javadoc] INFO  o.e.m.j.internal.DownloadSourcesJob - Downloaded sources for org.springframework:spring-test:7.0.8
2026-07-22 14:55:59,605 [Worker-40: Download sources and javadoc] INFO  o.e.m.c.i.e.AbstractTransferListenerAdapter - Downloading https://repo.maven.apache.org/maven2/org/xmlunit/xmlunit-core/2.10.4/xmlunit-core-2.10.4-sources.jar
2026-07-22 14:55:59,610 [Worker-40: Download sources and javadoc] INFO  o.e.m.c.i.e.AbstractTransferListenerAdapter - Downloaded https://repo.maven.apache.org/maven2/org/xmlunit/xmlunit-core/2.10.4/xmlunit-core-2.10.4-sources.jar
2026-07-22 14:55:59,612 [Worker-40: Download sources and javadoc] INFO  o.e.m.j.internal.DownloadSourcesJob - Downloaded sources for org.xmlunit:xmlunit-core:2.10.4
2026-07-22 14:55:59,642 [Worker-40: Download sources and javadoc] INFO  o.e.m.c.i.e.AbstractTransferListenerAdapter - Downloading https://repo.maven.apache.org/maven2/org/springframework/boot/spring-boot-webmvc-test/4.0.7/spring-boot-webmvc-test-4.0.7-sources.jar
2026-07-22 14:55:59,646 [Worker-40: Download sources and javadoc] INFO  o.e.m.c.i.e.AbstractTransferListenerAdapter - Downloaded https://repo.maven.apache.org/maven2/org/springframework/boot/spring-boot-webmvc-test/4.0.7/spring-boot-webmvc-test-4.0.7-sources.jar
2026-07-22 14:55:59,648 [Worker-40: Download sources and javadoc] INFO  o.e.m.j.internal.DownloadSourcesJob - Downloaded sources for org.springframework.boot:spring-boot-webmvc-test:4.0.7
2026-07-22 14:55:59,702 [Worker-40: Download sources and javadoc] INFO  o.e.m.c.i.e.AbstractTransferListenerAdapter - Downloading https://repo.maven.apache.org/maven2/org/springframework/boot/spring-boot-web-server/4.0.7/spring-boot-web-server-4.0.7-sources.jar
2026-07-22 14:55:59,711 [Worker-40: Download sources and javadoc] INFO  o.e.m.c.i.e.AbstractTransferListenerAdapter - Downloaded https://repo.maven.apache.org/maven2/org/springframework/boot/spring-boot-web-server/4.0.7/spring-boot-web-server-4.0.7-sources.jar
2026-07-22 14:55:59,712 [Worker-40: Download sources and javadoc] INFO  o.e.m.j.internal.DownloadSourcesJob - Downloaded sources for org.springframework.boot:spring-boot-web-server:4.0.7
2026-07-22 14:55:59,742 [Worker-40: Download sources and javadoc] INFO  o.e.m.c.i.e.AbstractTransferListenerAdapter - Downloading https://repo.maven.apache.org/maven2/org/springframework/boot/spring-boot-resttestclient/4.0.7/spring-boot-resttestclient-4.0.7-sources.jar
2026-07-22 14:55:59,746 [Worker-40: Download sources and javadoc] INFO  o.e.m.c.i.e.AbstractTransferListenerAdapter - Downloaded https://repo.maven.apache.org/maven2/org/springframework/boot/spring-boot-resttestclient/4.0.7/spring-boot-resttestclient-4.0.7-sources.jar
2026-07-22 14:55:59,748 [Worker-40: Download sources and javadoc] INFO  o.e.m.j.internal.DownloadSourcesJob - Downloaded sources for org.springframework.boot:spring-boot-resttestclient:4.0.7
2026-07-22 14:55:59,790 [Worker-40: Download sources and javadoc] INFO  o.e.m.c.i.e.AbstractTransferListenerAdapter - Downloading https://repo.maven.apache.org/maven2/org/mybatis/spring/boot/mybatis-spring-boot-starter-test/4.0.1/mybatis-spring-boot-starter-test-4.0.1-sources.jar
2026-07-22 14:55:59,796 [Worker-40: Download sources and javadoc] INFO  o.e.m.c.i.e.AbstractTransferListenerAdapter - Downloaded https://repo.maven.apache.org/maven2/org/mybatis/spring/boot/mybatis-spring-boot-starter-test/4.0.1/mybatis-spring-boot-starter-test-4.0.1-sources.jar
2026-07-22 14:55:59,798 [Worker-40: Download sources and javadoc] INFO  o.e.m.j.internal.DownloadSourcesJob - Downloaded sources for org.mybatis.spring.boot:mybatis-spring-boot-starter-test:4.0.1
2026-07-22 14:55:59,832 [Worker-40: Download sources and javadoc] INFO  o.e.m.c.i.e.AbstractTransferListenerAdapter - Downloading https://repo.maven.apache.org/maven2/org/mybatis/spring/boot/mybatis-spring-boot-test-autoconfigure/4.0.1/mybatis-spring-boot-test-autoconfigure-4.0.1-sources.jar
2026-07-22 14:55:59,836 [Worker-40: Download sources and javadoc] INFO  o.e.m.c.i.e.AbstractTransferListenerAdapter - Downloaded https://repo.maven.apache.org/maven2/org/mybatis/spring/boot/mybatis-spring-boot-test-autoconfigure/4.0.1/mybatis-spring-boot-test-autoconfigure-4.0.1-sources.jar
2026-07-22 14:55:59,838 [Worker-40: Download sources and javadoc] INFO  o.e.m.j.internal.DownloadSourcesJob - Downloaded sources for org.mybatis.spring.boot:mybatis-spring-boot-test-autoconfigure:4.0.1
2026-07-22 14:55:59,870 [Worker-40: Download sources and javadoc] INFO  o.e.m.c.i.e.AbstractTransferListenerAdapter - Downloading https://repo.maven.apache.org/maven2/org/springframework/boot/spring-boot-jdbc-test/4.0.7/spring-boot-jdbc-test-4.0.7-sources.jar
2026-07-22 14:55:59,875 [Worker-40: Download sources and javadoc] INFO  o.e.m.c.i.e.AbstractTransferListenerAdapter - Downloaded https://repo.maven.apache.org/maven2/org/springframework/boot/spring-boot-jdbc-test/4.0.7/spring-boot-jdbc-test-4.0.7-sources.jar
2026-07-22 14:55:59,877 [Worker-40: Download sources and javadoc] INFO  o.e.m.j.internal.DownloadSourcesJob - Downloaded sources for org.springframework.boot:spring-boot-jdbc-test:4.0.7
2026-07-22 14:55:59,912 [Worker-40: Download sources and javadoc] INFO  o.e.m.c.i.e.AbstractTransferListenerAdapter - Downloading https://repo.maven.apache.org/maven2/org/springframework/boot/spring-boot-cache-test/4.0.7/spring-boot-cache-test-4.0.7-sources.jar
2026-07-22 14:55:59,916 [Worker-40: Download sources and javadoc] INFO  o.e.m.c.i.e.AbstractTransferListenerAdapter - Downloaded https://repo.maven.apache.org/maven2/org/springframework/boot/spring-boot-cache-test/4.0.7/spring-boot-cache-test-4.0.7-sources.jar
2026-07-22 14:55:59,917 [Worker-40: Download sources and javadoc] INFO  o.e.m.j.internal.DownloadSourcesJob - Downloaded sources for org.springframework.boot:spring-boot-cache-test:4.0.7
2026-07-22 14:55:59,959 [Worker-40: Download sources and javadoc] INFO  o.e.m.c.i.e.AbstractTransferListenerAdapter - Downloading https://repo.maven.apache.org/maven2/org/springframework/boot/spring-boot-cache/4.0.7/spring-boot-cache-4.0.7-sources.jar
2026-07-22 14:55:59,963 [Worker-40: Download sources and javadoc] INFO  o.e.m.c.i.e.AbstractTransferListenerAdapter - Downloaded https://repo.maven.apache.org/maven2/org/springframework/boot/spring-boot-cache/4.0.7/spring-boot-cache-4.0.7-sources.jar
2026-07-22 14:55:59,965 [Worker-40: Download sources and javadoc] INFO  o.e.m.j.internal.DownloadSourcesJob - Downloaded sources for org.springframework.boot:spring-boot-cache:4.0.7
2026-07-22 14:55:59,996 [Worker-40: Download sources and javadoc] INFO  o.e.m.c.i.e.AbstractTransferListenerAdapter - Downloading https://repo.maven.apache.org/maven2/org/springframework/spring-context-support/7.0.8/spring-context-support-7.0.8-sources.jar
2026-07-22 14:56:00,005 [Worker-40: Download sources and javadoc] INFO  o.e.m.c.i.e.AbstractTransferListenerAdapter - Downloaded https://repo.maven.apache.org/maven2/org/springframework/spring-context-support/7.0.8/spring-context-support-7.0.8-sources.jar
2026-07-22 14:56:00,007 [Worker-40: Download sources and javadoc] INFO  o.e.m.j.internal.DownloadSourcesJob - Downloaded sources for org.springframework:spring-context-support:7.0.8
2026-07-22 14:56:00,040 [Worker-40: Download sources and javadoc] INFO  o.e.m.c.i.e.AbstractTransferListenerAdapter - Downloading https://repo.maven.apache.org/maven2/org/springframework/spring-tx/7.0.8/spring-tx-7.0.8-sources.jar
2026-07-22 14:56:00,053 [Worker-40: Download sources and javadoc] INFO  o.e.m.c.i.e.AbstractTransferListenerAdapter - Downloaded https://repo.maven.apache.org/maven2/org/springframework/spring-tx/7.0.8/spring-tx-7.0.8-sources.jar
2026-07-22 14:56:00,055 [Worker-40: Download sources and javadoc] INFO  o.e.m.j.internal.DownloadSourcesJob - Downloaded sources for org.springframework:spring-tx:7.0.8
2026-07-22 14:57:58,805 [Worker-43: Building] INFO  o.a.m.s.f.DefaultMavenResourcesFiltering - Copying 1 resource from src\main\resources to target\classes
2026-07-22 14:57:58,811 [Worker-43: Building] INFO  o.a.m.s.f.DefaultMavenResourcesFiltering - Copying 0 resource from src\main\resources to target\classes
2026-07-22 14:57:58,815 [Worker-43: Building] INFO  o.a.m.s.f.DefaultMavenResourcesFiltering - skip non existing resourceDirectory C:\Users\adminn\Desktop\web-ay\server\ex_0722\src\test\resources
2026-07-22 14:57:58,818 [Worker-43: Building] WARN  o.apache.maven.project.MavenProject - Plugin is modifying compileSourceRoots through clear(), which will not work in Maven 4.0.0. Use MavenProject.addCompileSourceRoot()/removeCompileSourceRoot() methods instead. If using a plugin, please upgrade to the latest version or report the issue to the plugin maintainer. To disable these warnings, set -Dmaven.project.sourceRoots.warningsDisabled=true on the command line, in the .mvn/maven.config file, or in project POM properties.
2026-07-22 14:57:58,819 [Worker-43: Building] WARN  o.apache.maven.project.MavenProject - Plugin is modifying compileSourceRoots through add(), which will not work in Maven 4.0.0. Use MavenProject.addCompileSourceRoot()/removeCompileSourceRoot() methods instead. If using a plugin, please upgrade to the latest version or report the issue to the plugin maintainer. To disable these warnings, set -Dmaven.project.sourceRoots.warningsDisabled=true on the command line, in the .mvn/maven.config file, or in project POM properties.
2026-07-22 14:57:58,820 [Worker-43: Building] WARN  o.apache.maven.project.MavenProject - Plugin is modifying testCompileSourceRoots through clear(), which will not work in Maven 4.0.0. Use MavenProject.addTestCompileSourceRoot()/removeTestCompileSourceRoot() methods instead. If using a plugin, please upgrade to the latest version or report the issue to the plugin maintainer. To disable these warnings, set -Dmaven.project.sourceRoots.warningsDisabled=true on the command line, in the .mvn/maven.config file, or in project POM properties.
2026-07-22 14:57:58,821 [Worker-43: Building] WARN  o.apache.maven.project.MavenProject - Plugin is modifying testCompileSourceRoots through add(), which will not work in Maven 4.0.0. Use MavenProject.addTestCompileSourceRoot()/removeTestCompileSourceRoot() methods instead. If using a plugin, please upgrade to the latest version or report the issue to the plugin maintainer. To disable these warnings, set -Dmaven.project.sourceRoots.warningsDisabled=true on the command line, in the .mvn/maven.config file, or in project POM properties.
2026-07-22 15:08:14,602 [Worker-50: Building] INFO  o.a.m.s.f.DefaultMavenResourcesFiltering - Copying 1 resource from src\main\resources to target\classes
2026-07-22 15:08:14,606 [Worker-50: Building] INFO  o.a.m.s.f.DefaultMavenResourcesFiltering - Copying 0 resource from src\main\resources to target\classes
2026-07-22 15:08:14,609 [Worker-50: Building] INFO  o.a.m.s.f.DefaultMavenResourcesFiltering - skip non existing resourceDirectory C:\Users\adminn\Desktop\web-ay\server\ex_0722\src\test\resources
2026-07-22 15:08:14,609 [Worker-50: Building] WARN  o.apache.maven.project.MavenProject - Plugin is modifying compileSourceRoots through clear(), which will not work in Maven 4.0.0. Use MavenProject.addCompileSourceRoot()/removeCompileSourceRoot() methods instead. If using a plugin, please upgrade to the latest version or report the issue to the plugin maintainer. To disable these warnings, set -Dmaven.project.sourceRoots.warningsDisabled=true on the command line, in the .mvn/maven.config file, or in project POM properties.
2026-07-22 15:08:14,610 [Worker-50: Building] WARN  o.apache.maven.project.MavenProject - Plugin is modifying compileSourceRoots through add(), which will not work in Maven 4.0.0. Use MavenProject.addCompileSourceRoot()/removeCompileSourceRoot() methods instead. If using a plugin, please upgrade to the latest version or report the issue to the plugin maintainer. To disable these warnings, set -Dmaven.project.sourceRoots.warningsDisabled=true on the command line, in the .mvn/maven.config file, or in project POM properties.
2026-07-22 15:08:14,611 [Worker-50: Building] WARN  o.apache.maven.project.MavenProject - Plugin is modifying testCompileSourceRoots through clear(), which will not work in Maven 4.0.0. Use MavenProject.addTestCompileSourceRoot()/removeTestCompileSourceRoot() methods instead. If using a plugin, please upgrade to the latest version or report the issue to the plugin maintainer. To disable these warnings, set -Dmaven.project.sourceRoots.warningsDisabled=true on the command line, in the .mvn/maven.config file, or in project POM properties.
2026-07-22 15:08:14,612 [Worker-50: Building] WARN  o.apache.maven.project.MavenProject - Plugin is modifying testCompileSourceRoots through add(), which will not work in Maven 4.0.0. Use MavenProject.addTestCompileSourceRoot()/removeTestCompileSourceRoot() methods instead. If using a plugin, please upgrade to the latest version or report the issue to the plugin maintainer. To disable these warnings, set -Dmaven.project.sourceRoots.warningsDisabled=true on the command line, in the .mvn/maven.config file, or in project POM properties.
2026-07-22 15:10:17,528 [Worker-53: Building] INFO  o.a.m.s.f.DefaultMavenResourcesFiltering - Copying 1 resource from src\main\resources to target\classes
2026-07-22 15:10:17,538 [Worker-53: Building] INFO  o.a.m.s.f.DefaultMavenResourcesFiltering - Copying 0 resource from src\main\resources to target\classes
2026-07-22 15:10:17,542 [Worker-53: Building] INFO  o.a.m.s.f.DefaultMavenResourcesFiltering - skip non existing resourceDirectory C:\Users\adminn\Desktop\web-ay\server\ex_0722\src\test\resources
2026-07-22 15:10:17,542 [Worker-53: Building] WARN  o.apache.maven.project.MavenProject - Plugin is modifying compileSourceRoots through clear(), which will not work in Maven 4.0.0. Use MavenProject.addCompileSourceRoot()/removeCompileSourceRoot() methods instead. If using a plugin, please upgrade to the latest version or report the issue to the plugin maintainer. To disable these warnings, set -Dmaven.project.sourceRoots.warningsDisabled=true on the command line, in the .mvn/maven.config file, or in project POM properties.
2026-07-22 15:10:17,543 [Worker-53: Building] WARN  o.apache.maven.project.MavenProject - Plugin is modifying compileSourceRoots through add(), which will not work in Maven 4.0.0. Use MavenProject.addCompileSourceRoot()/removeCompileSourceRoot() methods instead. If using a plugin, please upgrade to the latest version or report the issue to the plugin maintainer. To disable these warnings, set -Dmaven.project.sourceRoots.warningsDisabled=true on the command line, in the .mvn/maven.config file, or in project POM properties.
2026-07-22 15:10:17,544 [Worker-53: Building] WARN  o.apache.maven.project.MavenProject - Plugin is modifying testCompileSourceRoots through clear(), which will not work in Maven 4.0.0. Use MavenProject.addTestCompileSourceRoot()/removeTestCompileSourceRoot() methods instead. If using a plugin, please upgrade to the latest version or report the issue to the plugin maintainer. To disable these warnings, set -Dmaven.project.sourceRoots.warningsDisabled=true on the command line, in the .mvn/maven.config file, or in project POM properties.
2026-07-22 15:10:17,544 [Worker-53: Building] WARN  o.apache.maven.project.MavenProject - Plugin is modifying testCompileSourceRoots through add(), which will not work in Maven 4.0.0. Use MavenProject.addTestCompileSourceRoot()/removeTestCompileSourceRoot() methods instead. If using a plugin, please upgrade to the latest version or report the issue to the plugin maintainer. To disable these warnings, set -Dmaven.project.sourceRoots.warningsDisabled=true on the command line, in the .mvn/maven.config file, or in project POM properties.
2026-07-22 15:16:31,119 [Worker-50: Building] INFO  o.a.m.s.f.DefaultMavenResourcesFiltering - Copying 1 resource from src\main\resources to target\classes
2026-07-22 15:16:31,123 [Worker-50: Building] INFO  o.a.m.s.f.DefaultMavenResourcesFiltering - Copying 0 resource from src\main\resources to target\classes
2026-07-22 15:16:31,125 [Worker-50: Building] INFO  o.a.m.s.f.DefaultMavenResourcesFiltering - skip non existing resourceDirectory C:\Users\adminn\Desktop\web-ay\server\ex_0722\src\test\resources
2026-07-22 15:16:31,126 [Worker-50: Building] WARN  o.apache.maven.project.MavenProject - Plugin is modifying compileSourceRoots through clear(), which will not work in Maven 4.0.0. Use MavenProject.addCompileSourceRoot()/removeCompileSourceRoot() methods instead. If using a plugin, please upgrade to the latest version or report the issue to the plugin maintainer. To disable these warnings, set -Dmaven.project.sourceRoots.warningsDisabled=true on the command line, in the .mvn/maven.config file, or in project POM properties.
2026-07-22 15:16:31,127 [Worker-50: Building] WARN  o.apache.maven.project.MavenProject - Plugin is modifying compileSourceRoots through add(), which will not work in Maven 4.0.0. Use MavenProject.addCompileSourceRoot()/removeCompileSourceRoot() methods instead. If using a plugin, please upgrade to the latest version or report the issue to the plugin maintainer. To disable these warnings, set -Dmaven.project.sourceRoots.warningsDisabled=true on the command line, in the .mvn/maven.config file, or in project POM properties.
2026-07-22 15:16:31,127 [Worker-50: Building] WARN  o.apache.maven.project.MavenProject - Plugin is modifying testCompileSourceRoots through clear(), which will not work in Maven 4.0.0. Use MavenProject.addTestCompileSourceRoot()/removeTestCompileSourceRoot() methods instead. If using a plugin, please upgrade to the latest version or report the issue to the plugin maintainer. To disable these warnings, set -Dmaven.project.sourceRoots.warningsDisabled=true on the command line, in the .mvn/maven.config file, or in project POM properties.
2026-07-22 15:16:31,128 [Worker-50: Building] WARN  o.apache.maven.project.MavenProject - Plugin is modifying testCompileSourceRoots through add(), which will not work in Maven 4.0.0. Use MavenProject.addTestCompileSourceRoot()/removeTestCompileSourceRoot() methods instead. If using a plugin, please upgrade to the latest version or report the issue to the plugin maintainer. To disable these warnings, set -Dmaven.project.sourceRoots.warningsDisabled=true on the command line, in the .mvn/maven.config file, or in project POM properties.
2026-07-22 15:16:33,550 [Worker-56: Building] INFO  o.a.m.s.f.DefaultMavenResourcesFiltering - Copying 1 resource from src\main\resources to target\classes
2026-07-22 15:16:33,553 [Worker-56: Building] INFO  o.a.m.s.f.DefaultMavenResourcesFiltering - Copying 0 resource from src\main\resources to target\classes
2026-07-22 15:16:33,554 [Worker-56: Building] INFO  o.a.m.s.f.DefaultMavenResourcesFiltering - skip non existing resourceDirectory C:\Users\adminn\Desktop\web-ay\server\ex_0722\src\test\resources
2026-07-22 15:16:33,555 [Worker-56: Building] WARN  o.apache.maven.project.MavenProject - Plugin is modifying compileSourceRoots through clear(), which will not work in Maven 4.0.0. Use MavenProject.addCompileSourceRoot()/removeCompileSourceRoot() methods instead. If using a plugin, please upgrade to the latest version or report the issue to the plugin maintainer. To disable these warnings, set -Dmaven.project.sourceRoots.warningsDisabled=true on the command line, in the .mvn/maven.config file, or in project POM properties.
2026-07-22 15:16:33,555 [Worker-56: Building] WARN  o.apache.maven.project.MavenProject - Plugin is modifying compileSourceRoots through add(), which will not work in Maven 4.0.0. Use MavenProject.addCompileSourceRoot()/removeCompileSourceRoot() methods instead. If using a plugin, please upgrade to the latest version or report the issue to the plugin maintainer. To disable these warnings, set -Dmaven.project.sourceRoots.warningsDisabled=true on the command line, in the .mvn/maven.config file, or in project POM properties.
2026-07-22 15:16:33,555 [Worker-56: Building] WARN  o.apache.maven.project.MavenProject - Plugin is modifying testCompileSourceRoots through clear(), which will not work in Maven 4.0.0. Use MavenProject.addTestCompileSourceRoot()/removeTestCompileSourceRoot() methods instead. If using a plugin, please upgrade to the latest version or report the issue to the plugin maintainer. To disable these warnings, set -Dmaven.project.sourceRoots.warningsDisabled=true on the command line, in the .mvn/maven.config file, or in project POM properties.
2026-07-22 15:16:33,555 [Worker-56: Building] WARN  o.apache.maven.project.MavenProject - Plugin is modifying testCompileSourceRoots through add(), which will not work in Maven 4.0.0. Use MavenProject.addTestCompileSourceRoot()/removeTestCompileSourceRoot() methods instead. If using a plugin, please upgrade to the latest version or report the issue to the plugin maintainer. To disable these warnings, set -Dmaven.project.sourceRoots.warningsDisabled=true on the command line, in the .mvn/maven.config file, or in project POM properties.
2026-07-22 15:18:58,473 [Worker-57: Building] INFO  o.a.m.s.f.DefaultMavenResourcesFiltering - Copying 1 resource from src\main\resources to target\classes
2026-07-22 15:18:58,478 [Worker-57: Building] INFO  o.a.m.s.f.DefaultMavenResourcesFiltering - Copying 0 resource from src\main\resources to target\classes
2026-07-22 15:18:58,481 [Worker-57: Building] INFO  o.a.m.s.f.DefaultMavenResourcesFiltering - skip non existing resourceDirectory C:\Users\adminn\Desktop\web-ay\server\ex_0722\src\test\resources
2026-07-22 15:18:58,482 [Worker-57: Building] WARN  o.apache.maven.project.MavenProject - Plugin is modifying compileSourceRoots through clear(), which will not work in Maven 4.0.0. Use MavenProject.addCompileSourceRoot()/removeCompileSourceRoot() methods instead. If using a plugin, please upgrade to the latest version or report the issue to the plugin maintainer. To disable these warnings, set -Dmaven.project.sourceRoots.warningsDisabled=true on the command line, in the .mvn/maven.config file, or in project POM properties.
2026-07-22 15:18:58,482 [Worker-57: Building] WARN  o.apache.maven.project.MavenProject - Plugin is modifying compileSourceRoots through add(), which will not work in Maven 4.0.0. Use MavenProject.addCompileSourceRoot()/removeCompileSourceRoot() methods instead. If using a plugin, please upgrade to the latest version or report the issue to the plugin maintainer. To disable these warnings, set -Dmaven.project.sourceRoots.warningsDisabled=true on the command line, in the .mvn/maven.config file, or in project POM properties.
2026-07-22 15:18:58,483 [Worker-57: Building] WARN  o.apache.maven.project.MavenProject - Plugin is modifying testCompileSourceRoots through clear(), which will not work in Maven 4.0.0. Use MavenProject.addTestCompileSourceRoot()/removeTestCompileSourceRoot() methods instead. If using a plugin, please upgrade to the latest version or report the issue to the plugin maintainer. To disable these warnings, set -Dmaven.project.sourceRoots.warningsDisabled=true on the command line, in the .mvn/maven.config file, or in project POM properties.
2026-07-22 15:18:58,483 [Worker-57: Building] WARN  o.apache.maven.project.MavenProject - Plugin is modifying testCompileSourceRoots through add(), which will not work in Maven 4.0.0. Use MavenProject.addTestCompileSourceRoot()/removeTestCompileSourceRoot() methods instead. If using a plugin, please upgrade to the latest version or report the issue to the plugin maintainer. To disable these warnings, set -Dmaven.project.sourceRoots.warningsDisabled=true on the command line, in the .mvn/maven.config file, or in project POM properties.
2026-07-22 15:19:09,983 [Worker-46: Building] INFO  o.a.m.s.f.DefaultMavenResourcesFiltering - Copying 1 resource from src\main\resources to target\classes
2026-07-22 15:19:09,987 [Worker-46: Building] INFO  o.a.m.s.f.DefaultMavenResourcesFiltering - Copying 0 resource from src\main\resources to target\classes
2026-07-22 15:19:09,990 [Worker-46: Building] INFO  o.a.m.s.f.DefaultMavenResourcesFiltering - skip non existing resourceDirectory C:\Users\adminn\Desktop\web-ay\server\ex_0722\src\test\resources
2026-07-22 15:19:09,990 [Worker-46: Building] WARN  o.apache.maven.project.MavenProject - Plugin is modifying compileSourceRoots through clear(), which will not work in Maven 4.0.0. Use MavenProject.addCompileSourceRoot()/removeCompileSourceRoot() methods instead. If using a plugin, please upgrade to the latest version or report the issue to the plugin maintainer. To disable these warnings, set -Dmaven.project.sourceRoots.warningsDisabled=true on the command line, in the .mvn/maven.config file, or in project POM properties.
2026-07-22 15:19:09,991 [Worker-46: Building] WARN  o.apache.maven.project.MavenProject - Plugin is modifying compileSourceRoots through add(), which will not work in Maven 4.0.0. Use MavenProject.addCompileSourceRoot()/removeCompileSourceRoot() methods instead. If using a plugin, please upgrade to the latest version or report the issue to the plugin maintainer. To disable these warnings, set -Dmaven.project.sourceRoots.warningsDisabled=true on the command line, in the .mvn/maven.config file, or in project POM properties.
2026-07-22 15:19:09,991 [Worker-46: Building] WARN  o.apache.maven.project.MavenProject - Plugin is modifying testCompileSourceRoots through clear(), which will not work in Maven 4.0.0. Use MavenProject.addTestCompileSourceRoot()/removeTestCompileSourceRoot() methods instead. If using a plugin, please upgrade to the latest version or report the issue to the plugin maintainer. To disable these warnings, set -Dmaven.project.sourceRoots.warningsDisabled=true on the command line, in the .mvn/maven.config file, or in project POM properties.
2026-07-22 15:19:09,991 [Worker-46: Building] WARN  o.apache.maven.project.MavenProject - Plugin is modifying testCompileSourceRoots through add(), which will not work in Maven 4.0.0. Use MavenProject.addTestCompileSourceRoot()/removeTestCompileSourceRoot() methods instead. If using a plugin, please upgrade to the latest version or report the issue to the plugin maintainer. To disable these warnings, set -Dmaven.project.sourceRoots.warningsDisabled=true on the command line, in the .mvn/maven.config file, or in project POM properties.
2026-07-22 15:19:11,486 [Worker-46: Building] INFO  o.a.m.s.f.DefaultMavenResourcesFiltering - Copying 1 resource from src\main\resources to target\classes
2026-07-22 15:19:11,488 [Worker-46: Building] INFO  o.a.m.s.f.DefaultMavenResourcesFiltering - Copying 0 resource from src\main\resources to target\classes
2026-07-22 15:19:11,490 [Worker-46: Building] INFO  o.a.m.s.f.DefaultMavenResourcesFiltering - skip non existing resourceDirectory C:\Users\adminn\Desktop\web-ay\server\ex_0722\src\test\resources
2026-07-22 15:19:11,490 [Worker-46: Building] WARN  o.apache.maven.project.MavenProject - Plugin is modifying compileSourceRoots through clear(), which will not work in Maven 4.0.0. Use MavenProject.addCompileSourceRoot()/removeCompileSourceRoot() methods instead. If using a plugin, please upgrade to the latest version or report the issue to the plugin maintainer. To disable these warnings, set -Dmaven.project.sourceRoots.warningsDisabled=true on the command line, in the .mvn/maven.config file, or in project POM properties.
2026-07-22 15:19:11,490 [Worker-46: Building] WARN  o.apache.maven.project.MavenProject - Plugin is modifying compileSourceRoots through add(), which will not work in Maven 4.0.0. Use MavenProject.addCompileSourceRoot()/removeCompileSourceRoot() methods instead. If using a plugin, please upgrade to the latest version or report the issue to the plugin maintainer. To disable these warnings, set -Dmaven.project.sourceRoots.warningsDisabled=true on the command line, in the .mvn/maven.config file, or in project POM properties.
2026-07-22 15:19:11,490 [Worker-46: Building] WARN  o.apache.maven.project.MavenProject - Plugin is modifying testCompileSourceRoots through clear(), which will not work in Maven 4.0.0. Use MavenProject.addTestCompileSourceRoot()/removeTestCompileSourceRoot() methods instead. If using a plugin, please upgrade to the latest version or report the issue to the plugin maintainer. To disable these warnings, set -Dmaven.project.sourceRoots.warningsDisabled=true on the command line, in the .mvn/maven.config file, or in project POM properties.
2026-07-22 15:19:11,490 [Worker-46: Building] WARN  o.apache.maven.project.MavenProject - Plugin is modifying testCompileSourceRoots through add(), which will not work in Maven 4.0.0. Use MavenProject.addTestCompileSourceRoot()/removeTestCompileSourceRoot() methods instead. If using a plugin, please upgrade to the latest version or report the issue to the plugin maintainer. To disable these warnings, set -Dmaven.project.sourceRoots.warningsDisabled=true on the command line, in the .mvn/maven.config file, or in project POM properties.
2026-07-22 15:19:47,101 [Worker-50: Building] INFO  o.a.m.s.f.DefaultMavenResourcesFiltering - Copying 1 resource from src\main\resources to target\classes
2026-07-22 15:19:47,105 [Worker-50: Building] INFO  o.a.m.s.f.DefaultMavenResourcesFiltering - Copying 0 resource from src\main\resources to target\classes
2026-07-22 15:19:47,106 [Worker-50: Building] INFO  o.a.m.s.f.DefaultMavenResourcesFiltering - skip non existing resourceDirectory C:\Users\adminn\Desktop\web-ay\server\ex_0722\src\test\resources
2026-07-22 15:19:47,106 [Worker-50: Building] WARN  o.apache.maven.project.MavenProject - Plugin is modifying compileSourceRoots through clear(), which will not work in Maven 4.0.0. Use MavenProject.addCompileSourceRoot()/removeCompileSourceRoot() methods instead. If using a plugin, please upgrade to the latest version or report the issue to the plugin maintainer. To disable these warnings, set -Dmaven.project.sourceRoots.warningsDisabled=true on the command line, in the .mvn/maven.config file, or in project POM properties.
2026-07-22 15:19:47,107 [Worker-50: Building] WARN  o.apache.maven.project.MavenProject - Plugin is modifying compileSourceRoots through add(), which will not work in Maven 4.0.0. Use MavenProject.addCompileSourceRoot()/removeCompileSourceRoot() methods instead. If using a plugin, please upgrade to the latest version or report the issue to the plugin maintainer. To disable these warnings, set -Dmaven.project.sourceRoots.warningsDisabled=true on the command line, in the .mvn/maven.config file, or in project POM properties.
2026-07-22 15:19:47,107 [Worker-50: Building] WARN  o.apache.maven.project.MavenProject - Plugin is modifying testCompileSourceRoots through clear(), which will not work in Maven 4.0.0. Use MavenProject.addTestCompileSourceRoot()/removeTestCompileSourceRoot() methods instead. If using a plugin, please upgrade to the latest version or report the issue to the plugin maintainer. To disable these warnings, set -Dmaven.project.sourceRoots.warningsDisabled=true on the command line, in the .mvn/maven.config file, or in project POM properties.
2026-07-22 15:19:47,107 [Worker-50: Building] WARN  o.apache.maven.project.MavenProject - Plugin is modifying testCompileSourceRoots through add(), which will not work in Maven 4.0.0. Use MavenProject.addTestCompileSourceRoot()/removeTestCompileSourceRoot() methods instead. If using a plugin, please upgrade to the latest version or report the issue to the plugin maintainer. To disable these warnings, set -Dmaven.project.sourceRoots.warningsDisabled=true on the command line, in the .mvn/maven.config file, or in project POM properties.
2026-07-22 15:38:17,738 [Worker-64: Building] INFO  o.a.m.s.f.DefaultMavenResourcesFiltering - Copying 0 resource from src\main\resources to target\classes
2026-07-22 15:38:17,739 [Worker-64: Building] INFO  o.a.m.s.f.DefaultMavenResourcesFiltering - Copying 1 resource from src\main\resources to target\classes
2026-07-22 15:38:17,743 [Worker-64: Building] INFO  o.a.m.s.f.DefaultMavenResourcesFiltering - skip non existing resourceDirectory C:\Users\adminn\Desktop\web-ay\server\ex_0722\src\test\resources
2026-07-22 15:38:17,744 [Worker-64: Building] WARN  o.apache.maven.project.MavenProject - Plugin is modifying compileSourceRoots through clear(), which will not work in Maven 4.0.0. Use MavenProject.addCompileSourceRoot()/removeCompileSourceRoot() methods instead. If using a plugin, please upgrade to the latest version or report the issue to the plugin maintainer. To disable these warnings, set -Dmaven.project.sourceRoots.warningsDisabled=true on the command line, in the .mvn/maven.config file, or in project POM properties.
2026-07-22 15:38:17,744 [Worker-64: Building] WARN  o.apache.maven.project.MavenProject - Plugin is modifying compileSourceRoots through add(), which will not work in Maven 4.0.0. Use MavenProject.addCompileSourceRoot()/removeCompileSourceRoot() methods instead. If using a plugin, please upgrade to the latest version or report the issue to the plugin maintainer. To disable these warnings, set -Dmaven.project.sourceRoots.warningsDisabled=true on the command line, in the .mvn/maven.config file, or in project POM properties.
2026-07-22 15:38:17,745 [Worker-64: Building] WARN  o.apache.maven.project.MavenProject - Plugin is modifying testCompileSourceRoots through clear(), which will not work in Maven 4.0.0. Use MavenProject.addTestCompileSourceRoot()/removeTestCompileSourceRoot() methods instead. If using a plugin, please upgrade to the latest version or report the issue to the plugin maintainer. To disable these warnings, set -Dmaven.project.sourceRoots.warningsDisabled=true on the command line, in the .mvn/maven.config file, or in project POM properties.
2026-07-22 15:38:17,745 [Worker-64: Building] WARN  o.apache.maven.project.MavenProject - Plugin is modifying testCompileSourceRoots through add(), which will not work in Maven 4.0.0. Use MavenProject.addTestCompileSourceRoot()/removeTestCompileSourceRoot() methods instead. If using a plugin, please upgrade to the latest version or report the issue to the plugin maintainer. To disable these warnings, set -Dmaven.project.sourceRoots.warningsDisabled=true on the command line, in the .mvn/maven.config file, or in project POM properties.
2026-07-22 15:40:43,473 [Worker-68: Building] INFO  o.a.m.s.f.DefaultMavenResourcesFiltering - Copying 0 resource from src\main\resources to target\classes
2026-07-22 15:40:43,473 [Worker-68: Building] INFO  o.a.m.s.f.DefaultMavenResourcesFiltering - Copying 1 resource from src\main\resources to target\classes
2026-07-22 15:40:43,477 [Worker-68: Building] INFO  o.a.m.s.f.DefaultMavenResourcesFiltering - skip non existing resourceDirectory C:\Users\adminn\Desktop\web-ay\server\ex_0722\src\test\resources
2026-07-22 15:40:43,477 [Worker-68: Building] WARN  o.apache.maven.project.MavenProject - Plugin is modifying compileSourceRoots through clear(), which will not work in Maven 4.0.0. Use MavenProject.addCompileSourceRoot()/removeCompileSourceRoot() methods instead. If using a plugin, please upgrade to the latest version or report the issue to the plugin maintainer. To disable these warnings, set -Dmaven.project.sourceRoots.warningsDisabled=true on the command line, in the .mvn/maven.config file, or in project POM properties.
2026-07-22 15:40:43,477 [Worker-68: Building] WARN  o.apache.maven.project.MavenProject - Plugin is modifying compileSourceRoots through add(), which will not work in Maven 4.0.0. Use MavenProject.addCompileSourceRoot()/removeCompileSourceRoot() methods instead. If using a plugin, please upgrade to the latest version or report the issue to the plugin maintainer. To disable these warnings, set -Dmaven.project.sourceRoots.warningsDisabled=true on the command line, in the .mvn/maven.config file, or in project POM properties.
2026-07-22 15:40:43,478 [Worker-68: Building] WARN  o.apache.maven.project.MavenProject - Plugin is modifying testCompileSourceRoots through clear(), which will not work in Maven 4.0.0. Use MavenProject.addTestCompileSourceRoot()/removeTestCompileSourceRoot() methods instead. If using a plugin, please upgrade to the latest version or report the issue to the plugin maintainer. To disable these warnings, set -Dmaven.project.sourceRoots.warningsDisabled=true on the command line, in the .mvn/maven.config file, or in project POM properties.
2026-07-22 15:40:43,478 [Worker-68: Building] WARN  o.apache.maven.project.MavenProject - Plugin is modifying testCompileSourceRoots through add(), which will not work in Maven 4.0.0. Use MavenProject.addTestCompileSourceRoot()/removeTestCompileSourceRoot() methods instead. If using a plugin, please upgrade to the latest version or report the issue to the plugin maintainer. To disable these warnings, set -Dmaven.project.sourceRoots.warningsDisabled=true on the command line, in the .mvn/maven.config file, or in project POM properties.
2026-07-22 15:51:17,921 [Worker-74: Building] INFO  o.a.m.s.f.DefaultMavenResourcesFiltering - Copying 0 resource from src\main\resources to target\classes
2026-07-22 15:51:17,922 [Worker-74: Building] INFO  o.a.m.s.f.DefaultMavenResourcesFiltering - Copying 1 resource from src\main\resources to target\classes
2026-07-22 15:51:17,924 [Worker-74: Building] INFO  o.a.m.s.f.DefaultMavenResourcesFiltering - skip non existing resourceDirectory C:\Users\adminn\Desktop\web-ay\server\ex_0722\src\test\resources
2026-07-22 15:51:17,924 [Worker-74: Building] WARN  o.apache.maven.project.MavenProject - Plugin is modifying compileSourceRoots through clear(), which will not work in Maven 4.0.0. Use MavenProject.addCompileSourceRoot()/removeCompileSourceRoot() methods instead. If using a plugin, please upgrade to the latest version or report the issue to the plugin maintainer. To disable these warnings, set -Dmaven.project.sourceRoots.warningsDisabled=true on the command line, in the .mvn/maven.config file, or in project POM properties.
2026-07-22 15:51:17,925 [Worker-74: Building] WARN  o.apache.maven.project.MavenProject - Plugin is modifying compileSourceRoots through add(), which will not work in Maven 4.0.0. Use MavenProject.addCompileSourceRoot()/removeCompileSourceRoot() methods instead. If using a plugin, please upgrade to the latest version or report the issue to the plugin maintainer. To disable these warnings, set -Dmaven.project.sourceRoots.warningsDisabled=true on the command line, in the .mvn/maven.config file, or in project POM properties.
2026-07-22 15:51:17,925 [Worker-74: Building] WARN  o.apache.maven.project.MavenProject - Plugin is modifying testCompileSourceRoots through clear(), which will not work in Maven 4.0.0. Use MavenProject.addTestCompileSourceRoot()/removeTestCompileSourceRoot() methods instead. If using a plugin, please upgrade to the latest version or report the issue to the plugin maintainer. To disable these warnings, set -Dmaven.project.sourceRoots.warningsDisabled=true on the command line, in the .mvn/maven.config file, or in project POM properties.
2026-07-22 15:51:17,925 [Worker-74: Building] WARN  o.apache.maven.project.MavenProject - Plugin is modifying testCompileSourceRoots through add(), which will not work in Maven 4.0.0. Use MavenProject.addTestCompileSourceRoot()/removeTestCompileSourceRoot() methods instead. If using a plugin, please upgrade to the latest version or report the issue to the plugin maintainer. To disable these warnings, set -Dmaven.project.sourceRoots.warningsDisabled=true on the command line, in the .mvn/maven.config file, or in project POM properties.
2026-07-22 16:00:33,484 [Worker-79: Building] INFO  o.a.m.s.f.DefaultMavenResourcesFiltering - Copying 1 resource from src\main\resources to target\classes
2026-07-22 16:00:33,497 [Worker-79: Building] INFO  o.a.m.s.f.DefaultMavenResourcesFiltering - Copying 1 resource from src\main\resources to target\classes
2026-07-22 16:00:33,502 [Worker-79: Building] INFO  o.a.m.s.f.DefaultMavenResourcesFiltering - skip non existing resourceDirectory C:\Users\adminn\Desktop\web-ay\server\ex_0722\src\test\resources
2026-07-22 16:00:33,503 [Worker-79: Building] WARN  o.apache.maven.project.MavenProject - Plugin is modifying compileSourceRoots through clear(), which will not work in Maven 4.0.0. Use MavenProject.addCompileSourceRoot()/removeCompileSourceRoot() methods instead. If using a plugin, please upgrade to the latest version or report the issue to the plugin maintainer. To disable these warnings, set -Dmaven.project.sourceRoots.warningsDisabled=true on the command line, in the .mvn/maven.config file, or in project POM properties.
2026-07-22 16:00:33,503 [Worker-79: Building] WARN  o.apache.maven.project.MavenProject - Plugin is modifying compileSourceRoots through add(), which will not work in Maven 4.0.0. Use MavenProject.addCompileSourceRoot()/removeCompileSourceRoot() methods instead. If using a plugin, please upgrade to the latest version or report the issue to the plugin maintainer. To disable these warnings, set -Dmaven.project.sourceRoots.warningsDisabled=true on the command line, in the .mvn/maven.config file, or in project POM properties.
2026-07-22 16:00:33,504 [Worker-79: Building] WARN  o.apache.maven.project.MavenProject - Plugin is modifying testCompileSourceRoots through clear(), which will not work in Maven 4.0.0. Use MavenProject.addTestCompileSourceRoot()/removeTestCompileSourceRoot() methods instead. If using a plugin, please upgrade to the latest version or report the issue to the plugin maintainer. To disable these warnings, set -Dmaven.project.sourceRoots.warningsDisabled=true on the command line, in the .mvn/maven.config file, or in project POM properties.
2026-07-22 16:00:33,504 [Worker-79: Building] WARN  o.apache.maven.project.MavenProject - Plugin is modifying testCompileSourceRoots through add(), which will not work in Maven 4.0.0. Use MavenProject.addTestCompileSourceRoot()/removeTestCompileSourceRoot() methods instead. If using a plugin, please upgrade to the latest version or report the issue to the plugin maintainer. To disable these warnings, set -Dmaven.project.sourceRoots.warningsDisabled=true on the command line, in the .mvn/maven.config file, or in project POM properties.
2026-07-22 16:00:51,981 [Worker-82: Building] INFO  o.a.m.s.f.DefaultMavenResourcesFiltering - Copying 1 resource from src\main\resources to target\classes
2026-07-22 16:00:51,985 [Worker-82: Building] INFO  o.a.m.s.f.DefaultMavenResourcesFiltering - Copying 1 resource from src\main\resources to target\classes
2026-07-22 16:00:51,987 [Worker-82: Building] INFO  o.a.m.s.f.DefaultMavenResourcesFiltering - skip non existing resourceDirectory C:\Users\adminn\Desktop\web-ay\server\ex_0722\src\test\resources
2026-07-22 16:00:51,987 [Worker-82: Building] WARN  o.apache.maven.project.MavenProject - Plugin is modifying compileSourceRoots through clear(), which will not work in Maven 4.0.0. Use MavenProject.addCompileSourceRoot()/removeCompileSourceRoot() methods instead. If using a plugin, please upgrade to the latest version or report the issue to the plugin maintainer. To disable these warnings, set -Dmaven.project.sourceRoots.warningsDisabled=true on the command line, in the .mvn/maven.config file, or in project POM properties.
2026-07-22 16:00:51,987 [Worker-82: Building] WARN  o.apache.maven.project.MavenProject - Plugin is modifying compileSourceRoots through add(), which will not work in Maven 4.0.0. Use MavenProject.addCompileSourceRoot()/removeCompileSourceRoot() methods instead. If using a plugin, please upgrade to the latest version or report the issue to the plugin maintainer. To disable these warnings, set -Dmaven.project.sourceRoots.warningsDisabled=true on the command line, in the .mvn/maven.config file, or in project POM properties.
2026-07-22 16:00:51,987 [Worker-82: Building] WARN  o.apache.maven.project.MavenProject - Plugin is modifying testCompileSourceRoots through clear(), which will not work in Maven 4.0.0. Use MavenProject.addTestCompileSourceRoot()/removeTestCompileSourceRoot() methods instead. If using a plugin, please upgrade to the latest version or report the issue to the plugin maintainer. To disable these warnings, set -Dmaven.project.sourceRoots.warningsDisabled=true on the command line, in the .mvn/maven.config file, or in project POM properties.
2026-07-22 16:00:51,988 [Worker-82: Building] WARN  o.apache.maven.project.MavenProject - Plugin is modifying testCompileSourceRoots through add(), which will not work in Maven 4.0.0. Use MavenProject.addTestCompileSourceRoot()/removeTestCompileSourceRoot() methods instead. If using a plugin, please upgrade to the latest version or report the issue to the plugin maintainer. To disable these warnings, set -Dmaven.project.sourceRoots.warningsDisabled=true on the command line, in the .mvn/maven.config file, or in project POM properties.
2026-07-22 16:01:47,052 [Worker-82: Building] INFO  o.a.m.s.f.DefaultMavenResourcesFiltering - Copying 0 resource from src\main\resources to target\classes
2026-07-22 16:01:47,053 [Worker-82: Building] INFO  o.a.m.s.f.DefaultMavenResourcesFiltering - Copying 1 resource from src\main\resources to target\classes
2026-07-22 16:01:47,056 [Worker-82: Building] INFO  o.a.m.s.f.DefaultMavenResourcesFiltering - skip non existing resourceDirectory C:\Users\adminn\Desktop\web-ay\server\ex_0722\src\test\resources
2026-07-22 16:01:47,056 [Worker-82: Building] WARN  o.apache.maven.project.MavenProject - Plugin is modifying compileSourceRoots through clear(), which will not work in Maven 4.0.0. Use MavenProject.addCompileSourceRoot()/removeCompileSourceRoot() methods instead. If using a plugin, please upgrade to the latest version or report the issue to the plugin maintainer. To disable these warnings, set -Dmaven.project.sourceRoots.warningsDisabled=true on the command line, in the .mvn/maven.config file, or in project POM properties.
2026-07-22 16:01:47,057 [Worker-82: Building] WARN  o.apache.maven.project.MavenProject - Plugin is modifying compileSourceRoots through add(), which will not work in Maven 4.0.0. Use MavenProject.addCompileSourceRoot()/removeCompileSourceRoot() methods instead. If using a plugin, please upgrade to the latest version or report the issue to the plugin maintainer. To disable these warnings, set -Dmaven.project.sourceRoots.warningsDisabled=true on the command line, in the .mvn/maven.config file, or in project POM properties.
2026-07-22 16:01:47,057 [Worker-82: Building] WARN  o.apache.maven.project.MavenProject - Plugin is modifying testCompileSourceRoots through clear(), which will not work in Maven 4.0.0. Use MavenProject.addTestCompileSourceRoot()/removeTestCompileSourceRoot() methods instead. If using a plugin, please upgrade to the latest version or report the issue to the plugin maintainer. To disable these warnings, set -Dmaven.project.sourceRoots.warningsDisabled=true on the command line, in the .mvn/maven.config file, or in project POM properties.
2026-07-22 16:01:47,057 [Worker-82: Building] WARN  o.apache.maven.project.MavenProject - Plugin is modifying testCompileSourceRoots through add(), which will not work in Maven 4.0.0. Use MavenProject.addTestCompileSourceRoot()/removeTestCompileSourceRoot() methods instead. If using a plugin, please upgrade to the latest version or report the issue to the plugin maintainer. To disable these warnings, set -Dmaven.project.sourceRoots.warningsDisabled=true on the command line, in the .mvn/maven.config file, or in project POM properties.
2026-07-22 16:01:48,620 [Worker-79: Building] INFO  o.a.m.s.f.DefaultMavenResourcesFiltering - Copying 1 resource from src\main\resources to target\classes
2026-07-22 16:01:48,631 [Worker-79: Building] INFO  o.a.m.s.f.DefaultMavenResourcesFiltering - Copying 1 resource from src\main\resources to target\classes
2026-07-22 16:01:48,635 [Worker-79: Building] INFO  o.a.m.s.f.DefaultMavenResourcesFiltering - skip non existing resourceDirectory C:\Users\adminn\Desktop\web-ay\server\ex_0722\src\test\resources
2026-07-22 16:01:48,636 [Worker-79: Building] WARN  o.apache.maven.project.MavenProject - Plugin is modifying compileSourceRoots through clear(), which will not work in Maven 4.0.0. Use MavenProject.addCompileSourceRoot()/removeCompileSourceRoot() methods instead. If using a plugin, please upgrade to the latest version or report the issue to the plugin maintainer. To disable these warnings, set -Dmaven.project.sourceRoots.warningsDisabled=true on the command line, in the .mvn/maven.config file, or in project POM properties.
2026-07-22 16:01:48,636 [Worker-79: Building] WARN  o.apache.maven.project.MavenProject - Plugin is modifying compileSourceRoots through add(), which will not work in Maven 4.0.0. Use MavenProject.addCompileSourceRoot()/removeCompileSourceRoot() methods instead. If using a plugin, please upgrade to the latest version or report the issue to the plugin maintainer. To disable these warnings, set -Dmaven.project.sourceRoots.warningsDisabled=true on the command line, in the .mvn/maven.config file, or in project POM properties.
2026-07-22 16:01:48,637 [Worker-79: Building] WARN  o.apache.maven.project.MavenProject - Plugin is modifying testCompileSourceRoots through clear(), which will not work in Maven 4.0.0. Use MavenProject.addTestCompileSourceRoot()/removeTestCompileSourceRoot() methods instead. If using a plugin, please upgrade to the latest version or report the issue to the plugin maintainer. To disable these warnings, set -Dmaven.project.sourceRoots.warningsDisabled=true on the command line, in the .mvn/maven.config file, or in project POM properties.
2026-07-22 16:01:48,637 [Worker-79: Building] WARN  o.apache.maven.project.MavenProject - Plugin is modifying testCompileSourceRoots through add(), which will not work in Maven 4.0.0. Use MavenProject.addTestCompileSourceRoot()/removeTestCompileSourceRoot() methods instead. If using a plugin, please upgrade to the latest version or report the issue to the plugin maintainer. To disable these warnings, set -Dmaven.project.sourceRoots.warningsDisabled=true on the command line, in the .mvn/maven.config file, or in project POM properties.
2026-07-22 16:07:17,575 [Worker-84: Launching Ex0722Application] INFO  o.a.m.s.f.DefaultMavenResourcesFiltering - Copying 1 resource from src\main\resources to target\classes
2026-07-22 16:07:17,593 [Worker-84: Launching Ex0722Application] INFO  o.a.m.s.f.DefaultMavenResourcesFiltering - Copying 1 resource from src\main\resources to target\classes
2026-07-22 16:07:17,600 [Worker-84: Launching Ex0722Application] INFO  o.a.m.s.f.DefaultMavenResourcesFiltering - skip non existing resourceDirectory C:\Users\adminn\Desktop\web-ay\server\ex_0722\src\test\resources
2026-07-22 16:07:17,600 [Worker-84: Launching Ex0722Application] WARN  o.apache.maven.project.MavenProject - Plugin is modifying compileSourceRoots through clear(), which will not work in Maven 4.0.0. Use MavenProject.addCompileSourceRoot()/removeCompileSourceRoot() methods instead. If using a plugin, please upgrade to the latest version or report the issue to the plugin maintainer. To disable these warnings, set -Dmaven.project.sourceRoots.warningsDisabled=true on the command line, in the .mvn/maven.config file, or in project POM properties.
2026-07-22 16:07:17,601 [Worker-84: Launching Ex0722Application] WARN  o.apache.maven.project.MavenProject - Plugin is modifying compileSourceRoots through add(), which will not work in Maven 4.0.0. Use MavenProject.addCompileSourceRoot()/removeCompileSourceRoot() methods instead. If using a plugin, please upgrade to the latest version or report the issue to the plugin maintainer. To disable these warnings, set -Dmaven.project.sourceRoots.warningsDisabled=true on the command line, in the .mvn/maven.config file, or in project POM properties.
2026-07-22 16:07:17,601 [Worker-84: Launching Ex0722Application] WARN  o.apache.maven.project.MavenProject - Plugin is modifying testCompileSourceRoots through clear(), which will not work in Maven 4.0.0. Use MavenProject.addTestCompileSourceRoot()/removeTestCompileSourceRoot() methods instead. If using a plugin, please upgrade to the latest version or report the issue to the plugin maintainer. To disable these warnings, set -Dmaven.project.sourceRoots.warningsDisabled=true on the command line, in the .mvn/maven.config file, or in project POM properties.
2026-07-22 16:07:17,601 [Worker-84: Launching Ex0722Application] WARN  o.apache.maven.project.MavenProject - Plugin is modifying testCompileSourceRoots through add(), which will not work in Maven 4.0.0. Use MavenProject.addTestCompileSourceRoot()/removeTestCompileSourceRoot() methods instead. If using a plugin, please upgrade to the latest version or report the issue to the plugin maintainer. To disable these warnings, set -Dmaven.project.sourceRoots.warningsDisabled=true on the command line, in the .mvn/maven.config file, or in project POM properties.
2026-07-22 16:41:19,074 [Worker-98: Building] INFO  o.a.m.s.f.DefaultMavenResourcesFiltering - Copying 0 resource from src\main\resources to target\classes
2026-07-22 16:41:19,074 [Worker-98: Building] INFO  o.a.m.s.f.DefaultMavenResourcesFiltering - Copying 1 resource from src\main\resources to target\classes
2026-07-22 16:41:19,077 [Worker-98: Building] INFO  o.a.m.s.f.DefaultMavenResourcesFiltering - skip non existing resourceDirectory C:\Users\adminn\Desktop\web-ay\server\ex_0722\src\test\resources
2026-07-22 16:41:19,077 [Worker-98: Building] WARN  o.apache.maven.project.MavenProject - Plugin is modifying compileSourceRoots through clear(), which will not work in Maven 4.0.0. Use MavenProject.addCompileSourceRoot()/removeCompileSourceRoot() methods instead. If using a plugin, please upgrade to the latest version or report the issue to the plugin maintainer. To disable these warnings, set -Dmaven.project.sourceRoots.warningsDisabled=true on the command line, in the .mvn/maven.config file, or in project POM properties.
2026-07-22 16:41:19,077 [Worker-98: Building] WARN  o.apache.maven.project.MavenProject - Plugin is modifying compileSourceRoots through add(), which will not work in Maven 4.0.0. Use MavenProject.addCompileSourceRoot()/removeCompileSourceRoot() methods instead. If using a plugin, please upgrade to the latest version or report the issue to the plugin maintainer. To disable these warnings, set -Dmaven.project.sourceRoots.warningsDisabled=true on the command line, in the .mvn/maven.config file, or in project POM properties.
2026-07-22 16:41:19,078 [Worker-98: Building] WARN  o.apache.maven.project.MavenProject - Plugin is modifying testCompileSourceRoots through clear(), which will not work in Maven 4.0.0. Use MavenProject.addTestCompileSourceRoot()/removeTestCompileSourceRoot() methods instead. If using a plugin, please upgrade to the latest version or report the issue to the plugin maintainer. To disable these warnings, set -Dmaven.project.sourceRoots.warningsDisabled=true on the command line, in the .mvn/maven.config file, or in project POM properties.
2026-07-22 16:41:19,078 [Worker-98: Building] WARN  o.apache.maven.project.MavenProject - Plugin is modifying testCompileSourceRoots through add(), which will not work in Maven 4.0.0. Use MavenProject.addTestCompileSourceRoot()/removeTestCompileSourceRoot() methods instead. If using a plugin, please upgrade to the latest version or report the issue to the plugin maintainer. To disable these warnings, set -Dmaven.project.sourceRoots.warningsDisabled=true on the command line, in the .mvn/maven.config file, or in project POM properties.
2026-07-22 16:41:20,441 [Worker-99: Building] INFO  o.a.m.s.f.DefaultMavenResourcesFiltering - Copying 1 resource from src\main\resources to target\classes
2026-07-22 16:41:20,457 [Worker-99: Building] INFO  o.a.m.s.f.DefaultMavenResourcesFiltering - Copying 1 resource from src\main\resources to target\classes
2026-07-22 16:41:20,461 [Worker-99: Building] INFO  o.a.m.s.f.DefaultMavenResourcesFiltering - skip non existing resourceDirectory C:\Users\adminn\Desktop\web-ay\server\ex_0722\src\test\resources
2026-07-22 16:41:20,461 [Worker-99: Building] WARN  o.apache.maven.project.MavenProject - Plugin is modifying compileSourceRoots through clear(), which will not work in Maven 4.0.0. Use MavenProject.addCompileSourceRoot()/removeCompileSourceRoot() methods instead. If using a plugin, please upgrade to the latest version or report the issue to the plugin maintainer. To disable these warnings, set -Dmaven.project.sourceRoots.warningsDisabled=true on the command line, in the .mvn/maven.config file, or in project POM properties.
2026-07-22 16:41:20,462 [Worker-99: Building] WARN  o.apache.maven.project.MavenProject - Plugin is modifying compileSourceRoots through add(), which will not work in Maven 4.0.0. Use MavenProject.addCompileSourceRoot()/removeCompileSourceRoot() methods instead. If using a plugin, please upgrade to the latest version or report the issue to the plugin maintainer. To disable these warnings, set -Dmaven.project.sourceRoots.warningsDisabled=true on the command line, in the .mvn/maven.config file, or in project POM properties.
2026-07-22 16:41:20,462 [Worker-99: Building] WARN  o.apache.maven.project.MavenProject - Plugin is modifying testCompileSourceRoots through clear(), which will not work in Maven 4.0.0. Use MavenProject.addTestCompileSourceRoot()/removeTestCompileSourceRoot() methods instead. If using a plugin, please upgrade to the latest version or report the issue to the plugin maintainer. To disable these warnings, set -Dmaven.project.sourceRoots.warningsDisabled=true on the command line, in the .mvn/maven.config file, or in project POM properties.
2026-07-22 16:41:20,463 [Worker-99: Building] WARN  o.apache.maven.project.MavenProject - Plugin is modifying testCompileSourceRoots through add(), which will not work in Maven 4.0.0. Use MavenProject.addTestCompileSourceRoot()/removeTestCompileSourceRoot() methods instead. If using a plugin, please upgrade to the latest version or report the issue to the plugin maintainer. To disable these warnings, set -Dmaven.project.sourceRoots.warningsDisabled=true on the command line, in the .mvn/maven.config file, or in project POM properties.
2026-07-22 16:42:42,678 [Worker-98: Building] INFO  o.a.m.s.f.DefaultMavenResourcesFiltering - Copying 1 resource from src\main\resources to target\classes
2026-07-22 16:42:42,682 [Worker-98: Building] INFO  o.a.m.s.f.DefaultMavenResourcesFiltering - Copying 1 resource from src\main\resources to target\classes
2026-07-22 16:42:42,685 [Worker-98: Building] INFO  o.a.m.s.f.DefaultMavenResourcesFiltering - skip non existing resourceDirectory C:\Users\adminn\Desktop\web-ay\server\ex_0722\src\test\resources
2026-07-22 16:42:42,685 [Worker-98: Building] WARN  o.apache.maven.project.MavenProject - Plugin is modifying compileSourceRoots through clear(), which will not work in Maven 4.0.0. Use MavenProject.addCompileSourceRoot()/removeCompileSourceRoot() methods instead. If using a plugin, please upgrade to the latest version or report the issue to the plugin maintainer. To disable these warnings, set -Dmaven.project.sourceRoots.warningsDisabled=true on the command line, in the .mvn/maven.config file, or in project POM properties.
2026-07-22 16:42:42,685 [Worker-98: Building] WARN  o.apache.maven.project.MavenProject - Plugin is modifying compileSourceRoots through add(), which will not work in Maven 4.0.0. Use MavenProject.addCompileSourceRoot()/removeCompileSourceRoot() methods instead. If using a plugin, please upgrade to the latest version or report the issue to the plugin maintainer. To disable these warnings, set -Dmaven.project.sourceRoots.warningsDisabled=true on the command line, in the .mvn/maven.config file, or in project POM properties.
2026-07-22 16:42:42,686 [Worker-98: Building] WARN  o.apache.maven.project.MavenProject - Plugin is modifying testCompileSourceRoots through clear(), which will not work in Maven 4.0.0. Use MavenProject.addTestCompileSourceRoot()/removeTestCompileSourceRoot() methods instead. If using a plugin, please upgrade to the latest version or report the issue to the plugin maintainer. To disable these warnings, set -Dmaven.project.sourceRoots.warningsDisabled=true on the command line, in the .mvn/maven.config file, or in project POM properties.
2026-07-22 16:42:42,686 [Worker-98: Building] WARN  o.apache.maven.project.MavenProject - Plugin is modifying testCompileSourceRoots through add(), which will not work in Maven 4.0.0. Use MavenProject.addTestCompileSourceRoot()/removeTestCompileSourceRoot() methods instead. If using a plugin, please upgrade to the latest version or report the issue to the plugin maintainer. To disable these warnings, set -Dmaven.project.sourceRoots.warningsDisabled=true on the command line, in the .mvn/maven.config file, or in project POM properties.
2026-07-22 16:42:50,216 [Worker-85: Building] INFO  o.a.m.s.f.DefaultMavenResourcesFiltering - Copying 1 resource from src\main\resources to target\classes
2026-07-22 16:42:50,218 [Worker-85: Building] INFO  o.a.m.s.f.DefaultMavenResourcesFiltering - Copying 1 resource from src\main\resources to target\classes
2026-07-22 16:42:50,220 [Worker-85: Building] INFO  o.a.m.s.f.DefaultMavenResourcesFiltering - skip non existing resourceDirectory C:\Users\adminn\Desktop\web-ay\server\ex_0722\src\test\resources
2026-07-22 16:42:50,220 [Worker-85: Building] WARN  o.apache.maven.project.MavenProject - Plugin is modifying compileSourceRoots through clear(), which will not work in Maven 4.0.0. Use MavenProject.addCompileSourceRoot()/removeCompileSourceRoot() methods instead. If using a plugin, please upgrade to the latest version or report the issue to the plugin maintainer. To disable these warnings, set -Dmaven.project.sourceRoots.warningsDisabled=true on the command line, in the .mvn/maven.config file, or in project POM properties.
2026-07-22 16:42:50,221 [Worker-85: Building] WARN  o.apache.maven.project.MavenProject - Plugin is modifying compileSourceRoots through add(), which will not work in Maven 4.0.0. Use MavenProject.addCompileSourceRoot()/removeCompileSourceRoot() methods instead. If using a plugin, please upgrade to the latest version or report the issue to the plugin maintainer. To disable these warnings, set -Dmaven.project.sourceRoots.warningsDisabled=true on the command line, in the .mvn/maven.config file, or in project POM properties.
2026-07-22 16:42:50,221 [Worker-85: Building] WARN  o.apache.maven.project.MavenProject - Plugin is modifying testCompileSourceRoots through clear(), which will not work in Maven 4.0.0. Use MavenProject.addTestCompileSourceRoot()/removeTestCompileSourceRoot() methods instead. If using a plugin, please upgrade to the latest version or report the issue to the plugin maintainer. To disable these warnings, set -Dmaven.project.sourceRoots.warningsDisabled=true on the command line, in the .mvn/maven.config file, or in project POM properties.
2026-07-22 16:42:50,222 [Worker-85: Building] WARN  o.apache.maven.project.MavenProject - Plugin is modifying testCompileSourceRoots through add(), which will not work in Maven 4.0.0. Use MavenProject.addTestCompileSourceRoot()/removeTestCompileSourceRoot() methods instead. If using a plugin, please upgrade to the latest version or report the issue to the plugin maintainer. To disable these warnings, set -Dmaven.project.sourceRoots.warningsDisabled=true on the command line, in the .mvn/maven.config file, or in project POM properties.
2026-07-22 18:25:16,099 [Worker-113: Building] INFO  o.a.m.s.f.DefaultMavenResourcesFiltering - Copying 1 resource from src\main\resources to target\classes
2026-07-22 18:25:16,104 [Worker-113: Building] INFO  o.a.m.s.f.DefaultMavenResourcesFiltering - Copying 1 resource from src\main\resources to target\classes
2026-07-22 18:25:16,105 [Worker-113: Building] INFO  o.a.m.s.f.DefaultMavenResourcesFiltering - skip non existing resourceDirectory C:\Users\adminn\Desktop\web-ay\server\ex_0722\src\test\resources
2026-07-22 18:25:16,107 [Worker-113: Building] WARN  o.apache.maven.project.MavenProject - Plugin is modifying compileSourceRoots through clear(), which will not work in Maven 4.0.0. Use MavenProject.addCompileSourceRoot()/removeCompileSourceRoot() methods instead. If using a plugin, please upgrade to the latest version or report the issue to the plugin maintainer. To disable these warnings, set -Dmaven.project.sourceRoots.warningsDisabled=true on the command line, in the .mvn/maven.config file, or in project POM properties.
2026-07-22 18:25:16,107 [Worker-113: Building] WARN  o.apache.maven.project.MavenProject - Plugin is modifying compileSourceRoots through add(), which will not work in Maven 4.0.0. Use MavenProject.addCompileSourceRoot()/removeCompileSourceRoot() methods instead. If using a plugin, please upgrade to the latest version or report the issue to the plugin maintainer. To disable these warnings, set -Dmaven.project.sourceRoots.warningsDisabled=true on the command line, in the .mvn/maven.config file, or in project POM properties.
2026-07-22 18:25:16,108 [Worker-113: Building] WARN  o.apache.maven.project.MavenProject - Plugin is modifying testCompileSourceRoots through clear(), which will not work in Maven 4.0.0. Use MavenProject.addTestCompileSourceRoot()/removeTestCompileSourceRoot() methods instead. If using a plugin, please upgrade to the latest version or report the issue to the plugin maintainer. To disable these warnings, set -Dmaven.project.sourceRoots.warningsDisabled=true on the command line, in the .mvn/maven.config file, or in project POM properties.
2026-07-22 18:25:16,108 [Worker-113: Building] WARN  o.apache.maven.project.MavenProject - Plugin is modifying testCompileSourceRoots through add(), which will not work in Maven 4.0.0. Use MavenProject.addTestCompileSourceRoot()/removeTestCompileSourceRoot() methods instead. If using a plugin, please upgrade to the latest version or report the issue to the plugin maintainer. To disable these warnings, set -Dmaven.project.sourceRoots.warningsDisabled=true on the command line, in the .mvn/maven.config file, or in project POM properties.
2026-07-23 10:54:37,880 [Worker-7: Loading available Gradle versions] INFO  o.e.b.c.i.u.g.PublishedGradleVersions - Gradle version information cache is up-to-date. Trying to read.
2026-07-23 10:55:14,866 [Worker-4: Importing Maven projects] INFO  o.e.m.c.i.l.LifecycleMappingFactory - Using org.eclipse.m2e.jdt.JarLifecycleMapping lifecycle mapping for MavenProject: com.example:ex_0722:0.0.1-SNAPSHOT @ C:\Users\adminn\Desktop\web-ay\server\ex_0723\pom.xml.
2026-07-23 10:55:15,691 [Worker-4: Importing Maven projects] INFO  o.e.m.j.i.AbstractJavaProjectConfigurator - Adding source folder /ex_0723/src/main/java
2026-07-23 10:55:15,694 [Worker-4: Importing Maven projects] INFO  o.e.m.j.i.AbstractJavaProjectConfigurator - Adding resource folder /ex_0723/src/main/resources
2026-07-23 10:55:15,695 [Worker-4: Importing Maven projects] INFO  o.e.m.j.i.AbstractJavaProjectConfigurator - Adding resource folder /ex_0723/src/main/resources
2026-07-23 10:55:15,696 [Worker-4: Importing Maven projects] INFO  o.e.m.j.i.AbstractJavaProjectConfigurator - Adding source folder /ex_0723/src/test/java
2026-07-23 10:55:15,697 [Worker-4: Importing Maven projects] INFO  o.e.m.j.i.AbstractJavaProjectConfigurator - Adding resource folder /ex_0723/src/test/resources
2026-07-23 10:55:15,869 [Worker-4: Importing Maven projects] WARN  o.apache.maven.project.MavenProject - Plugin is modifying compileSourceRoots through clear(), which will not work in Maven 4.0.0. Use MavenProject.addCompileSourceRoot()/removeCompileSourceRoot() methods instead. If using a plugin, please upgrade to the latest version or report the issue to the plugin maintainer. To disable these warnings, set -Dmaven.project.sourceRoots.warningsDisabled=true on the command line, in the .mvn/maven.config file, or in project POM properties.
2026-07-23 10:55:15,871 [Worker-4: Importing Maven projects] WARN  o.apache.maven.project.MavenProject - Plugin is modifying compileSourceRoots through add(), which will not work in Maven 4.0.0. Use MavenProject.addCompileSourceRoot()/removeCompileSourceRoot() methods instead. If using a plugin, please upgrade to the latest version or report the issue to the plugin maintainer. To disable these warnings, set -Dmaven.project.sourceRoots.warningsDisabled=true on the command line, in the .mvn/maven.config file, or in project POM properties.
2026-07-23 10:55:15,872 [Worker-4: Importing Maven projects] WARN  o.apache.maven.project.MavenProject - Plugin is modifying testCompileSourceRoots through clear(), which will not work in Maven 4.0.0. Use MavenProject.addTestCompileSourceRoot()/removeTestCompileSourceRoot() methods instead. If using a plugin, please upgrade to the latest version or report the issue to the plugin maintainer. To disable these warnings, set -Dmaven.project.sourceRoots.warningsDisabled=true on the command line, in the .mvn/maven.config file, or in project POM properties.
2026-07-23 10:55:15,873 [Worker-4: Importing Maven projects] WARN  o.apache.maven.project.MavenProject - Plugin is modifying testCompileSourceRoots through add(), which will not work in Maven 4.0.0. Use MavenProject.addTestCompileSourceRoot()/removeTestCompileSourceRoot() methods instead. If using a plugin, please upgrade to the latest version or report the issue to the plugin maintainer. To disable these warnings, set -Dmaven.project.sourceRoots.warningsDisabled=true on the command line, in the .mvn/maven.config file, or in project POM properties.
2026-07-23 10:55:15,883 [Worker-4: Importing Maven projects] INFO  o.e.m.c.i.p.ProjectConfigurationManager - Imported and configured 1 project(s) in 1 sec
2026-07-23 10:55:16,672 [Worker-28: Building] INFO  o.a.m.s.f.DefaultMavenResourcesFiltering - Copying 2 resources from src\main\resources to target\classes
2026-07-23 10:55:16,719 [Worker-28: Building] INFO  o.a.m.s.f.DefaultMavenResourcesFiltering - Copying 1 resource from src\main\resources to target\classes
2026-07-23 10:55:16,728 [Worker-28: Building] INFO  o.a.m.s.f.DefaultMavenResourcesFiltering - skip non existing resourceDirectory C:\Users\adminn\Desktop\web-ay\server\ex_0723\src\test\resources
2026-07-23 10:55:17,252 [Worker-28: Building] WARN  o.apache.maven.project.MavenProject - Plugin is modifying compileSourceRoots through clear(), which will not work in Maven 4.0.0. Use MavenProject.addCompileSourceRoot()/removeCompileSourceRoot() methods instead. If using a plugin, please upgrade to the latest version or report the issue to the plugin maintainer. To disable these warnings, set -Dmaven.project.sourceRoots.warningsDisabled=true on the command line, in the .mvn/maven.config file, or in project POM properties.
2026-07-23 10:55:17,252 [Worker-28: Building] WARN  o.apache.maven.project.MavenProject - Plugin is modifying compileSourceRoots through add(), which will not work in Maven 4.0.0. Use MavenProject.addCompileSourceRoot()/removeCompileSourceRoot() methods instead. If using a plugin, please upgrade to the latest version or report the issue to the plugin maintainer. To disable these warnings, set -Dmaven.project.sourceRoots.warningsDisabled=true on the command line, in the .mvn/maven.config file, or in project POM properties.
2026-07-23 10:55:17,253 [Worker-28: Building] WARN  o.apache.maven.project.MavenProject - Plugin is modifying testCompileSourceRoots through clear(), which will not work in Maven 4.0.0. Use MavenProject.addTestCompileSourceRoot()/removeTestCompileSourceRoot() methods instead. If using a plugin, please upgrade to the latest version or report the issue to the plugin maintainer. To disable these warnings, set -Dmaven.project.sourceRoots.warningsDisabled=true on the command line, in the .mvn/maven.config file, or in project POM properties.
2026-07-23 10:55:17,253 [Worker-28: Building] WARN  o.apache.maven.project.MavenProject - Plugin is modifying testCompileSourceRoots through add(), which will not work in Maven 4.0.0. Use MavenProject.addTestCompileSourceRoot()/removeTestCompileSourceRoot() methods instead. If using a plugin, please upgrade to the latest version or report the issue to the plugin maintainer. To disable these warnings, set -Dmaven.project.sourceRoots.warningsDisabled=true on the command line, in the .mvn/maven.config file, or in project POM properties.
2026-07-23 11:06:16,815 [Worker-41: Importing Maven projects] INFO  o.e.m.c.i.l.LifecycleMappingFactory - Using org.eclipse.m2e.jdt.JarLifecycleMapping lifecycle mapping for MavenProject: com.example:ex_0723:0.0.1-SNAPSHOT @ C:\Users\adminn\Desktop\web-ay\server\ex_0723\pom.xml.
2026-07-23 11:06:17,279 [Worker-41: Importing Maven projects] INFO  o.e.m.j.i.AbstractJavaProjectConfigurator - Adding source folder /ex_0723/src/main/java
2026-07-23 11:06:17,279 [Worker-41: Importing Maven projects] INFO  o.e.m.j.i.AbstractJavaProjectConfigurator - Adding resource folder /ex_0723/src/main/resources
2026-07-23 11:06:17,281 [Worker-41: Importing Maven projects] INFO  o.e.m.j.i.AbstractJavaProjectConfigurator - Adding resource folder /ex_0723/src/main/resources
2026-07-23 11:06:17,284 [Worker-41: Importing Maven projects] INFO  o.e.m.j.i.AbstractJavaProjectConfigurator - Adding source folder /ex_0723/src/test/java
2026-07-23 11:06:17,284 [Worker-41: Importing Maven projects] INFO  o.e.m.j.i.AbstractJavaProjectConfigurator - Adding resource folder /ex_0723/src/test/resources
2026-07-23 11:06:17,422 [Worker-41: Importing Maven projects] WARN  o.apache.maven.project.MavenProject - Plugin is modifying compileSourceRoots through clear(), which will not work in Maven 4.0.0. Use MavenProject.addCompileSourceRoot()/removeCompileSourceRoot() methods instead. If using a plugin, please upgrade to the latest version or report the issue to the plugin maintainer. To disable these warnings, set -Dmaven.project.sourceRoots.warningsDisabled=true on the command line, in the .mvn/maven.config file, or in project POM properties.
2026-07-23 11:06:17,422 [Worker-41: Importing Maven projects] WARN  o.apache.maven.project.MavenProject - Plugin is modifying compileSourceRoots through add(), which will not work in Maven 4.0.0. Use MavenProject.addCompileSourceRoot()/removeCompileSourceRoot() methods instead. If using a plugin, please upgrade to the latest version or report the issue to the plugin maintainer. To disable these warnings, set -Dmaven.project.sourceRoots.warningsDisabled=true on the command line, in the .mvn/maven.config file, or in project POM properties.
2026-07-23 11:06:17,423 [Worker-41: Importing Maven projects] WARN  o.apache.maven.project.MavenProject - Plugin is modifying testCompileSourceRoots through clear(), which will not work in Maven 4.0.0. Use MavenProject.addTestCompileSourceRoot()/removeTestCompileSourceRoot() methods instead. If using a plugin, please upgrade to the latest version or report the issue to the plugin maintainer. To disable these warnings, set -Dmaven.project.sourceRoots.warningsDisabled=true on the command line, in the .mvn/maven.config file, or in project POM properties.
2026-07-23 11:06:17,423 [Worker-41: Importing Maven projects] WARN  o.apache.maven.project.MavenProject - Plugin is modifying testCompileSourceRoots through add(), which will not work in Maven 4.0.0. Use MavenProject.addTestCompileSourceRoot()/removeTestCompileSourceRoot() methods instead. If using a plugin, please upgrade to the latest version or report the issue to the plugin maintainer. To disable these warnings, set -Dmaven.project.sourceRoots.warningsDisabled=true on the command line, in the .mvn/maven.config file, or in project POM properties.
2026-07-23 11:06:17,428 [Worker-41: Importing Maven projects] INFO  o.e.m.c.i.p.ProjectConfigurationManager - Imported and configured 1 project(s) in 0 sec
2026-07-23 11:06:17,731 [Worker-41: Building] INFO  o.a.m.s.f.DefaultMavenResourcesFiltering - Copying 1 resource from src\main\resources to target\classes
2026-07-23 11:06:17,738 [Worker-41: Building] INFO  o.a.m.s.f.DefaultMavenResourcesFiltering - Copying 0 resource from src\main\resources to target\classes
2026-07-23 11:06:17,741 [Worker-41: Building] INFO  o.a.m.s.f.DefaultMavenResourcesFiltering - skip non existing resourceDirectory C:\Users\adminn\Desktop\web-ay\server\ex_0723\src\test\resources
2026-07-23 11:06:17,749 [Worker-41: Building] WARN  o.apache.maven.project.MavenProject - Plugin is modifying compileSourceRoots through clear(), which will not work in Maven 4.0.0. Use MavenProject.addCompileSourceRoot()/removeCompileSourceRoot() methods instead. If using a plugin, please upgrade to the latest version or report the issue to the plugin maintainer. To disable these warnings, set -Dmaven.project.sourceRoots.warningsDisabled=true on the command line, in the .mvn/maven.config file, or in project POM properties.
2026-07-23 11:06:17,750 [Worker-41: Building] WARN  o.apache.maven.project.MavenProject - Plugin is modifying compileSourceRoots through add(), which will not work in Maven 4.0.0. Use MavenProject.addCompileSourceRoot()/removeCompileSourceRoot() methods instead. If using a plugin, please upgrade to the latest version or report the issue to the plugin maintainer. To disable these warnings, set -Dmaven.project.sourceRoots.warningsDisabled=true on the command line, in the .mvn/maven.config file, or in project POM properties.
2026-07-23 11:06:17,750 [Worker-41: Building] WARN  o.apache.maven.project.MavenProject - Plugin is modifying testCompileSourceRoots through clear(), which will not work in Maven 4.0.0. Use MavenProject.addTestCompileSourceRoot()/removeTestCompileSourceRoot() methods instead. If using a plugin, please upgrade to the latest version or report the issue to the plugin maintainer. To disable these warnings, set -Dmaven.project.sourceRoots.warningsDisabled=true on the command line, in the .mvn/maven.config file, or in project POM properties.
2026-07-23 11:06:17,750 [Worker-41: Building] WARN  o.apache.maven.project.MavenProject - Plugin is modifying testCompileSourceRoots through add(), which will not work in Maven 4.0.0. Use MavenProject.addTestCompileSourceRoot()/removeTestCompileSourceRoot() methods instead. If using a plugin, please upgrade to the latest version or report the issue to the plugin maintainer. To disable these warnings, set -Dmaven.project.sourceRoots.warningsDisabled=true on the command line, in the .mvn/maven.config file, or in project POM properties.
2026-07-23 11:06:56,074 [Worker-43: Building] INFO  o.a.m.s.f.DefaultMavenResourcesFiltering - Copying 1 resource from src\main\resources to target\classes
2026-07-23 11:06:56,080 [Worker-43: Building] INFO  o.a.m.s.f.DefaultMavenResourcesFiltering - Copying 0 resource from src\main\resources to target\classes
2026-07-23 11:06:56,084 [Worker-43: Building] INFO  o.a.m.s.f.DefaultMavenResourcesFiltering - skip non existing resourceDirectory C:\Users\adminn\Desktop\web-ay\server\ex_0723\src\test\resources
2026-07-23 11:06:56,086 [Worker-43: Building] WARN  o.apache.maven.project.MavenProject - Plugin is modifying compileSourceRoots through clear(), which will not work in Maven 4.0.0. Use MavenProject.addCompileSourceRoot()/removeCompileSourceRoot() methods instead. If using a plugin, please upgrade to the latest version or report the issue to the plugin maintainer. To disable these warnings, set -Dmaven.project.sourceRoots.warningsDisabled=true on the command line, in the .mvn/maven.config file, or in project POM properties.
2026-07-23 11:06:56,086 [Worker-43: Building] WARN  o.apache.maven.project.MavenProject - Plugin is modifying compileSourceRoots through add(), which will not work in Maven 4.0.0. Use MavenProject.addCompileSourceRoot()/removeCompileSourceRoot() methods instead. If using a plugin, please upgrade to the latest version or report the issue to the plugin maintainer. To disable these warnings, set -Dmaven.project.sourceRoots.warningsDisabled=true on the command line, in the .mvn/maven.config file, or in project POM properties.
2026-07-23 11:06:56,087 [Worker-43: Building] WARN  o.apache.maven.project.MavenProject - Plugin is modifying testCompileSourceRoots through clear(), which will not work in Maven 4.0.0. Use MavenProject.addTestCompileSourceRoot()/removeTestCompileSourceRoot() methods instead. If using a plugin, please upgrade to the latest version or report the issue to the plugin maintainer. To disable these warnings, set -Dmaven.project.sourceRoots.warningsDisabled=true on the command line, in the .mvn/maven.config file, or in project POM properties.
2026-07-23 11:06:56,088 [Worker-43: Building] WARN  o.apache.maven.project.MavenProject - Plugin is modifying testCompileSourceRoots through add(), which will not work in Maven 4.0.0. Use MavenProject.addTestCompileSourceRoot()/removeTestCompileSourceRoot() methods instead. If using a plugin, please upgrade to the latest version or report the issue to the plugin maintainer. To disable these warnings, set -Dmaven.project.sourceRoots.warningsDisabled=true on the command line, in the .mvn/maven.config file, or in project POM properties.
2026-07-23 11:07:51,505 [Worker-41: Building] INFO  o.a.m.s.f.DefaultMavenResourcesFiltering - Copying 1 resource from src\main\resources to target\classes
2026-07-23 11:07:51,520 [Worker-41: Building] INFO  o.a.m.s.f.DefaultMavenResourcesFiltering - Copying 0 resource from src\main\resources to target\classes
2026-07-23 11:07:51,527 [Worker-41: Building] INFO  o.a.m.s.f.DefaultMavenResourcesFiltering - skip non existing resourceDirectory C:\Users\adminn\Desktop\web-ay\server\ex_0723\src\test\resources
2026-07-23 11:07:51,528 [Worker-41: Building] WARN  o.apache.maven.project.MavenProject - Plugin is modifying compileSourceRoots through clear(), which will not work in Maven 4.0.0. Use MavenProject.addCompileSourceRoot()/removeCompileSourceRoot() methods instead. If using a plugin, please upgrade to the latest version or report the issue to the plugin maintainer. To disable these warnings, set -Dmaven.project.sourceRoots.warningsDisabled=true on the command line, in the .mvn/maven.config file, or in project POM properties.
2026-07-23 11:07:51,528 [Worker-41: Building] WARN  o.apache.maven.project.MavenProject - Plugin is modifying compileSourceRoots through add(), which will not work in Maven 4.0.0. Use MavenProject.addCompileSourceRoot()/removeCompileSourceRoot() methods instead. If using a plugin, please upgrade to the latest version or report the issue to the plugin maintainer. To disable these warnings, set -Dmaven.project.sourceRoots.warningsDisabled=true on the command line, in the .mvn/maven.config file, or in project POM properties.
2026-07-23 11:07:51,529 [Worker-41: Building] WARN  o.apache.maven.project.MavenProject - Plugin is modifying testCompileSourceRoots through clear(), which will not work in Maven 4.0.0. Use MavenProject.addTestCompileSourceRoot()/removeTestCompileSourceRoot() methods instead. If using a plugin, please upgrade to the latest version or report the issue to the plugin maintainer. To disable these warnings, set -Dmaven.project.sourceRoots.warningsDisabled=true on the command line, in the .mvn/maven.config file, or in project POM properties.
2026-07-23 11:07:51,529 [Worker-41: Building] WARN  o.apache.maven.project.MavenProject - Plugin is modifying testCompileSourceRoots through add(), which will not work in Maven 4.0.0. Use MavenProject.addTestCompileSourceRoot()/removeTestCompileSourceRoot() methods instead. If using a plugin, please upgrade to the latest version or report the issue to the plugin maintainer. To disable these warnings, set -Dmaven.project.sourceRoots.warningsDisabled=true on the command line, in the .mvn/maven.config file, or in project POM properties.
2026-07-23 14:11:18,387 [Worker-66: Building] INFO  o.a.m.s.f.DefaultMavenResourcesFiltering - Copying 1 resource from src\main\resources to target\classes
2026-07-23 14:11:18,399 [Worker-66: Building] INFO  o.a.m.s.f.DefaultMavenResourcesFiltering - Copying 0 resource from src\main\resources to target\classes
2026-07-23 14:11:18,404 [Worker-66: Building] INFO  o.a.m.s.f.DefaultMavenResourcesFiltering - skip non existing resourceDirectory C:\Users\adminn\Desktop\web-ay\server\ex_0723\src\test\resources
2026-07-23 14:11:18,405 [Worker-66: Building] WARN  o.apache.maven.project.MavenProject - Plugin is modifying compileSourceRoots through clear(), which will not work in Maven 4.0.0. Use MavenProject.addCompileSourceRoot()/removeCompileSourceRoot() methods instead. If using a plugin, please upgrade to the latest version or report the issue to the plugin maintainer. To disable these warnings, set -Dmaven.project.sourceRoots.warningsDisabled=true on the command line, in the .mvn/maven.config file, or in project POM properties.
2026-07-23 14:11:18,408 [Worker-66: Building] WARN  o.apache.maven.project.MavenProject - Plugin is modifying compileSourceRoots through add(), which will not work in Maven 4.0.0. Use MavenProject.addCompileSourceRoot()/removeCompileSourceRoot() methods instead. If using a plugin, please upgrade to the latest version or report the issue to the plugin maintainer. To disable these warnings, set -Dmaven.project.sourceRoots.warningsDisabled=true on the command line, in the .mvn/maven.config file, or in project POM properties.
2026-07-23 14:11:18,409 [Worker-66: Building] WARN  o.apache.maven.project.MavenProject - Plugin is modifying testCompileSourceRoots through clear(), which will not work in Maven 4.0.0. Use MavenProject.addTestCompileSourceRoot()/removeTestCompileSourceRoot() methods instead. If using a plugin, please upgrade to the latest version or report the issue to the plugin maintainer. To disable these warnings, set -Dmaven.project.sourceRoots.warningsDisabled=true on the command line, in the .mvn/maven.config file, or in project POM properties.
2026-07-23 14:11:18,410 [Worker-66: Building] WARN  o.apache.maven.project.MavenProject - Plugin is modifying testCompileSourceRoots through add(), which will not work in Maven 4.0.0. Use MavenProject.addTestCompileSourceRoot()/removeTestCompileSourceRoot() methods instead. If using a plugin, please upgrade to the latest version or report the issue to the plugin maintainer. To disable these warnings, set -Dmaven.project.sourceRoots.warningsDisabled=true on the command line, in the .mvn/maven.config file, or in project POM properties.
2026-07-23 14:11:29,255 [Worker-4: Loading available Gradle versions] INFO  o.e.b.c.i.u.g.PublishedGradleVersions - Gradle version information cache is up-to-date. Trying to read.
2026-07-23 14:11:32,290 [Worker-2: Updating Maven Dependencies] INFO  o.e.m.c.i.l.LifecycleMappingFactory - Using org.eclipse.m2e.jdt.JarLifecycleMapping lifecycle mapping for MavenProject: com.example:ex_0723:0.0.1-SNAPSHOT @ C:\Users\adminn\Desktop\web-ay\server\ex_0723\pom.xml.
2026-07-23 14:11:42,590 [Worker-33: Importing Maven projects] INFO  o.e.m.c.i.l.LifecycleMappingFactory - Using org.eclipse.m2e.jdt.JarLifecycleMapping lifecycle mapping for MavenProject: com.korea:petclinic:0.0.1-SNAPSHOT @ C:\Users\adminn\Desktop\web-ay\server\petclinic\pom.xml.
2026-07-23 14:11:43,354 [Worker-33: Importing Maven projects] INFO  o.e.m.j.i.AbstractJavaProjectConfigurator - Adding source folder /petclinic/src/main/java
2026-07-23 14:11:43,355 [Worker-33: Importing Maven projects] INFO  o.e.m.j.i.AbstractJavaProjectConfigurator - Adding resource folder /petclinic/src/main/resources
2026-07-23 14:11:43,359 [Worker-33: Importing Maven projects] INFO  o.e.m.j.i.AbstractJavaProjectConfigurator - Adding resource folder /petclinic/src/main/resources
2026-07-23 14:11:43,362 [Worker-33: Importing Maven projects] INFO  o.e.m.j.i.AbstractJavaProjectConfigurator - Adding source folder /petclinic/src/test/java
2026-07-23 14:11:43,363 [Worker-33: Importing Maven projects] INFO  o.e.m.j.i.AbstractJavaProjectConfigurator - Adding resource folder /petclinic/src/test/resources
2026-07-23 14:11:43,523 [Worker-33: Importing Maven projects] WARN  o.apache.maven.project.MavenProject - Plugin is modifying compileSourceRoots through clear(), which will not work in Maven 4.0.0. Use MavenProject.addCompileSourceRoot()/removeCompileSourceRoot() methods instead. If using a plugin, please upgrade to the latest version or report the issue to the plugin maintainer. To disable these warnings, set -Dmaven.project.sourceRoots.warningsDisabled=true on the command line, in the .mvn/maven.config file, or in project POM properties.
2026-07-23 14:11:43,524 [Worker-33: Importing Maven projects] WARN  o.apache.maven.project.MavenProject - Plugin is modifying compileSourceRoots through add(), which will not work in Maven 4.0.0. Use MavenProject.addCompileSourceRoot()/removeCompileSourceRoot() methods instead. If using a plugin, please upgrade to the latest version or report the issue to the plugin maintainer. To disable these warnings, set -Dmaven.project.sourceRoots.warningsDisabled=true on the command line, in the .mvn/maven.config file, or in project POM properties.
2026-07-23 14:11:43,524 [Worker-33: Importing Maven projects] WARN  o.apache.maven.project.MavenProject - Plugin is modifying testCompileSourceRoots through clear(), which will not work in Maven 4.0.0. Use MavenProject.addTestCompileSourceRoot()/removeTestCompileSourceRoot() methods instead. If using a plugin, please upgrade to the latest version or report the issue to the plugin maintainer. To disable these warnings, set -Dmaven.project.sourceRoots.warningsDisabled=true on the command line, in the .mvn/maven.config file, or in project POM properties.
2026-07-23 14:11:43,524 [Worker-33: Importing Maven projects] WARN  o.apache.maven.project.MavenProject - Plugin is modifying testCompileSourceRoots through add(), which will not work in Maven 4.0.0. Use MavenProject.addTestCompileSourceRoot()/removeTestCompileSourceRoot() methods instead. If using a plugin, please upgrade to the latest version or report the issue to the plugin maintainer. To disable these warnings, set -Dmaven.project.sourceRoots.warningsDisabled=true on the command line, in the .mvn/maven.config file, or in project POM properties.
2026-07-23 14:11:43,530 [Worker-33: Importing Maven projects] INFO  o.e.m.c.i.p.ProjectConfigurationManager - Imported and configured 1 project(s) in 1 sec
2026-07-23 14:11:44,038 [Worker-3: Building] INFO  o.a.m.s.f.DefaultMavenResourcesFiltering - Copying 1 resource from src\main\resources to target\classes
2026-07-23 14:11:44,050 [Worker-3: Building] INFO  o.a.m.s.f.DefaultMavenResourcesFiltering - Copying 0 resource from src\main\resources to target\classes
2026-07-23 14:11:44,056 [Worker-3: Building] INFO  o.a.m.s.f.DefaultMavenResourcesFiltering - skip non existing resourceDirectory C:\Users\adminn\Desktop\web-ay\server\petclinic\src\test\resources
2026-07-23 14:11:44,374 [Worker-3: Building] WARN  o.apache.maven.project.MavenProject - Plugin is modifying compileSourceRoots through clear(), which will not work in Maven 4.0.0. Use MavenProject.addCompileSourceRoot()/removeCompileSourceRoot() methods instead. If using a plugin, please upgrade to the latest version or report the issue to the plugin maintainer. To disable these warnings, set -Dmaven.project.sourceRoots.warningsDisabled=true on the command line, in the .mvn/maven.config file, or in project POM properties.
2026-07-23 14:11:44,374 [Worker-3: Building] WARN  o.apache.maven.project.MavenProject - Plugin is modifying compileSourceRoots through add(), which will not work in Maven 4.0.0. Use MavenProject.addCompileSourceRoot()/removeCompileSourceRoot() methods instead. If using a plugin, please upgrade to the latest version or report the issue to the plugin maintainer. To disable these warnings, set -Dmaven.project.sourceRoots.warningsDisabled=true on the command line, in the .mvn/maven.config file, or in project POM properties.
2026-07-23 14:11:44,375 [Worker-3: Building] WARN  o.apache.maven.project.MavenProject - Plugin is modifying testCompileSourceRoots through clear(), which will not work in Maven 4.0.0. Use MavenProject.addTestCompileSourceRoot()/removeTestCompileSourceRoot() methods instead. If using a plugin, please upgrade to the latest version or report the issue to the plugin maintainer. To disable these warnings, set -Dmaven.project.sourceRoots.warningsDisabled=true on the command line, in the .mvn/maven.config file, or in project POM properties.
2026-07-23 14:11:44,376 [Worker-3: Building] WARN  o.apache.maven.project.MavenProject - Plugin is modifying testCompileSourceRoots through add(), which will not work in Maven 4.0.0. Use MavenProject.addTestCompileSourceRoot()/removeTestCompileSourceRoot() methods instead. If using a plugin, please upgrade to the latest version or report the issue to the plugin maintainer. To disable these warnings, set -Dmaven.project.sourceRoots.warningsDisabled=true on the command line, in the .mvn/maven.config file, or in project POM properties.
2026-07-23 14:17:42,543 [Worker-0: Building] INFO  o.a.m.s.f.DefaultMavenResourcesFiltering - Copying 1 resource from src\main\resources to target\classes
2026-07-23 14:17:42,548 [Worker-0: Building] INFO  o.a.m.s.f.DefaultMavenResourcesFiltering - Copying 0 resource from src\main\resources to target\classes
2026-07-23 14:17:42,551 [Worker-0: Building] INFO  o.a.m.s.f.DefaultMavenResourcesFiltering - skip non existing resourceDirectory C:\Users\adminn\Desktop\web-ay\server\petclinic\src\test\resources
2026-07-23 14:17:42,552 [Worker-0: Building] WARN  o.apache.maven.project.MavenProject - Plugin is modifying compileSourceRoots through clear(), which will not work in Maven 4.0.0. Use MavenProject.addCompileSourceRoot()/removeCompileSourceRoot() methods instead. If using a plugin, please upgrade to the latest version or report the issue to the plugin maintainer. To disable these warnings, set -Dmaven.project.sourceRoots.warningsDisabled=true on the command line, in the .mvn/maven.config file, or in project POM properties.
2026-07-23 14:17:42,553 [Worker-0: Building] WARN  o.apache.maven.project.MavenProject - Plugin is modifying compileSourceRoots through add(), which will not work in Maven 4.0.0. Use MavenProject.addCompileSourceRoot()/removeCompileSourceRoot() methods instead. If using a plugin, please upgrade to the latest version or report the issue to the plugin maintainer. To disable these warnings, set -Dmaven.project.sourceRoots.warningsDisabled=true on the command line, in the .mvn/maven.config file, or in project POM properties.
2026-07-23 14:17:42,554 [Worker-0: Building] WARN  o.apache.maven.project.MavenProject - Plugin is modifying testCompileSourceRoots through clear(), which will not work in Maven 4.0.0. Use MavenProject.addTestCompileSourceRoot()/removeTestCompileSourceRoot() methods instead. If using a plugin, please upgrade to the latest version or report the issue to the plugin maintainer. To disable these warnings, set -Dmaven.project.sourceRoots.warningsDisabled=true on the command line, in the .mvn/maven.config file, or in project POM properties.
2026-07-23 14:17:42,555 [Worker-0: Building] WARN  o.apache.maven.project.MavenProject - Plugin is modifying testCompileSourceRoots through add(), which will not work in Maven 4.0.0. Use MavenProject.addTestCompileSourceRoot()/removeTestCompileSourceRoot() methods instead. If using a plugin, please upgrade to the latest version or report the issue to the plugin maintainer. To disable these warnings, set -Dmaven.project.sourceRoots.warningsDisabled=true on the command line, in the .mvn/maven.config file, or in project POM properties.
2026-07-23 14:21:11,934 [Worker-0: Building] INFO  o.a.m.s.f.DefaultMavenResourcesFiltering - Copying 1 resource from src\main\resources to target\classes
2026-07-23 14:21:11,947 [Worker-0: Building] INFO  o.a.m.s.f.DefaultMavenResourcesFiltering - Copying 0 resource from src\main\resources to target\classes
2026-07-23 14:21:11,953 [Worker-0: Building] INFO  o.a.m.s.f.DefaultMavenResourcesFiltering - skip non existing resourceDirectory C:\Users\adminn\Desktop\web-ay\server\petclinic\src\test\resources
2026-07-23 14:21:11,954 [Worker-0: Building] WARN  o.apache.maven.project.MavenProject - Plugin is modifying compileSourceRoots through clear(), which will not work in Maven 4.0.0. Use MavenProject.addCompileSourceRoot()/removeCompileSourceRoot() methods instead. If using a plugin, please upgrade to the latest version or report the issue to the plugin maintainer. To disable these warnings, set -Dmaven.project.sourceRoots.warningsDisabled=true on the command line, in the .mvn/maven.config file, or in project POM properties.
2026-07-23 14:21:11,955 [Worker-0: Building] WARN  o.apache.maven.project.MavenProject - Plugin is modifying compileSourceRoots through add(), which will not work in Maven 4.0.0. Use MavenProject.addCompileSourceRoot()/removeCompileSourceRoot() methods instead. If using a plugin, please upgrade to the latest version or report the issue to the plugin maintainer. To disable these warnings, set -Dmaven.project.sourceRoots.warningsDisabled=true on the command line, in the .mvn/maven.config file, or in project POM properties.
2026-07-23 14:21:11,956 [Worker-0: Building] WARN  o.apache.maven.project.MavenProject - Plugin is modifying testCompileSourceRoots through clear(), which will not work in Maven 4.0.0. Use MavenProject.addTestCompileSourceRoot()/removeTestCompileSourceRoot() methods instead. If using a plugin, please upgrade to the latest version or report the issue to the plugin maintainer. To disable these warnings, set -Dmaven.project.sourceRoots.warningsDisabled=true on the command line, in the .mvn/maven.config file, or in project POM properties.
2026-07-23 14:21:11,957 [Worker-0: Building] WARN  o.apache.maven.project.MavenProject - Plugin is modifying testCompileSourceRoots through add(), which will not work in Maven 4.0.0. Use MavenProject.addTestCompileSourceRoot()/removeTestCompileSourceRoot() methods instead. If using a plugin, please upgrade to the latest version or report the issue to the plugin maintainer. To disable these warnings, set -Dmaven.project.sourceRoots.warningsDisabled=true on the command line, in the .mvn/maven.config file, or in project POM properties.
2026-07-23 14:32:26,279 [Worker-41: Building] INFO  o.a.m.s.f.DefaultMavenResourcesFiltering - Copying 1 resource from src\main\resources to target\classes
2026-07-23 14:32:26,283 [Worker-41: Building] INFO  o.a.m.s.f.DefaultMavenResourcesFiltering - Copying 0 resource from src\main\resources to target\classes
2026-07-23 14:32:26,285 [Worker-41: Building] INFO  o.a.m.s.f.DefaultMavenResourcesFiltering - skip non existing resourceDirectory C:\Users\adminn\Desktop\web-ay\server\petclinic\src\test\resources
2026-07-23 14:32:26,285 [Worker-41: Building] WARN  o.apache.maven.project.MavenProject - Plugin is modifying compileSourceRoots through clear(), which will not work in Maven 4.0.0. Use MavenProject.addCompileSourceRoot()/removeCompileSourceRoot() methods instead. If using a plugin, please upgrade to the latest version or report the issue to the plugin maintainer. To disable these warnings, set -Dmaven.project.sourceRoots.warningsDisabled=true on the command line, in the .mvn/maven.config file, or in project POM properties.
2026-07-23 14:32:26,286 [Worker-41: Building] WARN  o.apache.maven.project.MavenProject - Plugin is modifying compileSourceRoots through add(), which will not work in Maven 4.0.0. Use MavenProject.addCompileSourceRoot()/removeCompileSourceRoot() methods instead. If using a plugin, please upgrade to the latest version or report the issue to the plugin maintainer. To disable these warnings, set -Dmaven.project.sourceRoots.warningsDisabled=true on the command line, in the .mvn/maven.config file, or in project POM properties.
2026-07-23 14:32:26,287 [Worker-41: Building] WARN  o.apache.maven.project.MavenProject - Plugin is modifying testCompileSourceRoots through clear(), which will not work in Maven 4.0.0. Use MavenProject.addTestCompileSourceRoot()/removeTestCompileSourceRoot() methods instead. If using a plugin, please upgrade to the latest version or report the issue to the plugin maintainer. To disable these warnings, set -Dmaven.project.sourceRoots.warningsDisabled=true on the command line, in the .mvn/maven.config file, or in project POM properties.
2026-07-23 14:32:26,287 [Worker-41: Building] WARN  o.apache.maven.project.MavenProject - Plugin is modifying testCompileSourceRoots through add(), which will not work in Maven 4.0.0. Use MavenProject.addTestCompileSourceRoot()/removeTestCompileSourceRoot() methods instead. If using a plugin, please upgrade to the latest version or report the issue to the plugin maintainer. To disable these warnings, set -Dmaven.project.sourceRoots.warningsDisabled=true on the command line, in the .mvn/maven.config file, or in project POM properties.
2026-07-23 14:34:19,370 [Worker-41: Building] INFO  o.a.m.s.f.DefaultMavenResourcesFiltering - Copying 1 resource from src\main\resources to target\classes
2026-07-23 14:34:19,375 [Worker-41: Building] INFO  o.a.m.s.f.DefaultMavenResourcesFiltering - Copying 0 resource from src\main\resources to target\classes
2026-07-23 14:34:19,377 [Worker-41: Building] INFO  o.a.m.s.f.DefaultMavenResourcesFiltering - skip non existing resourceDirectory C:\Users\adminn\Desktop\web-ay\server\petclinic\src\test\resources
2026-07-23 14:34:19,377 [Worker-41: Building] WARN  o.apache.maven.project.MavenProject - Plugin is modifying compileSourceRoots through clear(), which will not work in Maven 4.0.0. Use MavenProject.addCompileSourceRoot()/removeCompileSourceRoot() methods instead. If using a plugin, please upgrade to the latest version or report the issue to the plugin maintainer. To disable these warnings, set -Dmaven.project.sourceRoots.warningsDisabled=true on the command line, in the .mvn/maven.config file, or in project POM properties.
2026-07-23 14:34:19,378 [Worker-41: Building] WARN  o.apache.maven.project.MavenProject - Plugin is modifying compileSourceRoots through add(), which will not work in Maven 4.0.0. Use MavenProject.addCompileSourceRoot()/removeCompileSourceRoot() methods instead. If using a plugin, please upgrade to the latest version or report the issue to the plugin maintainer. To disable these warnings, set -Dmaven.project.sourceRoots.warningsDisabled=true on the command line, in the .mvn/maven.config file, or in project POM properties.
2026-07-23 14:34:19,378 [Worker-41: Building] WARN  o.apache.maven.project.MavenProject - Plugin is modifying testCompileSourceRoots through clear(), which will not work in Maven 4.0.0. Use MavenProject.addTestCompileSourceRoot()/removeTestCompileSourceRoot() methods instead. If using a plugin, please upgrade to the latest version or report the issue to the plugin maintainer. To disable these warnings, set -Dmaven.project.sourceRoots.warningsDisabled=true on the command line, in the .mvn/maven.config file, or in project POM properties.
2026-07-23 14:34:19,379 [Worker-41: Building] WARN  o.apache.maven.project.MavenProject - Plugin is modifying testCompileSourceRoots through add(), which will not work in Maven 4.0.0. Use MavenProject.addTestCompileSourceRoot()/removeTestCompileSourceRoot() methods instead. If using a plugin, please upgrade to the latest version or report the issue to the plugin maintainer. To disable these warnings, set -Dmaven.project.sourceRoots.warningsDisabled=true on the command line, in the .mvn/maven.config file, or in project POM properties.
2026-07-23 14:36:31,302 [Worker-43: Building] INFO  o.a.m.s.f.DefaultMavenResourcesFiltering - Copying 0 resource from src\main\resources to target\classes
2026-07-23 14:36:31,303 [Worker-43: Building] INFO  o.a.m.s.f.DefaultMavenResourcesFiltering - Copying 1 resource from src\main\resources to target\classes
2026-07-23 14:36:31,307 [Worker-43: Building] INFO  o.a.m.s.f.DefaultMavenResourcesFiltering - skip non existing resourceDirectory C:\Users\adminn\Desktop\web-ay\server\petclinic\src\test\resources
2026-07-23 14:36:31,308 [Worker-43: Building] WARN  o.apache.maven.project.MavenProject - Plugin is modifying compileSourceRoots through clear(), which will not work in Maven 4.0.0. Use MavenProject.addCompileSourceRoot()/removeCompileSourceRoot() methods instead. If using a plugin, please upgrade to the latest version or report the issue to the plugin maintainer. To disable these warnings, set -Dmaven.project.sourceRoots.warningsDisabled=true on the command line, in the .mvn/maven.config file, or in project POM properties.
2026-07-23 14:36:31,308 [Worker-43: Building] WARN  o.apache.maven.project.MavenProject - Plugin is modifying compileSourceRoots through add(), which will not work in Maven 4.0.0. Use MavenProject.addCompileSourceRoot()/removeCompileSourceRoot() methods instead. If using a plugin, please upgrade to the latest version or report the issue to the plugin maintainer. To disable these warnings, set -Dmaven.project.sourceRoots.warningsDisabled=true on the command line, in the .mvn/maven.config file, or in project POM properties.
2026-07-23 14:36:31,309 [Worker-43: Building] WARN  o.apache.maven.project.MavenProject - Plugin is modifying testCompileSourceRoots through clear(), which will not work in Maven 4.0.0. Use MavenProject.addTestCompileSourceRoot()/removeTestCompileSourceRoot() methods instead. If using a plugin, please upgrade to the latest version or report the issue to the plugin maintainer. To disable these warnings, set -Dmaven.project.sourceRoots.warningsDisabled=true on the command line, in the .mvn/maven.config file, or in project POM properties.
2026-07-23 14:36:31,309 [Worker-43: Building] WARN  o.apache.maven.project.MavenProject - Plugin is modifying testCompileSourceRoots through add(), which will not work in Maven 4.0.0. Use MavenProject.addTestCompileSourceRoot()/removeTestCompileSourceRoot() methods instead. If using a plugin, please upgrade to the latest version or report the issue to the plugin maintainer. To disable these warnings, set -Dmaven.project.sourceRoots.warningsDisabled=true on the command line, in the .mvn/maven.config file, or in project POM properties.
2026-07-23 14:37:24,251 [Worker-44: Building] INFO  o.a.m.s.f.DefaultMavenResourcesFiltering - Copying 0 resource from src\main\resources to target\classes
2026-07-23 14:37:24,251 [Worker-44: Building] INFO  o.a.m.s.f.DefaultMavenResourcesFiltering - Copying 1 resource from src\main\resources to target\classes
2026-07-23 14:37:24,255 [Worker-44: Building] INFO  o.a.m.s.f.DefaultMavenResourcesFiltering - skip non existing resourceDirectory C:\Users\adminn\Desktop\web-ay\server\petclinic\src\test\resources
2026-07-23 14:37:24,255 [Worker-44: Building] WARN  o.apache.maven.project.MavenProject - Plugin is modifying compileSourceRoots through clear(), which will not work in Maven 4.0.0. Use MavenProject.addCompileSourceRoot()/removeCompileSourceRoot() methods instead. If using a plugin, please upgrade to the latest version or report the issue to the plugin maintainer. To disable these warnings, set -Dmaven.project.sourceRoots.warningsDisabled=true on the command line, in the .mvn/maven.config file, or in project POM properties.
2026-07-23 14:37:24,256 [Worker-44: Building] WARN  o.apache.maven.project.MavenProject - Plugin is modifying compileSourceRoots through add(), which will not work in Maven 4.0.0. Use MavenProject.addCompileSourceRoot()/removeCompileSourceRoot() methods instead. If using a plugin, please upgrade to the latest version or report the issue to the plugin maintainer. To disable these warnings, set -Dmaven.project.sourceRoots.warningsDisabled=true on the command line, in the .mvn/maven.config file, or in project POM properties.
2026-07-23 14:37:24,256 [Worker-44: Building] WARN  o.apache.maven.project.MavenProject - Plugin is modifying testCompileSourceRoots through clear(), which will not work in Maven 4.0.0. Use MavenProject.addTestCompileSourceRoot()/removeTestCompileSourceRoot() methods instead. If using a plugin, please upgrade to the latest version or report the issue to the plugin maintainer. To disable these warnings, set -Dmaven.project.sourceRoots.warningsDisabled=true on the command line, in the .mvn/maven.config file, or in project POM properties.
2026-07-23 14:37:24,256 [Worker-44: Building] WARN  o.apache.maven.project.MavenProject - Plugin is modifying testCompileSourceRoots through add(), which will not work in Maven 4.0.0. Use MavenProject.addTestCompileSourceRoot()/removeTestCompileSourceRoot() methods instead. If using a plugin, please upgrade to the latest version or report the issue to the plugin maintainer. To disable these warnings, set -Dmaven.project.sourceRoots.warningsDisabled=true on the command line, in the .mvn/maven.config file, or in project POM properties.
2026-07-23 14:38:07,529 [Worker-44: Building] INFO  o.a.m.s.f.DefaultMavenResourcesFiltering - Copying 1 resource from src\main\resources to target\classes
2026-07-23 14:38:07,532 [Worker-44: Building] INFO  o.a.m.s.f.DefaultMavenResourcesFiltering - Copying 1 resource from src\main\resources to target\classes
2026-07-23 14:38:07,534 [Worker-44: Building] INFO  o.a.m.s.f.DefaultMavenResourcesFiltering - skip non existing resourceDirectory C:\Users\adminn\Desktop\web-ay\server\petclinic\src\test\resources
2026-07-23 14:38:07,535 [Worker-44: Building] WARN  o.apache.maven.project.MavenProject - Plugin is modifying compileSourceRoots through clear(), which will not work in Maven 4.0.0. Use MavenProject.addCompileSourceRoot()/removeCompileSourceRoot() methods instead. If using a plugin, please upgrade to the latest version or report the issue to the plugin maintainer. To disable these warnings, set -Dmaven.project.sourceRoots.warningsDisabled=true on the command line, in the .mvn/maven.config file, or in project POM properties.
2026-07-23 14:38:07,535 [Worker-44: Building] WARN  o.apache.maven.project.MavenProject - Plugin is modifying compileSourceRoots through add(), which will not work in Maven 4.0.0. Use MavenProject.addCompileSourceRoot()/removeCompileSourceRoot() methods instead. If using a plugin, please upgrade to the latest version or report the issue to the plugin maintainer. To disable these warnings, set -Dmaven.project.sourceRoots.warningsDisabled=true on the command line, in the .mvn/maven.config file, or in project POM properties.
2026-07-23 14:38:07,536 [Worker-44: Building] WARN  o.apache.maven.project.MavenProject - Plugin is modifying testCompileSourceRoots through clear(), which will not work in Maven 4.0.0. Use MavenProject.addTestCompileSourceRoot()/removeTestCompileSourceRoot() methods instead. If using a plugin, please upgrade to the latest version or report the issue to the plugin maintainer. To disable these warnings, set -Dmaven.project.sourceRoots.warningsDisabled=true on the command line, in the .mvn/maven.config file, or in project POM properties.
2026-07-23 14:38:07,536 [Worker-44: Building] WARN  o.apache.maven.project.MavenProject - Plugin is modifying testCompileSourceRoots through add(), which will not work in Maven 4.0.0. Use MavenProject.addTestCompileSourceRoot()/removeTestCompileSourceRoot() methods instead. If using a plugin, please upgrade to the latest version or report the issue to the plugin maintainer. To disable these warnings, set -Dmaven.project.sourceRoots.warningsDisabled=true on the command line, in the .mvn/maven.config file, or in project POM properties.
2026-07-23 14:41:11,985 [Worker-46: Building] INFO  o.a.m.s.f.DefaultMavenResourcesFiltering - Copying 1 resource from src\main\resources to target\classes
2026-07-23 14:41:11,989 [Worker-46: Building] INFO  o.a.m.s.f.DefaultMavenResourcesFiltering - Copying 1 resource from src\main\resources to target\classes
2026-07-23 14:41:11,992 [Worker-46: Building] INFO  o.a.m.s.f.DefaultMavenResourcesFiltering - skip non existing resourceDirectory C:\Users\adminn\Desktop\web-ay\server\petclinic\src\test\resources
2026-07-23 14:41:11,992 [Worker-46: Building] WARN  o.apache.maven.project.MavenProject - Plugin is modifying compileSourceRoots through clear(), which will not work in Maven 4.0.0. Use MavenProject.addCompileSourceRoot()/removeCompileSourceRoot() methods instead. If using a plugin, please upgrade to the latest version or report the issue to the plugin maintainer. To disable these warnings, set -Dmaven.project.sourceRoots.warningsDisabled=true on the command line, in the .mvn/maven.config file, or in project POM properties.
2026-07-23 14:41:11,993 [Worker-46: Building] WARN  o.apache.maven.project.MavenProject - Plugin is modifying compileSourceRoots through add(), which will not work in Maven 4.0.0. Use MavenProject.addCompileSourceRoot()/removeCompileSourceRoot() methods instead. If using a plugin, please upgrade to the latest version or report the issue to the plugin maintainer. To disable these warnings, set -Dmaven.project.sourceRoots.warningsDisabled=true on the command line, in the .mvn/maven.config file, or in project POM properties.
2026-07-23 14:41:11,993 [Worker-46: Building] WARN  o.apache.maven.project.MavenProject - Plugin is modifying testCompileSourceRoots through clear(), which will not work in Maven 4.0.0. Use MavenProject.addTestCompileSourceRoot()/removeTestCompileSourceRoot() methods instead. If using a plugin, please upgrade to the latest version or report the issue to the plugin maintainer. To disable these warnings, set -Dmaven.project.sourceRoots.warningsDisabled=true on the command line, in the .mvn/maven.config file, or in project POM properties.
2026-07-23 14:41:11,993 [Worker-46: Building] WARN  o.apache.maven.project.MavenProject - Plugin is modifying testCompileSourceRoots through add(), which will not work in Maven 4.0.0. Use MavenProject.addTestCompileSourceRoot()/removeTestCompileSourceRoot() methods instead. If using a plugin, please upgrade to the latest version or report the issue to the plugin maintainer. To disable these warnings, set -Dmaven.project.sourceRoots.warningsDisabled=true on the command line, in the .mvn/maven.config file, or in project POM properties.
2026-07-23 14:43:00,407 [Worker-44: Building] INFO  o.a.m.s.f.DefaultMavenResourcesFiltering - Copying 1 resource from src\main\resources to target\classes
2026-07-23 14:43:00,409 [Worker-44: Building] INFO  o.a.m.s.f.DefaultMavenResourcesFiltering - Copying 1 resource from src\main\resources to target\classes
2026-07-23 14:43:00,411 [Worker-44: Building] INFO  o.a.m.s.f.DefaultMavenResourcesFiltering - skip non existing resourceDirectory C:\Users\adminn\Desktop\web-ay\server\petclinic\src\test\resources
2026-07-23 14:43:00,412 [Worker-44: Building] WARN  o.apache.maven.project.MavenProject - Plugin is modifying compileSourceRoots through clear(), which will not work in Maven 4.0.0. Use MavenProject.addCompileSourceRoot()/removeCompileSourceRoot() methods instead. If using a plugin, please upgrade to the latest version or report the issue to the plugin maintainer. To disable these warnings, set -Dmaven.project.sourceRoots.warningsDisabled=true on the command line, in the .mvn/maven.config file, or in project POM properties.
2026-07-23 14:43:00,412 [Worker-44: Building] WARN  o.apache.maven.project.MavenProject - Plugin is modifying compileSourceRoots through add(), which will not work in Maven 4.0.0. Use MavenProject.addCompileSourceRoot()/removeCompileSourceRoot() methods instead. If using a plugin, please upgrade to the latest version or report the issue to the plugin maintainer. To disable these warnings, set -Dmaven.project.sourceRoots.warningsDisabled=true on the command line, in the .mvn/maven.config file, or in project POM properties.
2026-07-23 14:43:00,412 [Worker-44: Building] WARN  o.apache.maven.project.MavenProject - Plugin is modifying testCompileSourceRoots through clear(), which will not work in Maven 4.0.0. Use MavenProject.addTestCompileSourceRoot()/removeTestCompileSourceRoot() methods instead. If using a plugin, please upgrade to the latest version or report the issue to the plugin maintainer. To disable these warnings, set -Dmaven.project.sourceRoots.warningsDisabled=true on the command line, in the .mvn/maven.config file, or in project POM properties.
2026-07-23 14:43:00,413 [Worker-44: Building] WARN  o.apache.maven.project.MavenProject - Plugin is modifying testCompileSourceRoots through add(), which will not work in Maven 4.0.0. Use MavenProject.addTestCompileSourceRoot()/removeTestCompileSourceRoot() methods instead. If using a plugin, please upgrade to the latest version or report the issue to the plugin maintainer. To disable these warnings, set -Dmaven.project.sourceRoots.warningsDisabled=true on the command line, in the .mvn/maven.config file, or in project POM properties.
2026-07-23 14:43:02,313 [Worker-40: Building] INFO  o.a.m.s.f.DefaultMavenResourcesFiltering - Copying 1 resource from src\main\resources to target\classes
2026-07-23 14:43:02,316 [Worker-40: Building] INFO  o.a.m.s.f.DefaultMavenResourcesFiltering - Copying 1 resource from src\main\resources to target\classes
2026-07-23 14:43:02,318 [Worker-40: Building] INFO  o.a.m.s.f.DefaultMavenResourcesFiltering - skip non existing resourceDirectory C:\Users\adminn\Desktop\web-ay\server\petclinic\src\test\resources
2026-07-23 14:43:02,318 [Worker-40: Building] WARN  o.apache.maven.project.MavenProject - Plugin is modifying compileSourceRoots through clear(), which will not work in Maven 4.0.0. Use MavenProject.addCompileSourceRoot()/removeCompileSourceRoot() methods instead. If using a plugin, please upgrade to the latest version or report the issue to the plugin maintainer. To disable these warnings, set -Dmaven.project.sourceRoots.warningsDisabled=true on the command line, in the .mvn/maven.config file, or in project POM properties.
2026-07-23 14:43:02,319 [Worker-40: Building] WARN  o.apache.maven.project.MavenProject - Plugin is modifying compileSourceRoots through add(), which will not work in Maven 4.0.0. Use MavenProject.addCompileSourceRoot()/removeCompileSourceRoot() methods instead. If using a plugin, please upgrade to the latest version or report the issue to the plugin maintainer. To disable these warnings, set -Dmaven.project.sourceRoots.warningsDisabled=true on the command line, in the .mvn/maven.config file, or in project POM properties.
2026-07-23 14:43:02,319 [Worker-40: Building] WARN  o.apache.maven.project.MavenProject - Plugin is modifying testCompileSourceRoots through clear(), which will not work in Maven 4.0.0. Use MavenProject.addTestCompileSourceRoot()/removeTestCompileSourceRoot() methods instead. If using a plugin, please upgrade to the latest version or report the issue to the plugin maintainer. To disable these warnings, set -Dmaven.project.sourceRoots.warningsDisabled=true on the command line, in the .mvn/maven.config file, or in project POM properties.
2026-07-23 14:43:02,320 [Worker-40: Building] WARN  o.apache.maven.project.MavenProject - Plugin is modifying testCompileSourceRoots through add(), which will not work in Maven 4.0.0. Use MavenProject.addTestCompileSourceRoot()/removeTestCompileSourceRoot() methods instead. If using a plugin, please upgrade to the latest version or report the issue to the plugin maintainer. To disable these warnings, set -Dmaven.project.sourceRoots.warningsDisabled=true on the command line, in the .mvn/maven.config file, or in project POM properties.
2026-07-23 14:44:18,419 [Worker-40: Building] INFO  o.a.m.s.f.DefaultMavenResourcesFiltering - Copying 1 resource from src\main\resources to target\classes
2026-07-23 14:44:18,421 [Worker-40: Building] INFO  o.a.m.s.f.DefaultMavenResourcesFiltering - Copying 1 resource from src\main\resources to target\classes
2026-07-23 14:44:18,425 [Worker-40: Building] INFO  o.a.m.s.f.DefaultMavenResourcesFiltering - skip non existing resourceDirectory C:\Users\adminn\Desktop\web-ay\server\petclinic\src\test\resources
2026-07-23 14:44:18,425 [Worker-40: Building] WARN  o.apache.maven.project.MavenProject - Plugin is modifying compileSourceRoots through clear(), which will not work in Maven 4.0.0. Use MavenProject.addCompileSourceRoot()/removeCompileSourceRoot() methods instead. If using a plugin, please upgrade to the latest version or report the issue to the plugin maintainer. To disable these warnings, set -Dmaven.project.sourceRoots.warningsDisabled=true on the command line, in the .mvn/maven.config file, or in project POM properties.
2026-07-23 14:44:18,425 [Worker-40: Building] WARN  o.apache.maven.project.MavenProject - Plugin is modifying compileSourceRoots through add(), which will not work in Maven 4.0.0. Use MavenProject.addCompileSourceRoot()/removeCompileSourceRoot() methods instead. If using a plugin, please upgrade to the latest version or report the issue to the plugin maintainer. To disable these warnings, set -Dmaven.project.sourceRoots.warningsDisabled=true on the command line, in the .mvn/maven.config file, or in project POM properties.
2026-07-23 14:44:18,426 [Worker-40: Building] WARN  o.apache.maven.project.MavenProject - Plugin is modifying testCompileSourceRoots through clear(), which will not work in Maven 4.0.0. Use MavenProject.addTestCompileSourceRoot()/removeTestCompileSourceRoot() methods instead. If using a plugin, please upgrade to the latest version or report the issue to the plugin maintainer. To disable these warnings, set -Dmaven.project.sourceRoots.warningsDisabled=true on the command line, in the .mvn/maven.config file, or in project POM properties.
2026-07-23 14:44:18,426 [Worker-40: Building] WARN  o.apache.maven.project.MavenProject - Plugin is modifying testCompileSourceRoots through add(), which will not work in Maven 4.0.0. Use MavenProject.addTestCompileSourceRoot()/removeTestCompileSourceRoot() methods instead. If using a plugin, please upgrade to the latest version or report the issue to the plugin maintainer. To disable these warnings, set -Dmaven.project.sourceRoots.warningsDisabled=true on the command line, in the .mvn/maven.config file, or in project POM properties.
2026-07-23 15:33:08,666 [Worker-55: Building] INFO  o.a.m.s.f.DefaultMavenResourcesFiltering - Copying 1 resource from src\main\resources to target\classes
2026-07-23 15:33:08,681 [Worker-55: Building] INFO  o.a.m.s.f.DefaultMavenResourcesFiltering - Copying 1 resource from src\main\resources to target\classes
2026-07-23 15:33:08,686 [Worker-55: Building] INFO  o.a.m.s.f.DefaultMavenResourcesFiltering - skip non existing resourceDirectory C:\Users\adminn\Desktop\web-ay\server\petclinic\src\test\resources
2026-07-23 15:33:08,686 [Worker-55: Building] WARN  o.apache.maven.project.MavenProject - Plugin is modifying compileSourceRoots through clear(), which will not work in Maven 4.0.0. Use MavenProject.addCompileSourceRoot()/removeCompileSourceRoot() methods instead. If using a plugin, please upgrade to the latest version or report the issue to the plugin maintainer. To disable these warnings, set -Dmaven.project.sourceRoots.warningsDisabled=true on the command line, in the .mvn/maven.config file, or in project POM properties.
2026-07-23 15:33:08,687 [Worker-55: Building] WARN  o.apache.maven.project.MavenProject - Plugin is modifying compileSourceRoots through add(), which will not work in Maven 4.0.0. Use MavenProject.addCompileSourceRoot()/removeCompileSourceRoot() methods instead. If using a plugin, please upgrade to the latest version or report the issue to the plugin maintainer. To disable these warnings, set -Dmaven.project.sourceRoots.warningsDisabled=true on the command line, in the .mvn/maven.config file, or in project POM properties.
2026-07-23 15:33:08,687 [Worker-55: Building] WARN  o.apache.maven.project.MavenProject - Plugin is modifying testCompileSourceRoots through clear(), which will not work in Maven 4.0.0. Use MavenProject.addTestCompileSourceRoot()/removeTestCompileSourceRoot() methods instead. If using a plugin, please upgrade to the latest version or report the issue to the plugin maintainer. To disable these warnings, set -Dmaven.project.sourceRoots.warningsDisabled=true on the command line, in the .mvn/maven.config file, or in project POM properties.
2026-07-23 15:33:08,688 [Worker-55: Building] WARN  o.apache.maven.project.MavenProject - Plugin is modifying testCompileSourceRoots through add(), which will not work in Maven 4.0.0. Use MavenProject.addTestCompileSourceRoot()/removeTestCompileSourceRoot() methods instead. If using a plugin, please upgrade to the latest version or report the issue to the plugin maintainer. To disable these warnings, set -Dmaven.project.sourceRoots.warningsDisabled=true on the command line, in the .mvn/maven.config file, or in project POM properties.
2026-07-23 15:35:05,155 [Worker-57: Building] INFO  o.a.m.s.f.DefaultMavenResourcesFiltering - Copying 0 resource from src\main\resources to target\classes
2026-07-23 15:35:05,156 [Worker-57: Building] INFO  o.a.m.s.f.DefaultMavenResourcesFiltering - Copying 1 resource from src\main\resources to target\classes
2026-07-23 15:35:05,159 [Worker-57: Building] INFO  o.a.m.s.f.DefaultMavenResourcesFiltering - skip non existing resourceDirectory C:\Users\adminn\Desktop\web-ay\server\petclinic\src\test\resources
2026-07-23 15:35:05,160 [Worker-57: Building] WARN  o.apache.maven.project.MavenProject - Plugin is modifying compileSourceRoots through clear(), which will not work in Maven 4.0.0. Use MavenProject.addCompileSourceRoot()/removeCompileSourceRoot() methods instead. If using a plugin, please upgrade to the latest version or report the issue to the plugin maintainer. To disable these warnings, set -Dmaven.project.sourceRoots.warningsDisabled=true on the command line, in the .mvn/maven.config file, or in project POM properties.
2026-07-23 15:35:05,160 [Worker-57: Building] WARN  o.apache.maven.project.MavenProject - Plugin is modifying compileSourceRoots through add(), which will not work in Maven 4.0.0. Use MavenProject.addCompileSourceRoot()/removeCompileSourceRoot() methods instead. If using a plugin, please upgrade to the latest version or report the issue to the plugin maintainer. To disable these warnings, set -Dmaven.project.sourceRoots.warningsDisabled=true on the command line, in the .mvn/maven.config file, or in project POM properties.
2026-07-23 15:35:05,160 [Worker-57: Building] WARN  o.apache.maven.project.MavenProject - Plugin is modifying testCompileSourceRoots through clear(), which will not work in Maven 4.0.0. Use MavenProject.addTestCompileSourceRoot()/removeTestCompileSourceRoot() methods instead. If using a plugin, please upgrade to the latest version or report the issue to the plugin maintainer. To disable these warnings, set -Dmaven.project.sourceRoots.warningsDisabled=true on the command line, in the .mvn/maven.config file, or in project POM properties.
2026-07-23 15:35:05,161 [Worker-57: Building] WARN  o.apache.maven.project.MavenProject - Plugin is modifying testCompileSourceRoots through add(), which will not work in Maven 4.0.0. Use MavenProject.addTestCompileSourceRoot()/removeTestCompileSourceRoot() methods instead. If using a plugin, please upgrade to the latest version or report the issue to the plugin maintainer. To disable these warnings, set -Dmaven.project.sourceRoots.warningsDisabled=true on the command line, in the .mvn/maven.config file, or in project POM properties.
2026-07-23 15:35:54,966 [Worker-55: Building] INFO  o.a.m.s.f.DefaultMavenResourcesFiltering - Copying 1 resource from src\main\resources to target\classes
2026-07-23 15:35:54,969 [Worker-55: Building] INFO  o.a.m.s.f.DefaultMavenResourcesFiltering - Copying 1 resource from src\main\resources to target\classes
2026-07-23 15:35:54,971 [Worker-55: Building] INFO  o.a.m.s.f.DefaultMavenResourcesFiltering - skip non existing resourceDirectory C:\Users\adminn\Desktop\web-ay\server\petclinic\src\test\resources
2026-07-23 15:35:54,971 [Worker-55: Building] WARN  o.apache.maven.project.MavenProject - Plugin is modifying compileSourceRoots through clear(), which will not work in Maven 4.0.0. Use MavenProject.addCompileSourceRoot()/removeCompileSourceRoot() methods instead. If using a plugin, please upgrade to the latest version or report the issue to the plugin maintainer. To disable these warnings, set -Dmaven.project.sourceRoots.warningsDisabled=true on the command line, in the .mvn/maven.config file, or in project POM properties.
2026-07-23 15:35:54,971 [Worker-55: Building] WARN  o.apache.maven.project.MavenProject - Plugin is modifying compileSourceRoots through add(), which will not work in Maven 4.0.0. Use MavenProject.addCompileSourceRoot()/removeCompileSourceRoot() methods instead. If using a plugin, please upgrade to the latest version or report the issue to the plugin maintainer. To disable these warnings, set -Dmaven.project.sourceRoots.warningsDisabled=true on the command line, in the .mvn/maven.config file, or in project POM properties.
2026-07-23 15:35:54,972 [Worker-55: Building] WARN  o.apache.maven.project.MavenProject - Plugin is modifying testCompileSourceRoots through clear(), which will not work in Maven 4.0.0. Use MavenProject.addTestCompileSourceRoot()/removeTestCompileSourceRoot() methods instead. If using a plugin, please upgrade to the latest version or report the issue to the plugin maintainer. To disable these warnings, set -Dmaven.project.sourceRoots.warningsDisabled=true on the command line, in the .mvn/maven.config file, or in project POM properties.
2026-07-23 15:35:54,972 [Worker-55: Building] WARN  o.apache.maven.project.MavenProject - Plugin is modifying testCompileSourceRoots through add(), which will not work in Maven 4.0.0. Use MavenProject.addTestCompileSourceRoot()/removeTestCompileSourceRoot() methods instead. If using a plugin, please upgrade to the latest version or report the issue to the plugin maintainer. To disable these warnings, set -Dmaven.project.sourceRoots.warningsDisabled=true on the command line, in the .mvn/maven.config file, or in project POM properties.
2026-07-23 15:37:08,638 [Worker-58: Building] INFO  o.a.m.s.f.DefaultMavenResourcesFiltering - Copying 1 resource from src\main\resources to target\classes
2026-07-23 15:37:08,643 [Worker-58: Building] INFO  o.a.m.s.f.DefaultMavenResourcesFiltering - Copying 1 resource from src\main\resources to target\classes
2026-07-23 15:37:08,645 [Worker-58: Building] INFO  o.a.m.s.f.DefaultMavenResourcesFiltering - skip non existing resourceDirectory C:\Users\adminn\Desktop\web-ay\server\petclinic\src\test\resources
2026-07-23 15:37:08,646 [Worker-58: Building] WARN  o.apache.maven.project.MavenProject - Plugin is modifying compileSourceRoots through clear(), which will not work in Maven 4.0.0. Use MavenProject.addCompileSourceRoot()/removeCompileSourceRoot() methods instead. If using a plugin, please upgrade to the latest version or report the issue to the plugin maintainer. To disable these warnings, set -Dmaven.project.sourceRoots.warningsDisabled=true on the command line, in the .mvn/maven.config file, or in project POM properties.
2026-07-23 15:37:08,646 [Worker-58: Building] WARN  o.apache.maven.project.MavenProject - Plugin is modifying compileSourceRoots through add(), which will not work in Maven 4.0.0. Use MavenProject.addCompileSourceRoot()/removeCompileSourceRoot() methods instead. If using a plugin, please upgrade to the latest version or report the issue to the plugin maintainer. To disable these warnings, set -Dmaven.project.sourceRoots.warningsDisabled=true on the command line, in the .mvn/maven.config file, or in project POM properties.
2026-07-23 15:37:08,647 [Worker-58: Building] WARN  o.apache.maven.project.MavenProject - Plugin is modifying testCompileSourceRoots through clear(), which will not work in Maven 4.0.0. Use MavenProject.addTestCompileSourceRoot()/removeTestCompileSourceRoot() methods instead. If using a plugin, please upgrade to the latest version or report the issue to the plugin maintainer. To disable these warnings, set -Dmaven.project.sourceRoots.warningsDisabled=true on the command line, in the .mvn/maven.config file, or in project POM properties.
2026-07-23 15:37:08,647 [Worker-58: Building] WARN  o.apache.maven.project.MavenProject - Plugin is modifying testCompileSourceRoots through add(), which will not work in Maven 4.0.0. Use MavenProject.addTestCompileSourceRoot()/removeTestCompileSourceRoot() methods instead. If using a plugin, please upgrade to the latest version or report the issue to the plugin maintainer. To disable these warnings, set -Dmaven.project.sourceRoots.warningsDisabled=true on the command line, in the .mvn/maven.config file, or in project POM properties.
2026-07-23 15:40:23,007 [Worker-60: Building] INFO  o.a.m.s.f.DefaultMavenResourcesFiltering - Copying 1 resource from src\main\resources to target\classes
2026-07-23 15:40:23,011 [Worker-60: Building] INFO  o.a.m.s.f.DefaultMavenResourcesFiltering - Copying 1 resource from src\main\resources to target\classes
2026-07-23 15:40:23,013 [Worker-60: Building] INFO  o.a.m.s.f.DefaultMavenResourcesFiltering - skip non existing resourceDirectory C:\Users\adminn\Desktop\web-ay\server\petclinic\src\test\resources
2026-07-23 15:40:23,013 [Worker-60: Building] WARN  o.apache.maven.project.MavenProject - Plugin is modifying compileSourceRoots through clear(), which will not work in Maven 4.0.0. Use MavenProject.addCompileSourceRoot()/removeCompileSourceRoot() methods instead. If using a plugin, please upgrade to the latest version or report the issue to the plugin maintainer. To disable these warnings, set -Dmaven.project.sourceRoots.warningsDisabled=true on the command line, in the .mvn/maven.config file, or in project POM properties.
2026-07-23 15:40:23,014 [Worker-60: Building] WARN  o.apache.maven.project.MavenProject - Plugin is modifying compileSourceRoots through add(), which will not work in Maven 4.0.0. Use MavenProject.addCompileSourceRoot()/removeCompileSourceRoot() methods instead. If using a plugin, please upgrade to the latest version or report the issue to the plugin maintainer. To disable these warnings, set -Dmaven.project.sourceRoots.warningsDisabled=true on the command line, in the .mvn/maven.config file, or in project POM properties.
2026-07-23 15:40:23,014 [Worker-60: Building] WARN  o.apache.maven.project.MavenProject - Plugin is modifying testCompileSourceRoots through clear(), which will not work in Maven 4.0.0. Use MavenProject.addTestCompileSourceRoot()/removeTestCompileSourceRoot() methods instead. If using a plugin, please upgrade to the latest version or report the issue to the plugin maintainer. To disable these warnings, set -Dmaven.project.sourceRoots.warningsDisabled=true on the command line, in the .mvn/maven.config file, or in project POM properties.
2026-07-23 15:40:23,014 [Worker-60: Building] WARN  o.apache.maven.project.MavenProject - Plugin is modifying testCompileSourceRoots through add(), which will not work in Maven 4.0.0. Use MavenProject.addTestCompileSourceRoot()/removeTestCompileSourceRoot() methods instead. If using a plugin, please upgrade to the latest version or report the issue to the plugin maintainer. To disable these warnings, set -Dmaven.project.sourceRoots.warningsDisabled=true on the command line, in the .mvn/maven.config file, or in project POM properties.
2026-07-23 15:44:47,046 [Worker-55: Building] INFO  o.a.m.s.f.DefaultMavenResourcesFiltering - Copying 0 resource from src\main\resources to target\classes
2026-07-23 15:44:47,047 [Worker-55: Building] INFO  o.a.m.s.f.DefaultMavenResourcesFiltering - Copying 1 resource from src\main\resources to target\classes
2026-07-23 15:44:47,050 [Worker-55: Building] INFO  o.a.m.s.f.DefaultMavenResourcesFiltering - skip non existing resourceDirectory C:\Users\adminn\Desktop\web-ay\server\petclinic\src\test\resources
2026-07-23 15:44:47,050 [Worker-55: Building] WARN  o.apache.maven.project.MavenProject - Plugin is modifying compileSourceRoots through clear(), which will not work in Maven 4.0.0. Use MavenProject.addCompileSourceRoot()/removeCompileSourceRoot() methods instead. If using a plugin, please upgrade to the latest version or report the issue to the plugin maintainer. To disable these warnings, set -Dmaven.project.sourceRoots.warningsDisabled=true on the command line, in the .mvn/maven.config file, or in project POM properties.
2026-07-23 15:44:47,051 [Worker-55: Building] WARN  o.apache.maven.project.MavenProject - Plugin is modifying compileSourceRoots through add(), which will not work in Maven 4.0.0. Use MavenProject.addCompileSourceRoot()/removeCompileSourceRoot() methods instead. If using a plugin, please upgrade to the latest version or report the issue to the plugin maintainer. To disable these warnings, set -Dmaven.project.sourceRoots.warningsDisabled=true on the command line, in the .mvn/maven.config file, or in project POM properties.
2026-07-23 15:44:47,051 [Worker-55: Building] WARN  o.apache.maven.project.MavenProject - Plugin is modifying testCompileSourceRoots through clear(), which will not work in Maven 4.0.0. Use MavenProject.addTestCompileSourceRoot()/removeTestCompileSourceRoot() methods instead. If using a plugin, please upgrade to the latest version or report the issue to the plugin maintainer. To disable these warnings, set -Dmaven.project.sourceRoots.warningsDisabled=true on the command line, in the .mvn/maven.config file, or in project POM properties.
2026-07-23 15:44:47,052 [Worker-55: Building] WARN  o.apache.maven.project.MavenProject - Plugin is modifying testCompileSourceRoots through add(), which will not work in Maven 4.0.0. Use MavenProject.addTestCompileSourceRoot()/removeTestCompileSourceRoot() methods instead. If using a plugin, please upgrade to the latest version or report the issue to the plugin maintainer. To disable these warnings, set -Dmaven.project.sourceRoots.warningsDisabled=true on the command line, in the .mvn/maven.config file, or in project POM properties.
2026-07-23 15:48:06,020 [Worker-60: Building] INFO  o.a.m.s.f.DefaultMavenResourcesFiltering - Copying 1 resource from src\main\resources to target\classes
2026-07-23 15:48:06,035 [Worker-60: Building] INFO  o.a.m.s.f.DefaultMavenResourcesFiltering - Copying 1 resource from src\main\resources to target\classes
2026-07-23 15:48:06,040 [Worker-60: Building] INFO  o.a.m.s.f.DefaultMavenResourcesFiltering - skip non existing resourceDirectory C:\Users\adminn\Desktop\web-ay\server\petclinic\src\test\resources
2026-07-23 15:48:06,040 [Worker-60: Building] WARN  o.apache.maven.project.MavenProject - Plugin is modifying compileSourceRoots through clear(), which will not work in Maven 4.0.0. Use MavenProject.addCompileSourceRoot()/removeCompileSourceRoot() methods instead. If using a plugin, please upgrade to the latest version or report the issue to the plugin maintainer. To disable these warnings, set -Dmaven.project.sourceRoots.warningsDisabled=true on the command line, in the .mvn/maven.config file, or in project POM properties.
2026-07-23 15:48:06,042 [Worker-60: Building] WARN  o.apache.maven.project.MavenProject - Plugin is modifying compileSourceRoots through add(), which will not work in Maven 4.0.0. Use MavenProject.addCompileSourceRoot()/removeCompileSourceRoot() methods instead. If using a plugin, please upgrade to the latest version or report the issue to the plugin maintainer. To disable these warnings, set -Dmaven.project.sourceRoots.warningsDisabled=true on the command line, in the .mvn/maven.config file, or in project POM properties.
2026-07-23 15:48:06,043 [Worker-60: Building] WARN  o.apache.maven.project.MavenProject - Plugin is modifying testCompileSourceRoots through clear(), which will not work in Maven 4.0.0. Use MavenProject.addTestCompileSourceRoot()/removeTestCompileSourceRoot() methods instead. If using a plugin, please upgrade to the latest version or report the issue to the plugin maintainer. To disable these warnings, set -Dmaven.project.sourceRoots.warningsDisabled=true on the command line, in the .mvn/maven.config file, or in project POM properties.
2026-07-23 15:48:06,044 [Worker-60: Building] WARN  o.apache.maven.project.MavenProject - Plugin is modifying testCompileSourceRoots through add(), which will not work in Maven 4.0.0. Use MavenProject.addTestCompileSourceRoot()/removeTestCompileSourceRoot() methods instead. If using a plugin, please upgrade to the latest version or report the issue to the plugin maintainer. To disable these warnings, set -Dmaven.project.sourceRoots.warningsDisabled=true on the command line, in the .mvn/maven.config file, or in project POM properties.
2026-07-23 15:51:35,612 [Worker-52: Building] INFO  o.a.m.s.f.DefaultMavenResourcesFiltering - Copying 1 resource from src\main\resources to target\classes
2026-07-23 15:51:35,615 [Worker-52: Building] INFO  o.a.m.s.f.DefaultMavenResourcesFiltering - Copying 1 resource from src\main\resources to target\classes
2026-07-23 15:51:35,617 [Worker-52: Building] INFO  o.a.m.s.f.DefaultMavenResourcesFiltering - skip non existing resourceDirectory C:\Users\adminn\Desktop\web-ay\server\petclinic\src\test\resources
2026-07-23 15:51:35,617 [Worker-52: Building] WARN  o.apache.maven.project.MavenProject - Plugin is modifying compileSourceRoots through clear(), which will not work in Maven 4.0.0. Use MavenProject.addCompileSourceRoot()/removeCompileSourceRoot() methods instead. If using a plugin, please upgrade to the latest version or report the issue to the plugin maintainer. To disable these warnings, set -Dmaven.project.sourceRoots.warningsDisabled=true on the command line, in the .mvn/maven.config file, or in project POM properties.
2026-07-23 15:51:35,618 [Worker-52: Building] WARN  o.apache.maven.project.MavenProject - Plugin is modifying compileSourceRoots through add(), which will not work in Maven 4.0.0. Use MavenProject.addCompileSourceRoot()/removeCompileSourceRoot() methods instead. If using a plugin, please upgrade to the latest version or report the issue to the plugin maintainer. To disable these warnings, set -Dmaven.project.sourceRoots.warningsDisabled=true on the command line, in the .mvn/maven.config file, or in project POM properties.
2026-07-23 15:51:35,618 [Worker-52: Building] WARN  o.apache.maven.project.MavenProject - Plugin is modifying testCompileSourceRoots through clear(), which will not work in Maven 4.0.0. Use MavenProject.addTestCompileSourceRoot()/removeTestCompileSourceRoot() methods instead. If using a plugin, please upgrade to the latest version or report the issue to the plugin maintainer. To disable these warnings, set -Dmaven.project.sourceRoots.warningsDisabled=true on the command line, in the .mvn/maven.config file, or in project POM properties.
2026-07-23 15:51:35,619 [Worker-52: Building] WARN  o.apache.maven.project.MavenProject - Plugin is modifying testCompileSourceRoots through add(), which will not work in Maven 4.0.0. Use MavenProject.addTestCompileSourceRoot()/removeTestCompileSourceRoot() methods instead. If using a plugin, please upgrade to the latest version or report the issue to the plugin maintainer. To disable these warnings, set -Dmaven.project.sourceRoots.warningsDisabled=true on the command line, in the .mvn/maven.config file, or in project POM properties.
2026-07-23 15:54:41,968 [Worker-62: Building] INFO  o.a.m.s.f.DefaultMavenResourcesFiltering - Copying 1 resource from src\main\resources to target\classes
2026-07-23 15:54:41,973 [Worker-62: Building] INFO  o.a.m.s.f.DefaultMavenResourcesFiltering - Copying 1 resource from src\main\resources to target\classes
2026-07-23 15:54:41,977 [Worker-62: Building] INFO  o.a.m.s.f.DefaultMavenResourcesFiltering - skip non existing resourceDirectory C:\Users\adminn\Desktop\web-ay\server\petclinic\src\test\resources
2026-07-23 15:54:41,977 [Worker-62: Building] WARN  o.apache.maven.project.MavenProject - Plugin is modifying compileSourceRoots through clear(), which will not work in Maven 4.0.0. Use MavenProject.addCompileSourceRoot()/removeCompileSourceRoot() methods instead. If using a plugin, please upgrade to the latest version or report the issue to the plugin maintainer. To disable these warnings, set -Dmaven.project.sourceRoots.warningsDisabled=true on the command line, in the .mvn/maven.config file, or in project POM properties.
2026-07-23 15:54:41,978 [Worker-62: Building] WARN  o.apache.maven.project.MavenProject - Plugin is modifying compileSourceRoots through add(), which will not work in Maven 4.0.0. Use MavenProject.addCompileSourceRoot()/removeCompileSourceRoot() methods instead. If using a plugin, please upgrade to the latest version or report the issue to the plugin maintainer. To disable these warnings, set -Dmaven.project.sourceRoots.warningsDisabled=true on the command line, in the .mvn/maven.config file, or in project POM properties.
2026-07-23 15:54:41,979 [Worker-62: Building] WARN  o.apache.maven.project.MavenProject - Plugin is modifying testCompileSourceRoots through clear(), which will not work in Maven 4.0.0. Use MavenProject.addTestCompileSourceRoot()/removeTestCompileSourceRoot() methods instead. If using a plugin, please upgrade to the latest version or report the issue to the plugin maintainer. To disable these warnings, set -Dmaven.project.sourceRoots.warningsDisabled=true on the command line, in the .mvn/maven.config file, or in project POM properties.
2026-07-23 15:54:41,981 [Worker-62: Building] WARN  o.apache.maven.project.MavenProject - Plugin is modifying testCompileSourceRoots through add(), which will not work in Maven 4.0.0. Use MavenProject.addTestCompileSourceRoot()/removeTestCompileSourceRoot() methods instead. If using a plugin, please upgrade to the latest version or report the issue to the plugin maintainer. To disable these warnings, set -Dmaven.project.sourceRoots.warningsDisabled=true on the command line, in the .mvn/maven.config file, or in project POM properties.
2026-07-23 15:55:42,612 [Worker-62: Building] INFO  o.a.m.s.f.DefaultMavenResourcesFiltering - Copying 1 resource from src\main\resources to target\classes
2026-07-23 15:55:42,615 [Worker-62: Building] INFO  o.a.m.s.f.DefaultMavenResourcesFiltering - Copying 1 resource from src\main\resources to target\classes
2026-07-23 15:55:42,617 [Worker-62: Building] INFO  o.a.m.s.f.DefaultMavenResourcesFiltering - skip non existing resourceDirectory C:\Users\adminn\Desktop\web-ay\server\petclinic\src\test\resources
2026-07-23 15:55:42,617 [Worker-62: Building] WARN  o.apache.maven.project.MavenProject - Plugin is modifying compileSourceRoots through clear(), which will not work in Maven 4.0.0. Use MavenProject.addCompileSourceRoot()/removeCompileSourceRoot() methods instead. If using a plugin, please upgrade to the latest version or report the issue to the plugin maintainer. To disable these warnings, set -Dmaven.project.sourceRoots.warningsDisabled=true on the command line, in the .mvn/maven.config file, or in project POM properties.
2026-07-23 15:55:42,618 [Worker-62: Building] WARN  o.apache.maven.project.MavenProject - Plugin is modifying compileSourceRoots through add(), which will not work in Maven 4.0.0. Use MavenProject.addCompileSourceRoot()/removeCompileSourceRoot() methods instead. If using a plugin, please upgrade to the latest version or report the issue to the plugin maintainer. To disable these warnings, set -Dmaven.project.sourceRoots.warningsDisabled=true on the command line, in the .mvn/maven.config file, or in project POM properties.
2026-07-23 15:55:42,618 [Worker-62: Building] WARN  o.apache.maven.project.MavenProject - Plugin is modifying testCompileSourceRoots through clear(), which will not work in Maven 4.0.0. Use MavenProject.addTestCompileSourceRoot()/removeTestCompileSourceRoot() methods instead. If using a plugin, please upgrade to the latest version or report the issue to the plugin maintainer. To disable these warnings, set -Dmaven.project.sourceRoots.warningsDisabled=true on the command line, in the .mvn/maven.config file, or in project POM properties.
2026-07-23 15:55:42,619 [Worker-62: Building] WARN  o.apache.maven.project.MavenProject - Plugin is modifying testCompileSourceRoots through add(), which will not work in Maven 4.0.0. Use MavenProject.addTestCompileSourceRoot()/removeTestCompileSourceRoot() methods instead. If using a plugin, please upgrade to the latest version or report the issue to the plugin maintainer. To disable these warnings, set -Dmaven.project.sourceRoots.warningsDisabled=true on the command line, in the .mvn/maven.config file, or in project POM properties.
2026-07-23 15:58:04,975 [Worker-52: Building] INFO  o.a.m.s.f.DefaultMavenResourcesFiltering - Copying 1 resource from src\main\resources to target\classes
2026-07-23 15:58:04,979 [Worker-52: Building] INFO  o.a.m.s.f.DefaultMavenResourcesFiltering - Copying 1 resource from src\main\resources to target\classes
2026-07-23 15:58:04,981 [Worker-52: Building] INFO  o.a.m.s.f.DefaultMavenResourcesFiltering - skip non existing resourceDirectory C:\Users\adminn\Desktop\web-ay\server\petclinic\src\test\resources
2026-07-23 15:58:04,981 [Worker-52: Building] WARN  o.apache.maven.project.MavenProject - Plugin is modifying compileSourceRoots through clear(), which will not work in Maven 4.0.0. Use MavenProject.addCompileSourceRoot()/removeCompileSourceRoot() methods instead. If using a plugin, please upgrade to the latest version or report the issue to the plugin maintainer. To disable these warnings, set -Dmaven.project.sourceRoots.warningsDisabled=true on the command line, in the .mvn/maven.config file, or in project POM properties.
2026-07-23 15:58:04,981 [Worker-52: Building] WARN  o.apache.maven.project.MavenProject - Plugin is modifying compileSourceRoots through add(), which will not work in Maven 4.0.0. Use MavenProject.addCompileSourceRoot()/removeCompileSourceRoot() methods instead. If using a plugin, please upgrade to the latest version or report the issue to the plugin maintainer. To disable these warnings, set -Dmaven.project.sourceRoots.warningsDisabled=true on the command line, in the .mvn/maven.config file, or in project POM properties.
2026-07-23 15:58:04,982 [Worker-52: Building] WARN  o.apache.maven.project.MavenProject - Plugin is modifying testCompileSourceRoots through clear(), which will not work in Maven 4.0.0. Use MavenProject.addTestCompileSourceRoot()/removeTestCompileSourceRoot() methods instead. If using a plugin, please upgrade to the latest version or report the issue to the plugin maintainer. To disable these warnings, set -Dmaven.project.sourceRoots.warningsDisabled=true on the command line, in the .mvn/maven.config file, or in project POM properties.
2026-07-23 15:58:04,982 [Worker-52: Building] WARN  o.apache.maven.project.MavenProject - Plugin is modifying testCompileSourceRoots through add(), which will not work in Maven 4.0.0. Use MavenProject.addTestCompileSourceRoot()/removeTestCompileSourceRoot() methods instead. If using a plugin, please upgrade to the latest version or report the issue to the plugin maintainer. To disable these warnings, set -Dmaven.project.sourceRoots.warningsDisabled=true on the command line, in the .mvn/maven.config file, or in project POM properties.
2026-07-23 15:58:28,795 [Worker-62: Building] INFO  o.a.m.s.f.DefaultMavenResourcesFiltering - Copying 0 resource from src\main\resources to target\classes
2026-07-23 15:58:28,795 [Worker-62: Building] INFO  o.a.m.s.f.DefaultMavenResourcesFiltering - Copying 1 resource from src\main\resources to target\classes
2026-07-23 15:58:28,798 [Worker-62: Building] INFO  o.a.m.s.f.DefaultMavenResourcesFiltering - skip non existing resourceDirectory C:\Users\adminn\Desktop\web-ay\server\petclinic\src\test\resources
2026-07-23 15:58:28,798 [Worker-62: Building] WARN  o.apache.maven.project.MavenProject - Plugin is modifying compileSourceRoots through clear(), which will not work in Maven 4.0.0. Use MavenProject.addCompileSourceRoot()/removeCompileSourceRoot() methods instead. If using a plugin, please upgrade to the latest version or report the issue to the plugin maintainer. To disable these warnings, set -Dmaven.project.sourceRoots.warningsDisabled=true on the command line, in the .mvn/maven.config file, or in project POM properties.
2026-07-23 15:58:28,799 [Worker-62: Building] WARN  o.apache.maven.project.MavenProject - Plugin is modifying compileSourceRoots through add(), which will not work in Maven 4.0.0. Use MavenProject.addCompileSourceRoot()/removeCompileSourceRoot() methods instead. If using a plugin, please upgrade to the latest version or report the issue to the plugin maintainer. To disable these warnings, set -Dmaven.project.sourceRoots.warningsDisabled=true on the command line, in the .mvn/maven.config file, or in project POM properties.
2026-07-23 15:58:28,799 [Worker-62: Building] WARN  o.apache.maven.project.MavenProject - Plugin is modifying testCompileSourceRoots through clear(), which will not work in Maven 4.0.0. Use MavenProject.addTestCompileSourceRoot()/removeTestCompileSourceRoot() methods instead. If using a plugin, please upgrade to the latest version or report the issue to the plugin maintainer. To disable these warnings, set -Dmaven.project.sourceRoots.warningsDisabled=true on the command line, in the .mvn/maven.config file, or in project POM properties.
2026-07-23 15:58:28,799 [Worker-62: Building] WARN  o.apache.maven.project.MavenProject - Plugin is modifying testCompileSourceRoots through add(), which will not work in Maven 4.0.0. Use MavenProject.addTestCompileSourceRoot()/removeTestCompileSourceRoot() methods instead. If using a plugin, please upgrade to the latest version or report the issue to the plugin maintainer. To disable these warnings, set -Dmaven.project.sourceRoots.warningsDisabled=true on the command line, in the .mvn/maven.config file, or in project POM properties.
2026-07-23 15:59:52,552 [Worker-62: Building] INFO  o.a.m.s.f.DefaultMavenResourcesFiltering - Copying 1 resource from src\main\resources to target\classes
2026-07-23 15:59:52,555 [Worker-62: Building] INFO  o.a.m.s.f.DefaultMavenResourcesFiltering - Copying 1 resource from src\main\resources to target\classes
2026-07-23 15:59:52,557 [Worker-62: Building] INFO  o.a.m.s.f.DefaultMavenResourcesFiltering - skip non existing resourceDirectory C:\Users\adminn\Desktop\web-ay\server\petclinic\src\test\resources
2026-07-23 15:59:52,557 [Worker-62: Building] WARN  o.apache.maven.project.MavenProject - Plugin is modifying compileSourceRoots through clear(), which will not work in Maven 4.0.0. Use MavenProject.addCompileSourceRoot()/removeCompileSourceRoot() methods instead. If using a plugin, please upgrade to the latest version or report the issue to the plugin maintainer. To disable these warnings, set -Dmaven.project.sourceRoots.warningsDisabled=true on the command line, in the .mvn/maven.config file, or in project POM properties.
2026-07-23 15:59:52,557 [Worker-62: Building] WARN  o.apache.maven.project.MavenProject - Plugin is modifying compileSourceRoots through add(), which will not work in Maven 4.0.0. Use MavenProject.addCompileSourceRoot()/removeCompileSourceRoot() methods instead. If using a plugin, please upgrade to the latest version or report the issue to the plugin maintainer. To disable these warnings, set -Dmaven.project.sourceRoots.warningsDisabled=true on the command line, in the .mvn/maven.config file, or in project POM properties.
2026-07-23 15:59:52,558 [Worker-62: Building] WARN  o.apache.maven.project.MavenProject - Plugin is modifying testCompileSourceRoots through clear(), which will not work in Maven 4.0.0. Use MavenProject.addTestCompileSourceRoot()/removeTestCompileSourceRoot() methods instead. If using a plugin, please upgrade to the latest version or report the issue to the plugin maintainer. To disable these warnings, set -Dmaven.project.sourceRoots.warningsDisabled=true on the command line, in the .mvn/maven.config file, or in project POM properties.
2026-07-23 15:59:52,558 [Worker-62: Building] WARN  o.apache.maven.project.MavenProject - Plugin is modifying testCompileSourceRoots through add(), which will not work in Maven 4.0.0. Use MavenProject.addTestCompileSourceRoot()/removeTestCompileSourceRoot() methods instead. If using a plugin, please upgrade to the latest version or report the issue to the plugin maintainer. To disable these warnings, set -Dmaven.project.sourceRoots.warningsDisabled=true on the command line, in the .mvn/maven.config file, or in project POM properties.
2026-07-23 16:03:34,935 [Worker-62: Building] INFO  o.a.m.s.f.DefaultMavenResourcesFiltering - Copying 1 resource from src\main\resources to target\classes
2026-07-23 16:03:34,937 [Worker-62: Building] INFO  o.a.m.s.f.DefaultMavenResourcesFiltering - Copying 1 resource from src\main\resources to target\classes
2026-07-23 16:03:34,940 [Worker-62: Building] INFO  o.a.m.s.f.DefaultMavenResourcesFiltering - skip non existing resourceDirectory C:\Users\adminn\Desktop\web-ay\server\petclinic\src\test\resources
2026-07-23 16:03:34,940 [Worker-62: Building] WARN  o.apache.maven.project.MavenProject - Plugin is modifying compileSourceRoots through clear(), which will not work in Maven 4.0.0. Use MavenProject.addCompileSourceRoot()/removeCompileSourceRoot() methods instead. If using a plugin, please upgrade to the latest version or report the issue to the plugin maintainer. To disable these warnings, set -Dmaven.project.sourceRoots.warningsDisabled=true on the command line, in the .mvn/maven.config file, or in project POM properties.
2026-07-23 16:03:34,940 [Worker-62: Building] WARN  o.apache.maven.project.MavenProject - Plugin is modifying compileSourceRoots through add(), which will not work in Maven 4.0.0. Use MavenProject.addCompileSourceRoot()/removeCompileSourceRoot() methods instead. If using a plugin, please upgrade to the latest version or report the issue to the plugin maintainer. To disable these warnings, set -Dmaven.project.sourceRoots.warningsDisabled=true on the command line, in the .mvn/maven.config file, or in project POM properties.
2026-07-23 16:03:34,941 [Worker-62: Building] WARN  o.apache.maven.project.MavenProject - Plugin is modifying testCompileSourceRoots through clear(), which will not work in Maven 4.0.0. Use MavenProject.addTestCompileSourceRoot()/removeTestCompileSourceRoot() methods instead. If using a plugin, please upgrade to the latest version or report the issue to the plugin maintainer. To disable these warnings, set -Dmaven.project.sourceRoots.warningsDisabled=true on the command line, in the .mvn/maven.config file, or in project POM properties.
2026-07-23 16:03:34,941 [Worker-62: Building] WARN  o.apache.maven.project.MavenProject - Plugin is modifying testCompileSourceRoots through add(), which will not work in Maven 4.0.0. Use MavenProject.addTestCompileSourceRoot()/removeTestCompileSourceRoot() methods instead. If using a plugin, please upgrade to the latest version or report the issue to the plugin maintainer. To disable these warnings, set -Dmaven.project.sourceRoots.warningsDisabled=true on the command line, in the .mvn/maven.config file, or in project POM properties.
2026-07-23 16:05:42,734 [Worker-64: Building] INFO  o.a.m.s.f.DefaultMavenResourcesFiltering - Copying 1 resource from src\main\resources to target\classes
2026-07-23 16:05:42,738 [Worker-64: Building] INFO  o.a.m.s.f.DefaultMavenResourcesFiltering - Copying 1 resource from src\main\resources to target\classes
2026-07-23 16:05:42,739 [Worker-64: Building] INFO  o.a.m.s.f.DefaultMavenResourcesFiltering - skip non existing resourceDirectory C:\Users\adminn\Desktop\web-ay\server\petclinic\src\test\resources
2026-07-23 16:05:42,739 [Worker-64: Building] WARN  o.apache.maven.project.MavenProject - Plugin is modifying compileSourceRoots through clear(), which will not work in Maven 4.0.0. Use MavenProject.addCompileSourceRoot()/removeCompileSourceRoot() methods instead. If using a plugin, please upgrade to the latest version or report the issue to the plugin maintainer. To disable these warnings, set -Dmaven.project.sourceRoots.warningsDisabled=true on the command line, in the .mvn/maven.config file, or in project POM properties.
2026-07-23 16:05:42,740 [Worker-64: Building] WARN  o.apache.maven.project.MavenProject - Plugin is modifying compileSourceRoots through add(), which will not work in Maven 4.0.0. Use MavenProject.addCompileSourceRoot()/removeCompileSourceRoot() methods instead. If using a plugin, please upgrade to the latest version or report the issue to the plugin maintainer. To disable these warnings, set -Dmaven.project.sourceRoots.warningsDisabled=true on the command line, in the .mvn/maven.config file, or in project POM properties.
2026-07-23 16:05:42,740 [Worker-64: Building] WARN  o.apache.maven.project.MavenProject - Plugin is modifying testCompileSourceRoots through clear(), which will not work in Maven 4.0.0. Use MavenProject.addTestCompileSourceRoot()/removeTestCompileSourceRoot() methods instead. If using a plugin, please upgrade to the latest version or report the issue to the plugin maintainer. To disable these warnings, set -Dmaven.project.sourceRoots.warningsDisabled=true on the command line, in the .mvn/maven.config file, or in project POM properties.
2026-07-23 16:05:42,740 [Worker-64: Building] WARN  o.apache.maven.project.MavenProject - Plugin is modifying testCompileSourceRoots through add(), which will not work in Maven 4.0.0. Use MavenProject.addTestCompileSourceRoot()/removeTestCompileSourceRoot() methods instead. If using a plugin, please upgrade to the latest version or report the issue to the plugin maintainer. To disable these warnings, set -Dmaven.project.sourceRoots.warningsDisabled=true on the command line, in the .mvn/maven.config file, or in project POM properties.
2026-07-27 10:32:52,408 [Worker-7: Loading available Gradle versions] INFO  o.e.b.c.i.u.g.PublishedGradleVersions - Gradle version information cache is out-of-date. Trying to update.
2026-07-27 10:33:19,206 [Worker-17: Importing Maven projects] INFO  o.e.m.c.i.l.LifecycleMappingFactory - Using org.eclipse.m2e.jdt.JarLifecycleMapping lifecycle mapping for MavenProject: com.korea:movie-reservation:0.0.1-SNAPSHOT @ C:\Users\adminn\Desktop\web-ay\server\movie-reservation\pom.xml.
2026-07-27 10:33:21,077 [Worker-17: Importing Maven projects] INFO  o.e.m.j.i.AbstractJavaProjectConfigurator - Adding source folder /movie-reservation/src/main/java
2026-07-27 10:33:21,079 [Worker-17: Importing Maven projects] INFO  o.e.m.j.i.AbstractJavaProjectConfigurator - Adding resource folder /movie-reservation/src/main/resources
2026-07-27 10:33:21,084 [Worker-17: Importing Maven projects] INFO  o.e.m.j.i.AbstractJavaProjectConfigurator - Adding resource folder /movie-reservation/src/main/resources
2026-07-27 10:33:21,088 [Worker-17: Importing Maven projects] INFO  o.e.m.j.i.AbstractJavaProjectConfigurator - Adding source folder /movie-reservation/src/test/java
2026-07-27 10:33:21,089 [Worker-17: Importing Maven projects] INFO  o.e.m.j.i.AbstractJavaProjectConfigurator - Adding resource folder /movie-reservation/src/test/resources
2026-07-27 10:33:21,346 [Worker-17: Importing Maven projects] WARN  o.apache.maven.project.MavenProject - Plugin is modifying compileSourceRoots through clear(), which will not work in Maven 4.0.0. Use MavenProject.addCompileSourceRoot()/removeCompileSourceRoot() methods instead. If using a plugin, please upgrade to the latest version or report the issue to the plugin maintainer. To disable these warnings, set -Dmaven.project.sourceRoots.warningsDisabled=true on the command line, in the .mvn/maven.config file, or in project POM properties.
2026-07-27 10:33:21,347 [Worker-17: Importing Maven projects] WARN  o.apache.maven.project.MavenProject - Plugin is modifying compileSourceRoots through add(), which will not work in Maven 4.0.0. Use MavenProject.addCompileSourceRoot()/removeCompileSourceRoot() methods instead. If using a plugin, please upgrade to the latest version or report the issue to the plugin maintainer. To disable these warnings, set -Dmaven.project.sourceRoots.warningsDisabled=true on the command line, in the .mvn/maven.config file, or in project POM properties.
2026-07-27 10:33:21,348 [Worker-17: Importing Maven projects] WARN  o.apache.maven.project.MavenProject - Plugin is modifying testCompileSourceRoots through clear(), which will not work in Maven 4.0.0. Use MavenProject.addTestCompileSourceRoot()/removeTestCompileSourceRoot() methods instead. If using a plugin, please upgrade to the latest version or report the issue to the plugin maintainer. To disable these warnings, set -Dmaven.project.sourceRoots.warningsDisabled=true on the command line, in the .mvn/maven.config file, or in project POM properties.
2026-07-27 10:33:21,349 [Worker-17: Importing Maven projects] WARN  o.apache.maven.project.MavenProject - Plugin is modifying testCompileSourceRoots through add(), which will not work in Maven 4.0.0. Use MavenProject.addTestCompileSourceRoot()/removeTestCompileSourceRoot() methods instead. If using a plugin, please upgrade to the latest version or report the issue to the plugin maintainer. To disable these warnings, set -Dmaven.project.sourceRoots.warningsDisabled=true on the command line, in the .mvn/maven.config file, or in project POM properties.
2026-07-27 10:33:21,362 [Worker-17: Importing Maven projects] INFO  o.e.m.c.i.p.ProjectConfigurationManager - Imported and configured 1 project(s) in 3 sec
2026-07-27 10:33:21,939 [Worker-8: Building] INFO  o.a.m.s.f.DefaultMavenResourcesFiltering - Copying 1 resource from src\main\resources to target\classes
2026-07-27 10:33:21,994 [Worker-8: Building] INFO  o.a.m.s.f.DefaultMavenResourcesFiltering - Copying 0 resource from src\main\resources to target\classes
2026-07-27 10:33:22,011 [Worker-8: Building] INFO  o.a.m.s.f.DefaultMavenResourcesFiltering - skip non existing resourceDirectory C:\Users\adminn\Desktop\web-ay\server\movie-reservation\src\test\resources
2026-07-27 10:33:22,414 [Worker-8: Building] WARN  o.apache.maven.project.MavenProject - Plugin is modifying compileSourceRoots through clear(), which will not work in Maven 4.0.0. Use MavenProject.addCompileSourceRoot()/removeCompileSourceRoot() methods instead. If using a plugin, please upgrade to the latest version or report the issue to the plugin maintainer. To disable these warnings, set -Dmaven.project.sourceRoots.warningsDisabled=true on the command line, in the .mvn/maven.config file, or in project POM properties.
2026-07-27 10:33:22,415 [Worker-8: Building] WARN  o.apache.maven.project.MavenProject - Plugin is modifying compileSourceRoots through add(), which will not work in Maven 4.0.0. Use MavenProject.addCompileSourceRoot()/removeCompileSourceRoot() methods instead. If using a plugin, please upgrade to the latest version or report the issue to the plugin maintainer. To disable these warnings, set -Dmaven.project.sourceRoots.warningsDisabled=true on the command line, in the .mvn/maven.config file, or in project POM properties.
2026-07-27 10:33:22,416 [Worker-8: Building] WARN  o.apache.maven.project.MavenProject - Plugin is modifying testCompileSourceRoots through clear(), which will not work in Maven 4.0.0. Use MavenProject.addTestCompileSourceRoot()/removeTestCompileSourceRoot() methods instead. If using a plugin, please upgrade to the latest version or report the issue to the plugin maintainer. To disable these warnings, set -Dmaven.project.sourceRoots.warningsDisabled=true on the command line, in the .mvn/maven.config file, or in project POM properties.
2026-07-27 10:33:22,416 [Worker-8: Building] WARN  o.apache.maven.project.MavenProject - Plugin is modifying testCompileSourceRoots through add(), which will not work in Maven 4.0.0. Use MavenProject.addTestCompileSourceRoot()/removeTestCompileSourceRoot() methods instead. If using a plugin, please upgrade to the latest version or report the issue to the plugin maintainer. To disable these warnings, set -Dmaven.project.sourceRoots.warningsDisabled=true on the command line, in the .mvn/maven.config file, or in project POM properties.
2026-07-27 10:41:46,962 [Worker-40: Building] INFO  o.a.m.s.f.DefaultMavenResourcesFiltering - Copying 1 resource from src\main\resources to target\classes
2026-07-27 10:41:46,965 [Worker-40: Building] INFO  o.a.m.s.f.DefaultMavenResourcesFiltering - Copying 0 resource from src\main\resources to target\classes
2026-07-27 10:41:46,968 [Worker-40: Building] INFO  o.a.m.s.f.DefaultMavenResourcesFiltering - skip non existing resourceDirectory C:\Users\adminn\Desktop\web-ay\server\movie-reservation\src\test\resources
2026-07-27 10:41:46,969 [Worker-40: Building] WARN  o.apache.maven.project.MavenProject - Plugin is modifying compileSourceRoots through clear(), which will not work in Maven 4.0.0. Use MavenProject.addCompileSourceRoot()/removeCompileSourceRoot() methods instead. If using a plugin, please upgrade to the latest version or report the issue to the plugin maintainer. To disable these warnings, set -Dmaven.project.sourceRoots.warningsDisabled=true on the command line, in the .mvn/maven.config file, or in project POM properties.
2026-07-27 10:41:46,970 [Worker-40: Building] WARN  o.apache.maven.project.MavenProject - Plugin is modifying compileSourceRoots through add(), which will not work in Maven 4.0.0. Use MavenProject.addCompileSourceRoot()/removeCompileSourceRoot() methods instead. If using a plugin, please upgrade to the latest version or report the issue to the plugin maintainer. To disable these warnings, set -Dmaven.project.sourceRoots.warningsDisabled=true on the command line, in the .mvn/maven.config file, or in project POM properties.
2026-07-27 10:41:46,970 [Worker-40: Building] WARN  o.apache.maven.project.MavenProject - Plugin is modifying testCompileSourceRoots through clear(), which will not work in Maven 4.0.0. Use MavenProject.addTestCompileSourceRoot()/removeTestCompileSourceRoot() methods instead. If using a plugin, please upgrade to the latest version or report the issue to the plugin maintainer. To disable these warnings, set -Dmaven.project.sourceRoots.warningsDisabled=true on the command line, in the .mvn/maven.config file, or in project POM properties.
2026-07-27 10:41:46,970 [Worker-40: Building] WARN  o.apache.maven.project.MavenProject - Plugin is modifying testCompileSourceRoots through add(), which will not work in Maven 4.0.0. Use MavenProject.addTestCompileSourceRoot()/removeTestCompileSourceRoot() methods instead. If using a plugin, please upgrade to the latest version or report the issue to the plugin maintainer. To disable these warnings, set -Dmaven.project.sourceRoots.warningsDisabled=true on the command line, in the .mvn/maven.config file, or in project POM properties.
2026-07-27 10:42:34,531 [Worker-40: Building] INFO  o.a.m.s.f.DefaultMavenResourcesFiltering - Copying 1 resource from src\main\resources to target\classes
2026-07-27 10:42:34,546 [Worker-40: Building] INFO  o.a.m.s.f.DefaultMavenResourcesFiltering - Copying 0 resource from src\main\resources to target\classes
2026-07-27 10:42:34,552 [Worker-40: Building] INFO  o.a.m.s.f.DefaultMavenResourcesFiltering - skip non existing resourceDirectory C:\Users\adminn\Desktop\web-ay\server\movie-reservation\src\test\resources
2026-07-27 10:42:34,552 [Worker-40: Building] WARN  o.apache.maven.project.MavenProject - Plugin is modifying compileSourceRoots through clear(), which will not work in Maven 4.0.0. Use MavenProject.addCompileSourceRoot()/removeCompileSourceRoot() methods instead. If using a plugin, please upgrade to the latest version or report the issue to the plugin maintainer. To disable these warnings, set -Dmaven.project.sourceRoots.warningsDisabled=true on the command line, in the .mvn/maven.config file, or in project POM properties.
2026-07-27 10:42:34,553 [Worker-40: Building] WARN  o.apache.maven.project.MavenProject - Plugin is modifying compileSourceRoots through add(), which will not work in Maven 4.0.0. Use MavenProject.addCompileSourceRoot()/removeCompileSourceRoot() methods instead. If using a plugin, please upgrade to the latest version or report the issue to the plugin maintainer. To disable these warnings, set -Dmaven.project.sourceRoots.warningsDisabled=true on the command line, in the .mvn/maven.config file, or in project POM properties.
2026-07-27 10:42:34,554 [Worker-40: Building] WARN  o.apache.maven.project.MavenProject - Plugin is modifying testCompileSourceRoots through clear(), which will not work in Maven 4.0.0. Use MavenProject.addTestCompileSourceRoot()/removeTestCompileSourceRoot() methods instead. If using a plugin, please upgrade to the latest version or report the issue to the plugin maintainer. To disable these warnings, set -Dmaven.project.sourceRoots.warningsDisabled=true on the command line, in the .mvn/maven.config file, or in project POM properties.
2026-07-27 10:42:34,554 [Worker-40: Building] WARN  o.apache.maven.project.MavenProject - Plugin is modifying testCompileSourceRoots through add(), which will not work in Maven 4.0.0. Use MavenProject.addTestCompileSourceRoot()/removeTestCompileSourceRoot() methods instead. If using a plugin, please upgrade to the latest version or report the issue to the plugin maintainer. To disable these warnings, set -Dmaven.project.sourceRoots.warningsDisabled=true on the command line, in the .mvn/maven.config file, or in project POM properties.
2026-07-27 10:44:59,364 [Worker-39: Building] INFO  o.a.m.s.f.DefaultMavenResourcesFiltering - Copying 1 resource from src\main\resources to target\classes
2026-07-27 10:44:59,369 [Worker-39: Building] INFO  o.a.m.s.f.DefaultMavenResourcesFiltering - Copying 0 resource from src\main\resources to target\classes
2026-07-27 10:44:59,373 [Worker-39: Building] INFO  o.a.m.s.f.DefaultMavenResourcesFiltering - skip non existing resourceDirectory C:\Users\adminn\Desktop\web-ay\server\movie-reservation\src\test\resources
2026-07-27 10:44:59,373 [Worker-39: Building] WARN  o.apache.maven.project.MavenProject - Plugin is modifying compileSourceRoots through clear(), which will not work in Maven 4.0.0. Use MavenProject.addCompileSourceRoot()/removeCompileSourceRoot() methods instead. If using a plugin, please upgrade to the latest version or report the issue to the plugin maintainer. To disable these warnings, set -Dmaven.project.sourceRoots.warningsDisabled=true on the command line, in the .mvn/maven.config file, or in project POM properties.
2026-07-27 10:44:59,374 [Worker-39: Building] WARN  o.apache.maven.project.MavenProject - Plugin is modifying compileSourceRoots through add(), which will not work in Maven 4.0.0. Use MavenProject.addCompileSourceRoot()/removeCompileSourceRoot() methods instead. If using a plugin, please upgrade to the latest version or report the issue to the plugin maintainer. To disable these warnings, set -Dmaven.project.sourceRoots.warningsDisabled=true on the command line, in the .mvn/maven.config file, or in project POM properties.
2026-07-27 10:44:59,375 [Worker-39: Building] WARN  o.apache.maven.project.MavenProject - Plugin is modifying testCompileSourceRoots through clear(), which will not work in Maven 4.0.0. Use MavenProject.addTestCompileSourceRoot()/removeTestCompileSourceRoot() methods instead. If using a plugin, please upgrade to the latest version or report the issue to the plugin maintainer. To disable these warnings, set -Dmaven.project.sourceRoots.warningsDisabled=true on the command line, in the .mvn/maven.config file, or in project POM properties.
2026-07-27 10:44:59,376 [Worker-39: Building] WARN  o.apache.maven.project.MavenProject - Plugin is modifying testCompileSourceRoots through add(), which will not work in Maven 4.0.0. Use MavenProject.addTestCompileSourceRoot()/removeTestCompileSourceRoot() methods instead. If using a plugin, please upgrade to the latest version or report the issue to the plugin maintainer. To disable these warnings, set -Dmaven.project.sourceRoots.warningsDisabled=true on the command line, in the .mvn/maven.config file, or in project POM properties.
2026-07-27 10:45:47,673 [Worker-40: Building] INFO  o.a.m.s.f.DefaultMavenResourcesFiltering - Copying 1 resource from src\main\resources to target\classes
2026-07-27 10:45:47,684 [Worker-40: Building] INFO  o.a.m.s.f.DefaultMavenResourcesFiltering - Copying 0 resource from src\main\resources to target\classes
2026-07-27 10:45:47,690 [Worker-40: Building] INFO  o.a.m.s.f.DefaultMavenResourcesFiltering - skip non existing resourceDirectory C:\Users\adminn\Desktop\web-ay\server\movie-reservation\src\test\resources
2026-07-27 10:45:47,690 [Worker-40: Building] WARN  o.apache.maven.project.MavenProject - Plugin is modifying compileSourceRoots through clear(), which will not work in Maven 4.0.0. Use MavenProject.addCompileSourceRoot()/removeCompileSourceRoot() methods instead. If using a plugin, please upgrade to the latest version or report the issue to the plugin maintainer. To disable these warnings, set -Dmaven.project.sourceRoots.warningsDisabled=true on the command line, in the .mvn/maven.config file, or in project POM properties.
2026-07-27 10:45:47,691 [Worker-40: Building] WARN  o.apache.maven.project.MavenProject - Plugin is modifying compileSourceRoots through add(), which will not work in Maven 4.0.0. Use MavenProject.addCompileSourceRoot()/removeCompileSourceRoot() methods instead. If using a plugin, please upgrade to the latest version or report the issue to the plugin maintainer. To disable these warnings, set -Dmaven.project.sourceRoots.warningsDisabled=true on the command line, in the .mvn/maven.config file, or in project POM properties.
2026-07-27 10:45:47,692 [Worker-40: Building] WARN  o.apache.maven.project.MavenProject - Plugin is modifying testCompileSourceRoots through clear(), which will not work in Maven 4.0.0. Use MavenProject.addTestCompileSourceRoot()/removeTestCompileSourceRoot() methods instead. If using a plugin, please upgrade to the latest version or report the issue to the plugin maintainer. To disable these warnings, set -Dmaven.project.sourceRoots.warningsDisabled=true on the command line, in the .mvn/maven.config file, or in project POM properties.
2026-07-27 10:45:47,693 [Worker-40: Building] WARN  o.apache.maven.project.MavenProject - Plugin is modifying testCompileSourceRoots through add(), which will not work in Maven 4.0.0. Use MavenProject.addTestCompileSourceRoot()/removeTestCompileSourceRoot() methods instead. If using a plugin, please upgrade to the latest version or report the issue to the plugin maintainer. To disable these warnings, set -Dmaven.project.sourceRoots.warningsDisabled=true on the command line, in the .mvn/maven.config file, or in project POM properties.
2026-07-27 10:46:03,751 [Worker-40: Building] INFO  o.a.m.s.f.DefaultMavenResourcesFiltering - Copying 1 resource from src\main\resources to target\classes
2026-07-27 10:46:03,756 [Worker-40: Building] INFO  o.a.m.s.f.DefaultMavenResourcesFiltering - Copying 0 resource from src\main\resources to target\classes
2026-07-27 10:46:03,758 [Worker-40: Building] INFO  o.a.m.s.f.DefaultMavenResourcesFiltering - skip non existing resourceDirectory C:\Users\adminn\Desktop\web-ay\server\movie-reservation\src\test\resources
2026-07-27 10:46:03,758 [Worker-40: Building] WARN  o.apache.maven.project.MavenProject - Plugin is modifying compileSourceRoots through clear(), which will not work in Maven 4.0.0. Use MavenProject.addCompileSourceRoot()/removeCompileSourceRoot() methods instead. If using a plugin, please upgrade to the latest version or report the issue to the plugin maintainer. To disable these warnings, set -Dmaven.project.sourceRoots.warningsDisabled=true on the command line, in the .mvn/maven.config file, or in project POM properties.
2026-07-27 10:46:03,759 [Worker-40: Building] WARN  o.apache.maven.project.MavenProject - Plugin is modifying compileSourceRoots through add(), which will not work in Maven 4.0.0. Use MavenProject.addCompileSourceRoot()/removeCompileSourceRoot() methods instead. If using a plugin, please upgrade to the latest version or report the issue to the plugin maintainer. To disable these warnings, set -Dmaven.project.sourceRoots.warningsDisabled=true on the command line, in the .mvn/maven.config file, or in project POM properties.
2026-07-27 10:46:03,760 [Worker-40: Building] WARN  o.apache.maven.project.MavenProject - Plugin is modifying testCompileSourceRoots through clear(), which will not work in Maven 4.0.0. Use MavenProject.addTestCompileSourceRoot()/removeTestCompileSourceRoot() methods instead. If using a plugin, please upgrade to the latest version or report the issue to the plugin maintainer. To disable these warnings, set -Dmaven.project.sourceRoots.warningsDisabled=true on the command line, in the .mvn/maven.config file, or in project POM properties.
2026-07-27 10:46:03,761 [Worker-40: Building] WARN  o.apache.maven.project.MavenProject - Plugin is modifying testCompileSourceRoots through add(), which will not work in Maven 4.0.0. Use MavenProject.addTestCompileSourceRoot()/removeTestCompileSourceRoot() methods instead. If using a plugin, please upgrade to the latest version or report the issue to the plugin maintainer. To disable these warnings, set -Dmaven.project.sourceRoots.warningsDisabled=true on the command line, in the .mvn/maven.config file, or in project POM properties.
2026-07-27 10:46:32,396 [Worker-42: Building] INFO  o.a.m.s.f.DefaultMavenResourcesFiltering - Copying 1 resource from src\main\resources to target\classes
2026-07-27 10:46:32,399 [Worker-42: Building] INFO  o.a.m.s.f.DefaultMavenResourcesFiltering - Copying 0 resource from src\main\resources to target\classes
2026-07-27 10:46:32,402 [Worker-42: Building] INFO  o.a.m.s.f.DefaultMavenResourcesFiltering - skip non existing resourceDirectory C:\Users\adminn\Desktop\web-ay\server\movie-reservation\src\test\resources
2026-07-27 10:46:32,402 [Worker-42: Building] WARN  o.apache.maven.project.MavenProject - Plugin is modifying compileSourceRoots through clear(), which will not work in Maven 4.0.0. Use MavenProject.addCompileSourceRoot()/removeCompileSourceRoot() methods instead. If using a plugin, please upgrade to the latest version or report the issue to the plugin maintainer. To disable these warnings, set -Dmaven.project.sourceRoots.warningsDisabled=true on the command line, in the .mvn/maven.config file, or in project POM properties.
2026-07-27 10:46:32,402 [Worker-42: Building] WARN  o.apache.maven.project.MavenProject - Plugin is modifying compileSourceRoots through add(), which will not work in Maven 4.0.0. Use MavenProject.addCompileSourceRoot()/removeCompileSourceRoot() methods instead. If using a plugin, please upgrade to the latest version or report the issue to the plugin maintainer. To disable these warnings, set -Dmaven.project.sourceRoots.warningsDisabled=true on the command line, in the .mvn/maven.config file, or in project POM properties.
2026-07-27 10:46:32,403 [Worker-42: Building] WARN  o.apache.maven.project.MavenProject - Plugin is modifying testCompileSourceRoots through clear(), which will not work in Maven 4.0.0. Use MavenProject.addTestCompileSourceRoot()/removeTestCompileSourceRoot() methods instead. If using a plugin, please upgrade to the latest version or report the issue to the plugin maintainer. To disable these warnings, set -Dmaven.project.sourceRoots.warningsDisabled=true on the command line, in the .mvn/maven.config file, or in project POM properties.
2026-07-27 10:46:32,403 [Worker-42: Building] WARN  o.apache.maven.project.MavenProject - Plugin is modifying testCompileSourceRoots through add(), which will not work in Maven 4.0.0. Use MavenProject.addTestCompileSourceRoot()/removeTestCompileSourceRoot() methods instead. If using a plugin, please upgrade to the latest version or report the issue to the plugin maintainer. To disable these warnings, set -Dmaven.project.sourceRoots.warningsDisabled=true on the command line, in the .mvn/maven.config file, or in project POM properties.
2026-07-27 10:47:19,827 [Worker-42: Building] INFO  o.a.m.s.f.DefaultMavenResourcesFiltering - Copying 1 resource from src\main\resources to target\classes
2026-07-27 10:47:19,831 [Worker-42: Building] INFO  o.a.m.s.f.DefaultMavenResourcesFiltering - Copying 0 resource from src\main\resources to target\classes
2026-07-27 10:47:19,834 [Worker-42: Building] INFO  o.a.m.s.f.DefaultMavenResourcesFiltering - skip non existing resourceDirectory C:\Users\adminn\Desktop\web-ay\server\movie-reservation\src\test\resources
2026-07-27 10:47:19,834 [Worker-42: Building] WARN  o.apache.maven.project.MavenProject - Plugin is modifying compileSourceRoots through clear(), which will not work in Maven 4.0.0. Use MavenProject.addCompileSourceRoot()/removeCompileSourceRoot() methods instead. If using a plugin, please upgrade to the latest version or report the issue to the plugin maintainer. To disable these warnings, set -Dmaven.project.sourceRoots.warningsDisabled=true on the command line, in the .mvn/maven.config file, or in project POM properties.
2026-07-27 10:47:19,835 [Worker-42: Building] WARN  o.apache.maven.project.MavenProject - Plugin is modifying compileSourceRoots through add(), which will not work in Maven 4.0.0. Use MavenProject.addCompileSourceRoot()/removeCompileSourceRoot() methods instead. If using a plugin, please upgrade to the latest version or report the issue to the plugin maintainer. To disable these warnings, set -Dmaven.project.sourceRoots.warningsDisabled=true on the command line, in the .mvn/maven.config file, or in project POM properties.
2026-07-27 10:47:19,837 [Worker-42: Building] WARN  o.apache.maven.project.MavenProject - Plugin is modifying testCompileSourceRoots through clear(), which will not work in Maven 4.0.0. Use MavenProject.addTestCompileSourceRoot()/removeTestCompileSourceRoot() methods instead. If using a plugin, please upgrade to the latest version or report the issue to the plugin maintainer. To disable these warnings, set -Dmaven.project.sourceRoots.warningsDisabled=true on the command line, in the .mvn/maven.config file, or in project POM properties.
2026-07-27 10:47:19,837 [Worker-42: Building] WARN  o.apache.maven.project.MavenProject - Plugin is modifying testCompileSourceRoots through add(), which will not work in Maven 4.0.0. Use MavenProject.addTestCompileSourceRoot()/removeTestCompileSourceRoot() methods instead. If using a plugin, please upgrade to the latest version or report the issue to the plugin maintainer. To disable these warnings, set -Dmaven.project.sourceRoots.warningsDisabled=true on the command line, in the .mvn/maven.config file, or in project POM properties.
2026-07-27 10:49:43,722 [Worker-43: Building] INFO  o.a.m.s.f.DefaultMavenResourcesFiltering - Copying 1 resource from src\main\resources to target\classes
2026-07-27 10:49:43,734 [Worker-43: Building] INFO  o.a.m.s.f.DefaultMavenResourcesFiltering - Copying 0 resource from src\main\resources to target\classes
2026-07-27 10:49:43,738 [Worker-43: Building] INFO  o.a.m.s.f.DefaultMavenResourcesFiltering - skip non existing resourceDirectory C:\Users\adminn\Desktop\web-ay\server\movie-reservation\src\test\resources
2026-07-27 10:49:43,738 [Worker-43: Building] WARN  o.apache.maven.project.MavenProject - Plugin is modifying compileSourceRoots through clear(), which will not work in Maven 4.0.0. Use MavenProject.addCompileSourceRoot()/removeCompileSourceRoot() methods instead. If using a plugin, please upgrade to the latest version or report the issue to the plugin maintainer. To disable these warnings, set -Dmaven.project.sourceRoots.warningsDisabled=true on the command line, in the .mvn/maven.config file, or in project POM properties.
2026-07-27 10:49:43,739 [Worker-43: Building] WARN  o.apache.maven.project.MavenProject - Plugin is modifying compileSourceRoots through add(), which will not work in Maven 4.0.0. Use MavenProject.addCompileSourceRoot()/removeCompileSourceRoot() methods instead. If using a plugin, please upgrade to the latest version or report the issue to the plugin maintainer. To disable these warnings, set -Dmaven.project.sourceRoots.warningsDisabled=true on the command line, in the .mvn/maven.config file, or in project POM properties.
2026-07-27 10:49:43,740 [Worker-43: Building] WARN  o.apache.maven.project.MavenProject - Plugin is modifying testCompileSourceRoots through clear(), which will not work in Maven 4.0.0. Use MavenProject.addTestCompileSourceRoot()/removeTestCompileSourceRoot() methods instead. If using a plugin, please upgrade to the latest version or report the issue to the plugin maintainer. To disable these warnings, set -Dmaven.project.sourceRoots.warningsDisabled=true on the command line, in the .mvn/maven.config file, or in project POM properties.
2026-07-27 10:49:43,740 [Worker-43: Building] WARN  o.apache.maven.project.MavenProject - Plugin is modifying testCompileSourceRoots through add(), which will not work in Maven 4.0.0. Use MavenProject.addTestCompileSourceRoot()/removeTestCompileSourceRoot() methods instead. If using a plugin, please upgrade to the latest version or report the issue to the plugin maintainer. To disable these warnings, set -Dmaven.project.sourceRoots.warningsDisabled=true on the command line, in the .mvn/maven.config file, or in project POM properties.
2026-07-27 10:49:58,737 [Worker-39: Building] INFO  o.a.m.s.f.DefaultMavenResourcesFiltering - Copying 1 resource from src\main\resources to target\classes
2026-07-27 10:49:58,740 [Worker-39: Building] INFO  o.a.m.s.f.DefaultMavenResourcesFiltering - Copying 0 resource from src\main\resources to target\classes
2026-07-27 10:49:58,742 [Worker-39: Building] INFO  o.a.m.s.f.DefaultMavenResourcesFiltering - skip non existing resourceDirectory C:\Users\adminn\Desktop\web-ay\server\movie-reservation\src\test\resources
2026-07-27 10:49:58,742 [Worker-39: Building] WARN  o.apache.maven.project.MavenProject - Plugin is modifying compileSourceRoots through clear(), which will not work in Maven 4.0.0. Use MavenProject.addCompileSourceRoot()/removeCompileSourceRoot() methods instead. If using a plugin, please upgrade to the latest version or report the issue to the plugin maintainer. To disable these warnings, set -Dmaven.project.sourceRoots.warningsDisabled=true on the command line, in the .mvn/maven.config file, or in project POM properties.
2026-07-27 10:49:58,743 [Worker-39: Building] WARN  o.apache.maven.project.MavenProject - Plugin is modifying compileSourceRoots through add(), which will not work in Maven 4.0.0. Use MavenProject.addCompileSourceRoot()/removeCompileSourceRoot() methods instead. If using a plugin, please upgrade to the latest version or report the issue to the plugin maintainer. To disable these warnings, set -Dmaven.project.sourceRoots.warningsDisabled=true on the command line, in the .mvn/maven.config file, or in project POM properties.
2026-07-27 10:49:58,743 [Worker-39: Building] WARN  o.apache.maven.project.MavenProject - Plugin is modifying testCompileSourceRoots through clear(), which will not work in Maven 4.0.0. Use MavenProject.addTestCompileSourceRoot()/removeTestCompileSourceRoot() methods instead. If using a plugin, please upgrade to the latest version or report the issue to the plugin maintainer. To disable these warnings, set -Dmaven.project.sourceRoots.warningsDisabled=true on the command line, in the .mvn/maven.config file, or in project POM properties.
2026-07-27 10:49:58,743 [Worker-39: Building] WARN  o.apache.maven.project.MavenProject - Plugin is modifying testCompileSourceRoots through add(), which will not work in Maven 4.0.0. Use MavenProject.addTestCompileSourceRoot()/removeTestCompileSourceRoot() methods instead. If using a plugin, please upgrade to the latest version or report the issue to the plugin maintainer. To disable these warnings, set -Dmaven.project.sourceRoots.warningsDisabled=true on the command line, in the .mvn/maven.config file, or in project POM properties.
2026-07-27 10:51:47,793 [Worker-40: Building] INFO  o.a.m.s.f.DefaultMavenResourcesFiltering - Copying 1 resource from src\main\resources to target\classes
2026-07-27 10:51:47,796 [Worker-40: Building] INFO  o.a.m.s.f.DefaultMavenResourcesFiltering - Copying 0 resource from src\main\resources to target\classes
2026-07-27 10:51:47,797 [Worker-40: Building] INFO  o.a.m.s.f.DefaultMavenResourcesFiltering - skip non existing resourceDirectory C:\Users\adminn\Desktop\web-ay\server\movie-reservation\src\test\resources
2026-07-27 10:51:47,798 [Worker-40: Building] WARN  o.apache.maven.project.MavenProject - Plugin is modifying compileSourceRoots through clear(), which will not work in Maven 4.0.0. Use MavenProject.addCompileSourceRoot()/removeCompileSourceRoot() methods instead. If using a plugin, please upgrade to the latest version or report the issue to the plugin maintainer. To disable these warnings, set -Dmaven.project.sourceRoots.warningsDisabled=true on the command line, in the .mvn/maven.config file, or in project POM properties.
2026-07-27 10:51:47,798 [Worker-40: Building] WARN  o.apache.maven.project.MavenProject - Plugin is modifying compileSourceRoots through add(), which will not work in Maven 4.0.0. Use MavenProject.addCompileSourceRoot()/removeCompileSourceRoot() methods instead. If using a plugin, please upgrade to the latest version or report the issue to the plugin maintainer. To disable these warnings, set -Dmaven.project.sourceRoots.warningsDisabled=true on the command line, in the .mvn/maven.config file, or in project POM properties.
2026-07-27 10:51:47,799 [Worker-40: Building] WARN  o.apache.maven.project.MavenProject - Plugin is modifying testCompileSourceRoots through clear(), which will not work in Maven 4.0.0. Use MavenProject.addTestCompileSourceRoot()/removeTestCompileSourceRoot() methods instead. If using a plugin, please upgrade to the latest version or report the issue to the plugin maintainer. To disable these warnings, set -Dmaven.project.sourceRoots.warningsDisabled=true on the command line, in the .mvn/maven.config file, or in project POM properties.
2026-07-27 10:51:47,799 [Worker-40: Building] WARN  o.apache.maven.project.MavenProject - Plugin is modifying testCompileSourceRoots through add(), which will not work in Maven 4.0.0. Use MavenProject.addTestCompileSourceRoot()/removeTestCompileSourceRoot() methods instead. If using a plugin, please upgrade to the latest version or report the issue to the plugin maintainer. To disable these warnings, set -Dmaven.project.sourceRoots.warningsDisabled=true on the command line, in the .mvn/maven.config file, or in project POM properties.
2026-07-27 10:52:52,576 [Worker-12: Building] INFO  o.a.m.s.f.DefaultMavenResourcesFiltering - Copying 0 resource from src\main\resources to target\classes
2026-07-27 10:52:52,577 [Worker-12: Building] INFO  o.a.m.s.f.DefaultMavenResourcesFiltering - Copying 1 resource from src\main\resources to target\classes
2026-07-27 10:52:52,581 [Worker-12: Building] INFO  o.a.m.s.f.DefaultMavenResourcesFiltering - skip non existing resourceDirectory C:\Users\adminn\Desktop\web-ay\server\movie-reservation\src\test\resources
2026-07-27 10:52:52,581 [Worker-12: Building] WARN  o.apache.maven.project.MavenProject - Plugin is modifying compileSourceRoots through clear(), which will not work in Maven 4.0.0. Use MavenProject.addCompileSourceRoot()/removeCompileSourceRoot() methods instead. If using a plugin, please upgrade to the latest version or report the issue to the plugin maintainer. To disable these warnings, set -Dmaven.project.sourceRoots.warningsDisabled=true on the command line, in the .mvn/maven.config file, or in project POM properties.
2026-07-27 10:52:52,581 [Worker-12: Building] WARN  o.apache.maven.project.MavenProject - Plugin is modifying compileSourceRoots through add(), which will not work in Maven 4.0.0. Use MavenProject.addCompileSourceRoot()/removeCompileSourceRoot() methods instead. If using a plugin, please upgrade to the latest version or report the issue to the plugin maintainer. To disable these warnings, set -Dmaven.project.sourceRoots.warningsDisabled=true on the command line, in the .mvn/maven.config file, or in project POM properties.
2026-07-27 10:52:52,582 [Worker-12: Building] WARN  o.apache.maven.project.MavenProject - Plugin is modifying testCompileSourceRoots through clear(), which will not work in Maven 4.0.0. Use MavenProject.addTestCompileSourceRoot()/removeTestCompileSourceRoot() methods instead. If using a plugin, please upgrade to the latest version or report the issue to the plugin maintainer. To disable these warnings, set -Dmaven.project.sourceRoots.warningsDisabled=true on the command line, in the .mvn/maven.config file, or in project POM properties.
2026-07-27 10:52:52,582 [Worker-12: Building] WARN  o.apache.maven.project.MavenProject - Plugin is modifying testCompileSourceRoots through add(), which will not work in Maven 4.0.0. Use MavenProject.addTestCompileSourceRoot()/removeTestCompileSourceRoot() methods instead. If using a plugin, please upgrade to the latest version or report the issue to the plugin maintainer. To disable these warnings, set -Dmaven.project.sourceRoots.warningsDisabled=true on the command line, in the .mvn/maven.config file, or in project POM properties.
2026-07-27 10:52:59,527 [Worker-40: Building] INFO  o.a.m.s.f.DefaultMavenResourcesFiltering - Copying 0 resource from src\main\resources to target\classes
2026-07-27 10:52:59,527 [Worker-40: Building] INFO  o.a.m.s.f.DefaultMavenResourcesFiltering - Copying 1 resource from src\main\resources to target\classes
2026-07-27 10:52:59,530 [Worker-40: Building] INFO  o.a.m.s.f.DefaultMavenResourcesFiltering - skip non existing resourceDirectory C:\Users\adminn\Desktop\web-ay\server\movie-reservation\src\test\resources
2026-07-27 10:52:59,530 [Worker-40: Building] WARN  o.apache.maven.project.MavenProject - Plugin is modifying compileSourceRoots through clear(), which will not work in Maven 4.0.0. Use MavenProject.addCompileSourceRoot()/removeCompileSourceRoot() methods instead. If using a plugin, please upgrade to the latest version or report the issue to the plugin maintainer. To disable these warnings, set -Dmaven.project.sourceRoots.warningsDisabled=true on the command line, in the .mvn/maven.config file, or in project POM properties.
2026-07-27 10:52:59,531 [Worker-40: Building] WARN  o.apache.maven.project.MavenProject - Plugin is modifying compileSourceRoots through add(), which will not work in Maven 4.0.0. Use MavenProject.addCompileSourceRoot()/removeCompileSourceRoot() methods instead. If using a plugin, please upgrade to the latest version or report the issue to the plugin maintainer. To disable these warnings, set -Dmaven.project.sourceRoots.warningsDisabled=true on the command line, in the .mvn/maven.config file, or in project POM properties.
2026-07-27 10:52:59,531 [Worker-40: Building] WARN  o.apache.maven.project.MavenProject - Plugin is modifying testCompileSourceRoots through clear(), which will not work in Maven 4.0.0. Use MavenProject.addTestCompileSourceRoot()/removeTestCompileSourceRoot() methods instead. If using a plugin, please upgrade to the latest version or report the issue to the plugin maintainer. To disable these warnings, set -Dmaven.project.sourceRoots.warningsDisabled=true on the command line, in the .mvn/maven.config file, or in project POM properties.
2026-07-27 10:52:59,532 [Worker-40: Building] WARN  o.apache.maven.project.MavenProject - Plugin is modifying testCompileSourceRoots through add(), which will not work in Maven 4.0.0. Use MavenProject.addTestCompileSourceRoot()/removeTestCompileSourceRoot() methods instead. If using a plugin, please upgrade to the latest version or report the issue to the plugin maintainer. To disable these warnings, set -Dmaven.project.sourceRoots.warningsDisabled=true on the command line, in the .mvn/maven.config file, or in project POM properties.
2026-07-27 10:53:07,738 [Worker-41: Building] INFO  o.a.m.s.f.DefaultMavenResourcesFiltering - Copying 0 resource from src\main\resources to target\classes
2026-07-27 10:53:07,739 [Worker-41: Building] INFO  o.a.m.s.f.DefaultMavenResourcesFiltering - Copying 1 resource from src\main\resources to target\classes
2026-07-27 10:53:07,741 [Worker-41: Building] INFO  o.a.m.s.f.DefaultMavenResourcesFiltering - skip non existing resourceDirectory C:\Users\adminn\Desktop\web-ay\server\movie-reservation\src\test\resources
2026-07-27 10:53:07,742 [Worker-41: Building] WARN  o.apache.maven.project.MavenProject - Plugin is modifying compileSourceRoots through clear(), which will not work in Maven 4.0.0. Use MavenProject.addCompileSourceRoot()/removeCompileSourceRoot() methods instead. If using a plugin, please upgrade to the latest version or report the issue to the plugin maintainer. To disable these warnings, set -Dmaven.project.sourceRoots.warningsDisabled=true on the command line, in the .mvn/maven.config file, or in project POM properties.
2026-07-27 10:53:07,742 [Worker-41: Building] WARN  o.apache.maven.project.MavenProject - Plugin is modifying compileSourceRoots through add(), which will not work in Maven 4.0.0. Use MavenProject.addCompileSourceRoot()/removeCompileSourceRoot() methods instead. If using a plugin, please upgrade to the latest version or report the issue to the plugin maintainer. To disable these warnings, set -Dmaven.project.sourceRoots.warningsDisabled=true on the command line, in the .mvn/maven.config file, or in project POM properties.
2026-07-27 10:53:07,742 [Worker-41: Building] WARN  o.apache.maven.project.MavenProject - Plugin is modifying testCompileSourceRoots through clear(), which will not work in Maven 4.0.0. Use MavenProject.addTestCompileSourceRoot()/removeTestCompileSourceRoot() methods instead. If using a plugin, please upgrade to the latest version or report the issue to the plugin maintainer. To disable these warnings, set -Dmaven.project.sourceRoots.warningsDisabled=true on the command line, in the .mvn/maven.config file, or in project POM properties.
2026-07-27 10:53:07,743 [Worker-41: Building] WARN  o.apache.maven.project.MavenProject - Plugin is modifying testCompileSourceRoots through add(), which will not work in Maven 4.0.0. Use MavenProject.addTestCompileSourceRoot()/removeTestCompileSourceRoot() methods instead. If using a plugin, please upgrade to the latest version or report the issue to the plugin maintainer. To disable these warnings, set -Dmaven.project.sourceRoots.warningsDisabled=true on the command line, in the .mvn/maven.config file, or in project POM properties.
2026-07-27 10:53:37,685 [Worker-43: Building] INFO  o.a.m.s.f.DefaultMavenResourcesFiltering - Copying 0 resource from src\main\resources to target\classes
2026-07-27 10:53:37,685 [Worker-43: Building] INFO  o.a.m.s.f.DefaultMavenResourcesFiltering - Copying 1 resource from src\main\resources to target\classes
2026-07-27 10:53:37,688 [Worker-43: Building] INFO  o.a.m.s.f.DefaultMavenResourcesFiltering - skip non existing resourceDirectory C:\Users\adminn\Desktop\web-ay\server\movie-reservation\src\test\resources
2026-07-27 10:53:37,688 [Worker-43: Building] WARN  o.apache.maven.project.MavenProject - Plugin is modifying compileSourceRoots through clear(), which will not work in Maven 4.0.0. Use MavenProject.addCompileSourceRoot()/removeCompileSourceRoot() methods instead. If using a plugin, please upgrade to the latest version or report the issue to the plugin maintainer. To disable these warnings, set -Dmaven.project.sourceRoots.warningsDisabled=true on the command line, in the .mvn/maven.config file, or in project POM properties.
2026-07-27 10:53:37,689 [Worker-43: Building] WARN  o.apache.maven.project.MavenProject - Plugin is modifying compileSourceRoots through add(), which will not work in Maven 4.0.0. Use MavenProject.addCompileSourceRoot()/removeCompileSourceRoot() methods instead. If using a plugin, please upgrade to the latest version or report the issue to the plugin maintainer. To disable these warnings, set -Dmaven.project.sourceRoots.warningsDisabled=true on the command line, in the .mvn/maven.config file, or in project POM properties.
2026-07-27 10:53:37,689 [Worker-43: Building] WARN  o.apache.maven.project.MavenProject - Plugin is modifying testCompileSourceRoots through clear(), which will not work in Maven 4.0.0. Use MavenProject.addTestCompileSourceRoot()/removeTestCompileSourceRoot() methods instead. If using a plugin, please upgrade to the latest version or report the issue to the plugin maintainer. To disable these warnings, set -Dmaven.project.sourceRoots.warningsDisabled=true on the command line, in the .mvn/maven.config file, or in project POM properties.
2026-07-27 10:53:37,690 [Worker-43: Building] WARN  o.apache.maven.project.MavenProject - Plugin is modifying testCompileSourceRoots through add(), which will not work in Maven 4.0.0. Use MavenProject.addTestCompileSourceRoot()/removeTestCompileSourceRoot() methods instead. If using a plugin, please upgrade to the latest version or report the issue to the plugin maintainer. To disable these warnings, set -Dmaven.project.sourceRoots.warningsDisabled=true on the command line, in the .mvn/maven.config file, or in project POM properties.
2026-07-27 10:53:52,469 [Worker-6: Building] INFO  o.a.m.s.f.DefaultMavenResourcesFiltering - Copying 0 resource from src\main\resources to target\classes
2026-07-27 10:53:52,470 [Worker-6: Building] INFO  o.a.m.s.f.DefaultMavenResourcesFiltering - Copying 1 resource from src\main\resources to target\classes
2026-07-27 10:53:52,473 [Worker-6: Building] INFO  o.a.m.s.f.DefaultMavenResourcesFiltering - skip non existing resourceDirectory C:\Users\adminn\Desktop\web-ay\server\movie-reservation\src\test\resources
2026-07-27 10:53:52,473 [Worker-6: Building] WARN  o.apache.maven.project.MavenProject - Plugin is modifying compileSourceRoots through clear(), which will not work in Maven 4.0.0. Use MavenProject.addCompileSourceRoot()/removeCompileSourceRoot() methods instead. If using a plugin, please upgrade to the latest version or report the issue to the plugin maintainer. To disable these warnings, set -Dmaven.project.sourceRoots.warningsDisabled=true on the command line, in the .mvn/maven.config file, or in project POM properties.
2026-07-27 10:53:52,473 [Worker-6: Building] WARN  o.apache.maven.project.MavenProject - Plugin is modifying compileSourceRoots through add(), which will not work in Maven 4.0.0. Use MavenProject.addCompileSourceRoot()/removeCompileSourceRoot() methods instead. If using a plugin, please upgrade to the latest version or report the issue to the plugin maintainer. To disable these warnings, set -Dmaven.project.sourceRoots.warningsDisabled=true on the command line, in the .mvn/maven.config file, or in project POM properties.
2026-07-27 10:53:52,474 [Worker-6: Building] WARN  o.apache.maven.project.MavenProject - Plugin is modifying testCompileSourceRoots through clear(), which will not work in Maven 4.0.0. Use MavenProject.addTestCompileSourceRoot()/removeTestCompileSourceRoot() methods instead. If using a plugin, please upgrade to the latest version or report the issue to the plugin maintainer. To disable these warnings, set -Dmaven.project.sourceRoots.warningsDisabled=true on the command line, in the .mvn/maven.config file, or in project POM properties.
2026-07-27 10:53:52,474 [Worker-6: Building] WARN  o.apache.maven.project.MavenProject - Plugin is modifying testCompileSourceRoots through add(), which will not work in Maven 4.0.0. Use MavenProject.addTestCompileSourceRoot()/removeTestCompileSourceRoot() methods instead. If using a plugin, please upgrade to the latest version or report the issue to the plugin maintainer. To disable these warnings, set -Dmaven.project.sourceRoots.warningsDisabled=true on the command line, in the .mvn/maven.config file, or in project POM properties.
2026-07-27 10:54:08,276 [Worker-43: Building] INFO  o.a.m.s.f.DefaultMavenResourcesFiltering - Copying 1 resource from src\main\resources to target\classes
2026-07-27 10:54:08,280 [Worker-43: Building] INFO  o.a.m.s.f.DefaultMavenResourcesFiltering - Copying 2 resources from src\main\resources to target\classes
2026-07-27 10:54:08,283 [Worker-43: Building] INFO  o.a.m.s.f.DefaultMavenResourcesFiltering - skip non existing resourceDirectory C:\Users\adminn\Desktop\web-ay\server\movie-reservation\src\test\resources
2026-07-27 10:54:08,283 [Worker-43: Building] WARN  o.apache.maven.project.MavenProject - Plugin is modifying compileSourceRoots through clear(), which will not work in Maven 4.0.0. Use MavenProject.addCompileSourceRoot()/removeCompileSourceRoot() methods instead. If using a plugin, please upgrade to the latest version or report the issue to the plugin maintainer. To disable these warnings, set -Dmaven.project.sourceRoots.warningsDisabled=true on the command line, in the .mvn/maven.config file, or in project POM properties.
2026-07-27 10:54:08,284 [Worker-43: Building] WARN  o.apache.maven.project.MavenProject - Plugin is modifying compileSourceRoots through add(), which will not work in Maven 4.0.0. Use MavenProject.addCompileSourceRoot()/removeCompileSourceRoot() methods instead. If using a plugin, please upgrade to the latest version or report the issue to the plugin maintainer. To disable these warnings, set -Dmaven.project.sourceRoots.warningsDisabled=true on the command line, in the .mvn/maven.config file, or in project POM properties.
2026-07-27 10:54:08,285 [Worker-43: Building] WARN  o.apache.maven.project.MavenProject - Plugin is modifying testCompileSourceRoots through clear(), which will not work in Maven 4.0.0. Use MavenProject.addTestCompileSourceRoot()/removeTestCompileSourceRoot() methods instead. If using a plugin, please upgrade to the latest version or report the issue to the plugin maintainer. To disable these warnings, set -Dmaven.project.sourceRoots.warningsDisabled=true on the command line, in the .mvn/maven.config file, or in project POM properties.
2026-07-27 10:54:08,285 [Worker-43: Building] WARN  o.apache.maven.project.MavenProject - Plugin is modifying testCompileSourceRoots through add(), which will not work in Maven 4.0.0. Use MavenProject.addTestCompileSourceRoot()/removeTestCompileSourceRoot() methods instead. If using a plugin, please upgrade to the latest version or report the issue to the plugin maintainer. To disable these warnings, set -Dmaven.project.sourceRoots.warningsDisabled=true on the command line, in the .mvn/maven.config file, or in project POM properties.
2026-07-27 10:57:12,296 [Worker-41: Building] INFO  o.a.m.s.f.DefaultMavenResourcesFiltering - Copying 1 resource from src\main\resources to target\classes
2026-07-27 10:57:12,300 [Worker-41: Building] INFO  o.a.m.s.f.DefaultMavenResourcesFiltering - Copying 2 resources from src\main\resources to target\classes
2026-07-27 10:57:12,302 [Worker-41: Building] INFO  o.a.m.s.f.DefaultMavenResourcesFiltering - skip non existing resourceDirectory C:\Users\adminn\Desktop\web-ay\server\movie-reservation\src\test\resources
2026-07-27 10:57:12,302 [Worker-41: Building] WARN  o.apache.maven.project.MavenProject - Plugin is modifying compileSourceRoots through clear(), which will not work in Maven 4.0.0. Use MavenProject.addCompileSourceRoot()/removeCompileSourceRoot() methods instead. If using a plugin, please upgrade to the latest version or report the issue to the plugin maintainer. To disable these warnings, set -Dmaven.project.sourceRoots.warningsDisabled=true on the command line, in the .mvn/maven.config file, or in project POM properties.
2026-07-27 10:57:12,302 [Worker-41: Building] WARN  o.apache.maven.project.MavenProject - Plugin is modifying compileSourceRoots through add(), which will not work in Maven 4.0.0. Use MavenProject.addCompileSourceRoot()/removeCompileSourceRoot() methods instead. If using a plugin, please upgrade to the latest version or report the issue to the plugin maintainer. To disable these warnings, set -Dmaven.project.sourceRoots.warningsDisabled=true on the command line, in the .mvn/maven.config file, or in project POM properties.
2026-07-27 10:57:12,302 [Worker-41: Building] WARN  o.apache.maven.project.MavenProject - Plugin is modifying testCompileSourceRoots through clear(), which will not work in Maven 4.0.0. Use MavenProject.addTestCompileSourceRoot()/removeTestCompileSourceRoot() methods instead. If using a plugin, please upgrade to the latest version or report the issue to the plugin maintainer. To disable these warnings, set -Dmaven.project.sourceRoots.warningsDisabled=true on the command line, in the .mvn/maven.config file, or in project POM properties.
2026-07-27 10:57:12,304 [Worker-41: Building] WARN  o.apache.maven.project.MavenProject - Plugin is modifying testCompileSourceRoots through add(), which will not work in Maven 4.0.0. Use MavenProject.addTestCompileSourceRoot()/removeTestCompileSourceRoot() methods instead. If using a plugin, please upgrade to the latest version or report the issue to the plugin maintainer. To disable these warnings, set -Dmaven.project.sourceRoots.warningsDisabled=true on the command line, in the .mvn/maven.config file, or in project POM properties.
2026-07-27 10:57:26,954 [Worker-43: Building] INFO  o.a.m.s.f.DefaultMavenResourcesFiltering - Copying 1 resource from src\main\resources to target\classes
2026-07-27 10:57:26,958 [Worker-43: Building] INFO  o.a.m.s.f.DefaultMavenResourcesFiltering - Copying 2 resources from src\main\resources to target\classes
2026-07-27 10:57:26,960 [Worker-43: Building] INFO  o.a.m.s.f.DefaultMavenResourcesFiltering - skip non existing resourceDirectory C:\Users\adminn\Desktop\web-ay\server\movie-reservation\src\test\resources
2026-07-27 10:57:26,961 [Worker-43: Building] WARN  o.apache.maven.project.MavenProject - Plugin is modifying compileSourceRoots through clear(), which will not work in Maven 4.0.0. Use MavenProject.addCompileSourceRoot()/removeCompileSourceRoot() methods instead. If using a plugin, please upgrade to the latest version or report the issue to the plugin maintainer. To disable these warnings, set -Dmaven.project.sourceRoots.warningsDisabled=true on the command line, in the .mvn/maven.config file, or in project POM properties.
2026-07-27 10:57:26,961 [Worker-43: Building] WARN  o.apache.maven.project.MavenProject - Plugin is modifying compileSourceRoots through add(), which will not work in Maven 4.0.0. Use MavenProject.addCompileSourceRoot()/removeCompileSourceRoot() methods instead. If using a plugin, please upgrade to the latest version or report the issue to the plugin maintainer. To disable these warnings, set -Dmaven.project.sourceRoots.warningsDisabled=true on the command line, in the .mvn/maven.config file, or in project POM properties.
2026-07-27 10:57:26,962 [Worker-43: Building] WARN  o.apache.maven.project.MavenProject - Plugin is modifying testCompileSourceRoots through clear(), which will not work in Maven 4.0.0. Use MavenProject.addTestCompileSourceRoot()/removeTestCompileSourceRoot() methods instead. If using a plugin, please upgrade to the latest version or report the issue to the plugin maintainer. To disable these warnings, set -Dmaven.project.sourceRoots.warningsDisabled=true on the command line, in the .mvn/maven.config file, or in project POM properties.
2026-07-27 10:57:26,962 [Worker-43: Building] WARN  o.apache.maven.project.MavenProject - Plugin is modifying testCompileSourceRoots through add(), which will not work in Maven 4.0.0. Use MavenProject.addTestCompileSourceRoot()/removeTestCompileSourceRoot() methods instead. If using a plugin, please upgrade to the latest version or report the issue to the plugin maintainer. To disable these warnings, set -Dmaven.project.sourceRoots.warningsDisabled=true on the command line, in the .mvn/maven.config file, or in project POM properties.
2026-07-27 10:59:07,136 [Worker-12: Building] INFO  o.a.m.s.f.DefaultMavenResourcesFiltering - Copying 1 resource from src\main\resources to target\classes
2026-07-27 10:59:07,155 [Worker-12: Building] INFO  o.a.m.s.f.DefaultMavenResourcesFiltering - Copying 2 resources from src\main\resources to target\classes
2026-07-27 10:59:07,159 [Worker-12: Building] INFO  o.a.m.s.f.DefaultMavenResourcesFiltering - skip non existing resourceDirectory C:\Users\adminn\Desktop\web-ay\server\movie-reservation\src\test\resources
2026-07-27 10:59:07,160 [Worker-12: Building] WARN  o.apache.maven.project.MavenProject - Plugin is modifying compileSourceRoots through clear(), which will not work in Maven 4.0.0. Use MavenProject.addCompileSourceRoot()/removeCompileSourceRoot() methods instead. If using a plugin, please upgrade to the latest version or report the issue to the plugin maintainer. To disable these warnings, set -Dmaven.project.sourceRoots.warningsDisabled=true on the command line, in the .mvn/maven.config file, or in project POM properties.
2026-07-27 10:59:07,160 [Worker-12: Building] WARN  o.apache.maven.project.MavenProject - Plugin is modifying compileSourceRoots through add(), which will not work in Maven 4.0.0. Use MavenProject.addCompileSourceRoot()/removeCompileSourceRoot() methods instead. If using a plugin, please upgrade to the latest version or report the issue to the plugin maintainer. To disable these warnings, set -Dmaven.project.sourceRoots.warningsDisabled=true on the command line, in the .mvn/maven.config file, or in project POM properties.
2026-07-27 10:59:07,161 [Worker-12: Building] WARN  o.apache.maven.project.MavenProject - Plugin is modifying testCompileSourceRoots through clear(), which will not work in Maven 4.0.0. Use MavenProject.addTestCompileSourceRoot()/removeTestCompileSourceRoot() methods instead. If using a plugin, please upgrade to the latest version or report the issue to the plugin maintainer. To disable these warnings, set -Dmaven.project.sourceRoots.warningsDisabled=true on the command line, in the .mvn/maven.config file, or in project POM properties.
2026-07-27 10:59:07,161 [Worker-12: Building] WARN  o.apache.maven.project.MavenProject - Plugin is modifying testCompileSourceRoots through add(), which will not work in Maven 4.0.0. Use MavenProject.addTestCompileSourceRoot()/removeTestCompileSourceRoot() methods instead. If using a plugin, please upgrade to the latest version or report the issue to the plugin maintainer. To disable these warnings, set -Dmaven.project.sourceRoots.warningsDisabled=true on the command line, in the .mvn/maven.config file, or in project POM properties.
2026-07-27 10:59:18,300 [Worker-44: Building] INFO  o.a.m.s.f.DefaultMavenResourcesFiltering - Copying 1 resource from src\main\resources to target\classes
2026-07-27 10:59:18,305 [Worker-44: Building] INFO  o.a.m.s.f.DefaultMavenResourcesFiltering - Copying 2 resources from src\main\resources to target\classes
2026-07-27 10:59:18,307 [Worker-44: Building] INFO  o.a.m.s.f.DefaultMavenResourcesFiltering - skip non existing resourceDirectory C:\Users\adminn\Desktop\web-ay\server\movie-reservation\src\test\resources
2026-07-27 10:59:18,307 [Worker-44: Building] WARN  o.apache.maven.project.MavenProject - Plugin is modifying compileSourceRoots through clear(), which will not work in Maven 4.0.0. Use MavenProject.addCompileSourceRoot()/removeCompileSourceRoot() methods instead. If using a plugin, please upgrade to the latest version or report the issue to the plugin maintainer. To disable these warnings, set -Dmaven.project.sourceRoots.warningsDisabled=true on the command line, in the .mvn/maven.config file, or in project POM properties.
2026-07-27 10:59:18,308 [Worker-44: Building] WARN  o.apache.maven.project.MavenProject - Plugin is modifying compileSourceRoots through add(), which will not work in Maven 4.0.0. Use MavenProject.addCompileSourceRoot()/removeCompileSourceRoot() methods instead. If using a plugin, please upgrade to the latest version or report the issue to the plugin maintainer. To disable these warnings, set -Dmaven.project.sourceRoots.warningsDisabled=true on the command line, in the .mvn/maven.config file, or in project POM properties.
2026-07-27 10:59:18,308 [Worker-44: Building] WARN  o.apache.maven.project.MavenProject - Plugin is modifying testCompileSourceRoots through clear(), which will not work in Maven 4.0.0. Use MavenProject.addTestCompileSourceRoot()/removeTestCompileSourceRoot() methods instead. If using a plugin, please upgrade to the latest version or report the issue to the plugin maintainer. To disable these warnings, set -Dmaven.project.sourceRoots.warningsDisabled=true on the command line, in the .mvn/maven.config file, or in project POM properties.
2026-07-27 10:59:18,309 [Worker-44: Building] WARN  o.apache.maven.project.MavenProject - Plugin is modifying testCompileSourceRoots through add(), which will not work in Maven 4.0.0. Use MavenProject.addTestCompileSourceRoot()/removeTestCompileSourceRoot() methods instead. If using a plugin, please upgrade to the latest version or report the issue to the plugin maintainer. To disable these warnings, set -Dmaven.project.sourceRoots.warningsDisabled=true on the command line, in the .mvn/maven.config file, or in project POM properties.
2026-07-27 10:59:47,257 [Worker-6: Building] INFO  o.a.m.s.f.DefaultMavenResourcesFiltering - Copying 1 resource from src\main\resources to target\classes
2026-07-27 10:59:47,260 [Worker-6: Building] INFO  o.a.m.s.f.DefaultMavenResourcesFiltering - Copying 2 resources from src\main\resources to target\classes
2026-07-27 10:59:47,262 [Worker-6: Building] INFO  o.a.m.s.f.DefaultMavenResourcesFiltering - skip non existing resourceDirectory C:\Users\adminn\Desktop\web-ay\server\movie-reservation\src\test\resources
2026-07-27 10:59:47,262 [Worker-6: Building] WARN  o.apache.maven.project.MavenProject - Plugin is modifying compileSourceRoots through clear(), which will not work in Maven 4.0.0. Use MavenProject.addCompileSourceRoot()/removeCompileSourceRoot() methods instead. If using a plugin, please upgrade to the latest version or report the issue to the plugin maintainer. To disable these warnings, set -Dmaven.project.sourceRoots.warningsDisabled=true on the command line, in the .mvn/maven.config file, or in project POM properties.
2026-07-27 10:59:47,263 [Worker-6: Building] WARN  o.apache.maven.project.MavenProject - Plugin is modifying compileSourceRoots through add(), which will not work in Maven 4.0.0. Use MavenProject.addCompileSourceRoot()/removeCompileSourceRoot() methods instead. If using a plugin, please upgrade to the latest version or report the issue to the plugin maintainer. To disable these warnings, set -Dmaven.project.sourceRoots.warningsDisabled=true on the command line, in the .mvn/maven.config file, or in project POM properties.
2026-07-27 10:59:47,263 [Worker-6: Building] WARN  o.apache.maven.project.MavenProject - Plugin is modifying testCompileSourceRoots through clear(), which will not work in Maven 4.0.0. Use MavenProject.addTestCompileSourceRoot()/removeTestCompileSourceRoot() methods instead. If using a plugin, please upgrade to the latest version or report the issue to the plugin maintainer. To disable these warnings, set -Dmaven.project.sourceRoots.warningsDisabled=true on the command line, in the .mvn/maven.config file, or in project POM properties.
2026-07-27 10:59:47,263 [Worker-6: Building] WARN  o.apache.maven.project.MavenProject - Plugin is modifying testCompileSourceRoots through add(), which will not work in Maven 4.0.0. Use MavenProject.addTestCompileSourceRoot()/removeTestCompileSourceRoot() methods instead. If using a plugin, please upgrade to the latest version or report the issue to the plugin maintainer. To disable these warnings, set -Dmaven.project.sourceRoots.warningsDisabled=true on the command line, in the .mvn/maven.config file, or in project POM properties.
2026-07-27 10:59:58,429 [Worker-40: Building] INFO  o.a.m.s.f.DefaultMavenResourcesFiltering - Copying 1 resource from src\main\resources to target\classes
2026-07-27 10:59:58,434 [Worker-40: Building] INFO  o.a.m.s.f.DefaultMavenResourcesFiltering - Copying 2 resources from src\main\resources to target\classes
2026-07-27 10:59:58,437 [Worker-40: Building] INFO  o.a.m.s.f.DefaultMavenResourcesFiltering - skip non existing resourceDirectory C:\Users\adminn\Desktop\web-ay\server\movie-reservation\src\test\resources
2026-07-27 10:59:58,438 [Worker-40: Building] WARN  o.apache.maven.project.MavenProject - Plugin is modifying compileSourceRoots through clear(), which will not work in Maven 4.0.0. Use MavenProject.addCompileSourceRoot()/removeCompileSourceRoot() methods instead. If using a plugin, please upgrade to the latest version or report the issue to the plugin maintainer. To disable these warnings, set -Dmaven.project.sourceRoots.warningsDisabled=true on the command line, in the .mvn/maven.config file, or in project POM properties.
2026-07-27 10:59:58,438 [Worker-40: Building] WARN  o.apache.maven.project.MavenProject - Plugin is modifying compileSourceRoots through add(), which will not work in Maven 4.0.0. Use MavenProject.addCompileSourceRoot()/removeCompileSourceRoot() methods instead. If using a plugin, please upgrade to the latest version or report the issue to the plugin maintainer. To disable these warnings, set -Dmaven.project.sourceRoots.warningsDisabled=true on the command line, in the .mvn/maven.config file, or in project POM properties.
2026-07-27 10:59:58,438 [Worker-40: Building] WARN  o.apache.maven.project.MavenProject - Plugin is modifying testCompileSourceRoots through clear(), which will not work in Maven 4.0.0. Use MavenProject.addTestCompileSourceRoot()/removeTestCompileSourceRoot() methods instead. If using a plugin, please upgrade to the latest version or report the issue to the plugin maintainer. To disable these warnings, set -Dmaven.project.sourceRoots.warningsDisabled=true on the command line, in the .mvn/maven.config file, or in project POM properties.
2026-07-27 10:59:58,439 [Worker-40: Building] WARN  o.apache.maven.project.MavenProject - Plugin is modifying testCompileSourceRoots through add(), which will not work in Maven 4.0.0. Use MavenProject.addTestCompileSourceRoot()/removeTestCompileSourceRoot() methods instead. If using a plugin, please upgrade to the latest version or report the issue to the plugin maintainer. To disable these warnings, set -Dmaven.project.sourceRoots.warningsDisabled=true on the command line, in the .mvn/maven.config file, or in project POM properties.
2026-07-27 11:00:30,196 [Worker-6: Building] INFO  o.a.m.s.f.DefaultMavenResourcesFiltering - Copying 1 resource from src\main\resources to target\classes
2026-07-27 11:00:30,198 [Worker-6: Building] INFO  o.a.m.s.f.DefaultMavenResourcesFiltering - Copying 2 resources from src\main\resources to target\classes
2026-07-27 11:00:30,201 [Worker-6: Building] INFO  o.a.m.s.f.DefaultMavenResourcesFiltering - skip non existing resourceDirectory C:\Users\adminn\Desktop\web-ay\server\movie-reservation\src\test\resources
2026-07-27 11:00:30,201 [Worker-6: Building] WARN  o.apache.maven.project.MavenProject - Plugin is modifying compileSourceRoots through clear(), which will not work in Maven 4.0.0. Use MavenProject.addCompileSourceRoot()/removeCompileSourceRoot() methods instead. If using a plugin, please upgrade to the latest version or report the issue to the plugin maintainer. To disable these warnings, set -Dmaven.project.sourceRoots.warningsDisabled=true on the command line, in the .mvn/maven.config file, or in project POM properties.
2026-07-27 11:00:30,201 [Worker-6: Building] WARN  o.apache.maven.project.MavenProject - Plugin is modifying compileSourceRoots through add(), which will not work in Maven 4.0.0. Use MavenProject.addCompileSourceRoot()/removeCompileSourceRoot() methods instead. If using a plugin, please upgrade to the latest version or report the issue to the plugin maintainer. To disable these warnings, set -Dmaven.project.sourceRoots.warningsDisabled=true on the command line, in the .mvn/maven.config file, or in project POM properties.
2026-07-27 11:00:30,201 [Worker-6: Building] WARN  o.apache.maven.project.MavenProject - Plugin is modifying testCompileSourceRoots through clear(), which will not work in Maven 4.0.0. Use MavenProject.addTestCompileSourceRoot()/removeTestCompileSourceRoot() methods instead. If using a plugin, please upgrade to the latest version or report the issue to the plugin maintainer. To disable these warnings, set -Dmaven.project.sourceRoots.warningsDisabled=true on the command line, in the .mvn/maven.config file, or in project POM properties.
2026-07-27 11:00:30,202 [Worker-6: Building] WARN  o.apache.maven.project.MavenProject - Plugin is modifying testCompileSourceRoots through add(), which will not work in Maven 4.0.0. Use MavenProject.addTestCompileSourceRoot()/removeTestCompileSourceRoot() methods instead. If using a plugin, please upgrade to the latest version or report the issue to the plugin maintainer. To disable these warnings, set -Dmaven.project.sourceRoots.warningsDisabled=true on the command line, in the .mvn/maven.config file, or in project POM properties.
2026-07-27 11:08:12,452 [Worker-48: Building] INFO  o.a.m.s.f.DefaultMavenResourcesFiltering - Copying 1 resource from src\main\resources to target\classes
2026-07-27 11:08:12,465 [Worker-48: Building] INFO  o.a.m.s.f.DefaultMavenResourcesFiltering - Copying 0 resource from src\main\resources to target\classes
2026-07-27 11:08:12,470 [Worker-48: Building] INFO  o.a.m.s.f.DefaultMavenResourcesFiltering - skip non existing resourceDirectory C:\Users\adminn\Desktop\web-ay\server\ex_0723\src\test\resources
2026-07-27 11:08:12,511 [Worker-48: Building] WARN  o.apache.maven.project.MavenProject - Plugin is modifying compileSourceRoots through clear(), which will not work in Maven 4.0.0. Use MavenProject.addCompileSourceRoot()/removeCompileSourceRoot() methods instead. If using a plugin, please upgrade to the latest version or report the issue to the plugin maintainer. To disable these warnings, set -Dmaven.project.sourceRoots.warningsDisabled=true on the command line, in the .mvn/maven.config file, or in project POM properties.
2026-07-27 11:08:12,512 [Worker-48: Building] WARN  o.apache.maven.project.MavenProject - Plugin is modifying compileSourceRoots through add(), which will not work in Maven 4.0.0. Use MavenProject.addCompileSourceRoot()/removeCompileSourceRoot() methods instead. If using a plugin, please upgrade to the latest version or report the issue to the plugin maintainer. To disable these warnings, set -Dmaven.project.sourceRoots.warningsDisabled=true on the command line, in the .mvn/maven.config file, or in project POM properties.
2026-07-27 11:08:12,512 [Worker-48: Building] WARN  o.apache.maven.project.MavenProject - Plugin is modifying testCompileSourceRoots through clear(), which will not work in Maven 4.0.0. Use MavenProject.addTestCompileSourceRoot()/removeTestCompileSourceRoot() methods instead. If using a plugin, please upgrade to the latest version or report the issue to the plugin maintainer. To disable these warnings, set -Dmaven.project.sourceRoots.warningsDisabled=true on the command line, in the .mvn/maven.config file, or in project POM properties.
2026-07-27 11:08:12,512 [Worker-48: Building] WARN  o.apache.maven.project.MavenProject - Plugin is modifying testCompileSourceRoots through add(), which will not work in Maven 4.0.0. Use MavenProject.addTestCompileSourceRoot()/removeTestCompileSourceRoot() methods instead. If using a plugin, please upgrade to the latest version or report the issue to the plugin maintainer. To disable these warnings, set -Dmaven.project.sourceRoots.warningsDisabled=true on the command line, in the .mvn/maven.config file, or in project POM properties.
2026-07-27 11:08:12,637 [Worker-48: Building] INFO  o.a.m.s.f.DefaultMavenResourcesFiltering - Copying 1 resource from src\main\resources to target\classes
2026-07-27 11:08:12,639 [Worker-48: Building] INFO  o.a.m.s.f.DefaultMavenResourcesFiltering - Copying 2 resources from src\main\resources to target\classes
2026-07-27 11:08:12,647 [Worker-48: Building] INFO  o.a.m.s.f.DefaultMavenResourcesFiltering - skip non existing resourceDirectory C:\Users\adminn\Desktop\web-ay\server\movie-reservation\src\test\resources
2026-07-27 11:08:12,672 [Worker-48: Building] WARN  o.apache.maven.project.MavenProject - Plugin is modifying compileSourceRoots through clear(), which will not work in Maven 4.0.0. Use MavenProject.addCompileSourceRoot()/removeCompileSourceRoot() methods instead. If using a plugin, please upgrade to the latest version or report the issue to the plugin maintainer. To disable these warnings, set -Dmaven.project.sourceRoots.warningsDisabled=true on the command line, in the .mvn/maven.config file, or in project POM properties.
2026-07-27 11:08:12,673 [Worker-48: Building] WARN  o.apache.maven.project.MavenProject - Plugin is modifying compileSourceRoots through add(), which will not work in Maven 4.0.0. Use MavenProject.addCompileSourceRoot()/removeCompileSourceRoot() methods instead. If using a plugin, please upgrade to the latest version or report the issue to the plugin maintainer. To disable these warnings, set -Dmaven.project.sourceRoots.warningsDisabled=true on the command line, in the .mvn/maven.config file, or in project POM properties.
2026-07-27 11:08:12,674 [Worker-48: Building] WARN  o.apache.maven.project.MavenProject - Plugin is modifying testCompileSourceRoots through clear(), which will not work in Maven 4.0.0. Use MavenProject.addTestCompileSourceRoot()/removeTestCompileSourceRoot() methods instead. If using a plugin, please upgrade to the latest version or report the issue to the plugin maintainer. To disable these warnings, set -Dmaven.project.sourceRoots.warningsDisabled=true on the command line, in the .mvn/maven.config file, or in project POM properties.
2026-07-27 11:08:12,676 [Worker-48: Building] WARN  o.apache.maven.project.MavenProject - Plugin is modifying testCompileSourceRoots through add(), which will not work in Maven 4.0.0. Use MavenProject.addTestCompileSourceRoot()/removeTestCompileSourceRoot() methods instead. If using a plugin, please upgrade to the latest version or report the issue to the plugin maintainer. To disable these warnings, set -Dmaven.project.sourceRoots.warningsDisabled=true on the command line, in the .mvn/maven.config file, or in project POM properties.
2026-07-27 11:08:12,845 [Worker-48: Building] INFO  o.a.m.s.f.DefaultMavenResourcesFiltering - Copying 1 resource from src\main\resources to target\classes
2026-07-27 11:08:12,878 [Worker-48: Building] INFO  o.a.m.s.f.DefaultMavenResourcesFiltering - Copying 1 resource from src\main\resources to target\classes
2026-07-27 11:08:12,887 [Worker-48: Building] INFO  o.a.m.s.f.DefaultMavenResourcesFiltering - skip non existing resourceDirectory C:\Users\adminn\Desktop\web-ay\server\petclinic\src\test\resources
2026-07-27 11:08:12,914 [Worker-48: Building] WARN  o.apache.maven.project.MavenProject - Plugin is modifying compileSourceRoots through clear(), which will not work in Maven 4.0.0. Use MavenProject.addCompileSourceRoot()/removeCompileSourceRoot() methods instead. If using a plugin, please upgrade to the latest version or report the issue to the plugin maintainer. To disable these warnings, set -Dmaven.project.sourceRoots.warningsDisabled=true on the command line, in the .mvn/maven.config file, or in project POM properties.
2026-07-27 11:08:12,915 [Worker-48: Building] WARN  o.apache.maven.project.MavenProject - Plugin is modifying compileSourceRoots through add(), which will not work in Maven 4.0.0. Use MavenProject.addCompileSourceRoot()/removeCompileSourceRoot() methods instead. If using a plugin, please upgrade to the latest version or report the issue to the plugin maintainer. To disable these warnings, set -Dmaven.project.sourceRoots.warningsDisabled=true on the command line, in the .mvn/maven.config file, or in project POM properties.
2026-07-27 11:08:12,917 [Worker-48: Building] WARN  o.apache.maven.project.MavenProject - Plugin is modifying testCompileSourceRoots through clear(), which will not work in Maven 4.0.0. Use MavenProject.addTestCompileSourceRoot()/removeTestCompileSourceRoot() methods instead. If using a plugin, please upgrade to the latest version or report the issue to the plugin maintainer. To disable these warnings, set -Dmaven.project.sourceRoots.warningsDisabled=true on the command line, in the .mvn/maven.config file, or in project POM properties.
2026-07-27 11:08:12,918 [Worker-48: Building] WARN  o.apache.maven.project.MavenProject - Plugin is modifying testCompileSourceRoots through add(), which will not work in Maven 4.0.0. Use MavenProject.addTestCompileSourceRoot()/removeTestCompileSourceRoot() methods instead. If using a plugin, please upgrade to the latest version or report the issue to the plugin maintainer. To disable these warnings, set -Dmaven.project.sourceRoots.warningsDisabled=true on the command line, in the .mvn/maven.config file, or in project POM properties.
2026-07-27 11:08:48,465 [Worker-49: Building] INFO  o.a.m.s.f.DefaultMavenResourcesFiltering - Copying 1 resource from src\main\resources to target\classes
2026-07-27 11:08:48,467 [Worker-49: Building] INFO  o.a.m.s.f.DefaultMavenResourcesFiltering - Copying 0 resource from src\main\resources to target\classes
2026-07-27 11:08:48,469 [Worker-49: Building] INFO  o.a.m.s.f.DefaultMavenResourcesFiltering - skip non existing resourceDirectory C:\Users\adminn\Desktop\web-ay\server\ex_0723\src\test\resources
2026-07-27 11:08:48,480 [Worker-49: Building] WARN  o.apache.maven.project.MavenProject - Plugin is modifying compileSourceRoots through clear(), which will not work in Maven 4.0.0. Use MavenProject.addCompileSourceRoot()/removeCompileSourceRoot() methods instead. If using a plugin, please upgrade to the latest version or report the issue to the plugin maintainer. To disable these warnings, set -Dmaven.project.sourceRoots.warningsDisabled=true on the command line, in the .mvn/maven.config file, or in project POM properties.
2026-07-27 11:08:48,480 [Worker-49: Building] WARN  o.apache.maven.project.MavenProject - Plugin is modifying compileSourceRoots through add(), which will not work in Maven 4.0.0. Use MavenProject.addCompileSourceRoot()/removeCompileSourceRoot() methods instead. If using a plugin, please upgrade to the latest version or report the issue to the plugin maintainer. To disable these warnings, set -Dmaven.project.sourceRoots.warningsDisabled=true on the command line, in the .mvn/maven.config file, or in project POM properties.
2026-07-27 11:08:48,481 [Worker-49: Building] WARN  o.apache.maven.project.MavenProject - Plugin is modifying testCompileSourceRoots through clear(), which will not work in Maven 4.0.0. Use MavenProject.addTestCompileSourceRoot()/removeTestCompileSourceRoot() methods instead. If using a plugin, please upgrade to the latest version or report the issue to the plugin maintainer. To disable these warnings, set -Dmaven.project.sourceRoots.warningsDisabled=true on the command line, in the .mvn/maven.config file, or in project POM properties.
2026-07-27 11:08:48,481 [Worker-49: Building] WARN  o.apache.maven.project.MavenProject - Plugin is modifying testCompileSourceRoots through add(), which will not work in Maven 4.0.0. Use MavenProject.addTestCompileSourceRoot()/removeTestCompileSourceRoot() methods instead. If using a plugin, please upgrade to the latest version or report the issue to the plugin maintainer. To disable these warnings, set -Dmaven.project.sourceRoots.warningsDisabled=true on the command line, in the .mvn/maven.config file, or in project POM properties.
2026-07-27 11:08:48,547 [Worker-49: Building] INFO  o.a.m.s.f.DefaultMavenResourcesFiltering - Copying 1 resource from src\main\resources to target\classes
2026-07-27 11:08:48,549 [Worker-49: Building] INFO  o.a.m.s.f.DefaultMavenResourcesFiltering - Copying 2 resources from src\main\resources to target\classes
2026-07-27 11:08:48,555 [Worker-49: Building] INFO  o.a.m.s.f.DefaultMavenResourcesFiltering - skip non existing resourceDirectory C:\Users\adminn\Desktop\web-ay\server\movie-reservation\src\test\resources
2026-07-27 11:08:48,568 [Worker-49: Building] WARN  o.apache.maven.project.MavenProject - Plugin is modifying compileSourceRoots through clear(), which will not work in Maven 4.0.0. Use MavenProject.addCompileSourceRoot()/removeCompileSourceRoot() methods instead. If using a plugin, please upgrade to the latest version or report the issue to the plugin maintainer. To disable these warnings, set -Dmaven.project.sourceRoots.warningsDisabled=true on the command line, in the .mvn/maven.config file, or in project POM properties.
2026-07-27 11:08:48,569 [Worker-49: Building] WARN  o.apache.maven.project.MavenProject - Plugin is modifying compileSourceRoots through add(), which will not work in Maven 4.0.0. Use MavenProject.addCompileSourceRoot()/removeCompileSourceRoot() methods instead. If using a plugin, please upgrade to the latest version or report the issue to the plugin maintainer. To disable these warnings, set -Dmaven.project.sourceRoots.warningsDisabled=true on the command line, in the .mvn/maven.config file, or in project POM properties.
2026-07-27 11:08:48,569 [Worker-49: Building] WARN  o.apache.maven.project.MavenProject - Plugin is modifying testCompileSourceRoots through clear(), which will not work in Maven 4.0.0. Use MavenProject.addTestCompileSourceRoot()/removeTestCompileSourceRoot() methods instead. If using a plugin, please upgrade to the latest version or report the issue to the plugin maintainer. To disable these warnings, set -Dmaven.project.sourceRoots.warningsDisabled=true on the command line, in the .mvn/maven.config file, or in project POM properties.
2026-07-27 11:08:48,570 [Worker-49: Building] WARN  o.apache.maven.project.MavenProject - Plugin is modifying testCompileSourceRoots through add(), which will not work in Maven 4.0.0. Use MavenProject.addTestCompileSourceRoot()/removeTestCompileSourceRoot() methods instead. If using a plugin, please upgrade to the latest version or report the issue to the plugin maintainer. To disable these warnings, set -Dmaven.project.sourceRoots.warningsDisabled=true on the command line, in the .mvn/maven.config file, or in project POM properties.
2026-07-27 11:08:48,635 [Worker-49: Building] INFO  o.a.m.s.f.DefaultMavenResourcesFiltering - Copying 1 resource from src\main\resources to target\classes
2026-07-27 11:08:48,636 [Worker-49: Building] INFO  o.a.m.s.f.DefaultMavenResourcesFiltering - Copying 1 resource from src\main\resources to target\classes
2026-07-27 11:08:48,641 [Worker-49: Building] INFO  o.a.m.s.f.DefaultMavenResourcesFiltering - skip non existing resourceDirectory C:\Users\adminn\Desktop\web-ay\server\petclinic\src\test\resources
2026-07-27 11:08:48,654 [Worker-49: Building] WARN  o.apache.maven.project.MavenProject - Plugin is modifying compileSourceRoots through clear(), which will not work in Maven 4.0.0. Use MavenProject.addCompileSourceRoot()/removeCompileSourceRoot() methods instead. If using a plugin, please upgrade to the latest version or report the issue to the plugin maintainer. To disable these warnings, set -Dmaven.project.sourceRoots.warningsDisabled=true on the command line, in the .mvn/maven.config file, or in project POM properties.
2026-07-27 11:08:48,654 [Worker-49: Building] WARN  o.apache.maven.project.MavenProject - Plugin is modifying compileSourceRoots through add(), which will not work in Maven 4.0.0. Use MavenProject.addCompileSourceRoot()/removeCompileSourceRoot() methods instead. If using a plugin, please upgrade to the latest version or report the issue to the plugin maintainer. To disable these warnings, set -Dmaven.project.sourceRoots.warningsDisabled=true on the command line, in the .mvn/maven.config file, or in project POM properties.
2026-07-27 11:08:48,655 [Worker-49: Building] WARN  o.apache.maven.project.MavenProject - Plugin is modifying testCompileSourceRoots through clear(), which will not work in Maven 4.0.0. Use MavenProject.addTestCompileSourceRoot()/removeTestCompileSourceRoot() methods instead. If using a plugin, please upgrade to the latest version or report the issue to the plugin maintainer. To disable these warnings, set -Dmaven.project.sourceRoots.warningsDisabled=true on the command line, in the .mvn/maven.config file, or in project POM properties.
2026-07-27 11:08:48,655 [Worker-49: Building] WARN  o.apache.maven.project.MavenProject - Plugin is modifying testCompileSourceRoots through add(), which will not work in Maven 4.0.0. Use MavenProject.addTestCompileSourceRoot()/removeTestCompileSourceRoot() methods instead. If using a plugin, please upgrade to the latest version or report the issue to the plugin maintainer. To disable these warnings, set -Dmaven.project.sourceRoots.warningsDisabled=true on the command line, in the .mvn/maven.config file, or in project POM properties.
2026-07-27 11:09:07,931 [Worker-54: Building] INFO  o.a.m.s.f.DefaultMavenResourcesFiltering - Copying 1 resource from src\main\resources to target\classes
2026-07-27 11:09:07,935 [Worker-54: Building] INFO  o.a.m.s.f.DefaultMavenResourcesFiltering - Copying 0 resource from src\main\resources to target\classes
2026-07-27 11:09:07,937 [Worker-54: Building] INFO  o.a.m.s.f.DefaultMavenResourcesFiltering - skip non existing resourceDirectory C:\Users\adminn\Desktop\web-ay\server\movie-reservation\src\test\resources
2026-07-27 11:09:07,937 [Worker-54: Building] WARN  o.apache.maven.project.MavenProject - Plugin is modifying compileSourceRoots through clear(), which will not work in Maven 4.0.0. Use MavenProject.addCompileSourceRoot()/removeCompileSourceRoot() methods instead. If using a plugin, please upgrade to the latest version or report the issue to the plugin maintainer. To disable these warnings, set -Dmaven.project.sourceRoots.warningsDisabled=true on the command line, in the .mvn/maven.config file, or in project POM properties.
2026-07-27 11:09:07,937 [Worker-54: Building] WARN  o.apache.maven.project.MavenProject - Plugin is modifying compileSourceRoots through add(), which will not work in Maven 4.0.0. Use MavenProject.addCompileSourceRoot()/removeCompileSourceRoot() methods instead. If using a plugin, please upgrade to the latest version or report the issue to the plugin maintainer. To disable these warnings, set -Dmaven.project.sourceRoots.warningsDisabled=true on the command line, in the .mvn/maven.config file, or in project POM properties.
2026-07-27 11:09:07,938 [Worker-54: Building] WARN  o.apache.maven.project.MavenProject - Plugin is modifying testCompileSourceRoots through clear(), which will not work in Maven 4.0.0. Use MavenProject.addTestCompileSourceRoot()/removeTestCompileSourceRoot() methods instead. If using a plugin, please upgrade to the latest version or report the issue to the plugin maintainer. To disable these warnings, set -Dmaven.project.sourceRoots.warningsDisabled=true on the command line, in the .mvn/maven.config file, or in project POM properties.
2026-07-27 11:09:07,938 [Worker-54: Building] WARN  o.apache.maven.project.MavenProject - Plugin is modifying testCompileSourceRoots through add(), which will not work in Maven 4.0.0. Use MavenProject.addTestCompileSourceRoot()/removeTestCompileSourceRoot() methods instead. If using a plugin, please upgrade to the latest version or report the issue to the plugin maintainer. To disable these warnings, set -Dmaven.project.sourceRoots.warningsDisabled=true on the command line, in the .mvn/maven.config file, or in project POM properties.
2026-07-27 11:13:09,607 [Worker-57: Building] INFO  o.a.m.s.f.DefaultMavenResourcesFiltering - Copying 1 resource from src\main\resources to target\classes
2026-07-27 11:13:09,608 [Worker-57: Building] INFO  o.a.m.s.f.DefaultMavenResourcesFiltering - Copying 0 resource from src\main\resources to target\classes
2026-07-27 11:13:09,610 [Worker-57: Building] INFO  o.a.m.s.f.DefaultMavenResourcesFiltering - skip non existing resourceDirectory C:\Users\adminn\Desktop\web-ay\server\ex_0723\src\test\resources
2026-07-27 11:13:09,619 [Worker-57: Building] WARN  o.apache.maven.project.MavenProject - Plugin is modifying compileSourceRoots through clear(), which will not work in Maven 4.0.0. Use MavenProject.addCompileSourceRoot()/removeCompileSourceRoot() methods instead. If using a plugin, please upgrade to the latest version or report the issue to the plugin maintainer. To disable these warnings, set -Dmaven.project.sourceRoots.warningsDisabled=true on the command line, in the .mvn/maven.config file, or in project POM properties.
2026-07-27 11:13:09,619 [Worker-57: Building] WARN  o.apache.maven.project.MavenProject - Plugin is modifying compileSourceRoots through add(), which will not work in Maven 4.0.0. Use MavenProject.addCompileSourceRoot()/removeCompileSourceRoot() methods instead. If using a plugin, please upgrade to the latest version or report the issue to the plugin maintainer. To disable these warnings, set -Dmaven.project.sourceRoots.warningsDisabled=true on the command line, in the .mvn/maven.config file, or in project POM properties.
2026-07-27 11:13:09,619 [Worker-57: Building] WARN  o.apache.maven.project.MavenProject - Plugin is modifying testCompileSourceRoots through clear(), which will not work in Maven 4.0.0. Use MavenProject.addTestCompileSourceRoot()/removeTestCompileSourceRoot() methods instead. If using a plugin, please upgrade to the latest version or report the issue to the plugin maintainer. To disable these warnings, set -Dmaven.project.sourceRoots.warningsDisabled=true on the command line, in the .mvn/maven.config file, or in project POM properties.
2026-07-27 11:13:09,620 [Worker-57: Building] WARN  o.apache.maven.project.MavenProject - Plugin is modifying testCompileSourceRoots through add(), which will not work in Maven 4.0.0. Use MavenProject.addTestCompileSourceRoot()/removeTestCompileSourceRoot() methods instead. If using a plugin, please upgrade to the latest version or report the issue to the plugin maintainer. To disable these warnings, set -Dmaven.project.sourceRoots.warningsDisabled=true on the command line, in the .mvn/maven.config file, or in project POM properties.
2026-07-27 11:13:09,671 [Worker-57: Building] INFO  o.a.m.s.f.DefaultMavenResourcesFiltering - Copying 1 resource from src\main\resources to target\classes
2026-07-27 11:13:09,672 [Worker-57: Building] INFO  o.a.m.s.f.DefaultMavenResourcesFiltering - Copying 2 resources from src\main\resources to target\classes
2026-07-27 11:13:09,675 [Worker-57: Building] INFO  o.a.m.s.f.DefaultMavenResourcesFiltering - skip non existing resourceDirectory C:\Users\adminn\Desktop\web-ay\server\movie-reservation\src\test\resources
2026-07-27 11:13:09,683 [Worker-57: Building] WARN  o.apache.maven.project.MavenProject - Plugin is modifying compileSourceRoots through clear(), which will not work in Maven 4.0.0. Use MavenProject.addCompileSourceRoot()/removeCompileSourceRoot() methods instead. If using a plugin, please upgrade to the latest version or report the issue to the plugin maintainer. To disable these warnings, set -Dmaven.project.sourceRoots.warningsDisabled=true on the command line, in the .mvn/maven.config file, or in project POM properties.
2026-07-27 11:13:09,683 [Worker-57: Building] WARN  o.apache.maven.project.MavenProject - Plugin is modifying compileSourceRoots through add(), which will not work in Maven 4.0.0. Use MavenProject.addCompileSourceRoot()/removeCompileSourceRoot() methods instead. If using a plugin, please upgrade to the latest version or report the issue to the plugin maintainer. To disable these warnings, set -Dmaven.project.sourceRoots.warningsDisabled=true on the command line, in the .mvn/maven.config file, or in project POM properties.
2026-07-27 11:13:09,684 [Worker-57: Building] WARN  o.apache.maven.project.MavenProject - Plugin is modifying testCompileSourceRoots through clear(), which will not work in Maven 4.0.0. Use MavenProject.addTestCompileSourceRoot()/removeTestCompileSourceRoot() methods instead. If using a plugin, please upgrade to the latest version or report the issue to the plugin maintainer. To disable these warnings, set -Dmaven.project.sourceRoots.warningsDisabled=true on the command line, in the .mvn/maven.config file, or in project POM properties.
2026-07-27 11:13:09,684 [Worker-57: Building] WARN  o.apache.maven.project.MavenProject - Plugin is modifying testCompileSourceRoots through add(), which will not work in Maven 4.0.0. Use MavenProject.addTestCompileSourceRoot()/removeTestCompileSourceRoot() methods instead. If using a plugin, please upgrade to the latest version or report the issue to the plugin maintainer. To disable these warnings, set -Dmaven.project.sourceRoots.warningsDisabled=true on the command line, in the .mvn/maven.config file, or in project POM properties.
2026-07-27 11:13:09,726 [Worker-57: Building] INFO  o.a.m.s.f.DefaultMavenResourcesFiltering - Copying 1 resource from src\main\resources to target\classes
2026-07-27 11:13:09,727 [Worker-57: Building] INFO  o.a.m.s.f.DefaultMavenResourcesFiltering - Copying 1 resource from src\main\resources to target\classes
2026-07-27 11:13:09,730 [Worker-57: Building] INFO  o.a.m.s.f.DefaultMavenResourcesFiltering - skip non existing resourceDirectory C:\Users\adminn\Desktop\web-ay\server\petclinic\src\test\resources
2026-07-27 11:13:09,738 [Worker-57: Building] WARN  o.apache.maven.project.MavenProject - Plugin is modifying compileSourceRoots through clear(), which will not work in Maven 4.0.0. Use MavenProject.addCompileSourceRoot()/removeCompileSourceRoot() methods instead. If using a plugin, please upgrade to the latest version or report the issue to the plugin maintainer. To disable these warnings, set -Dmaven.project.sourceRoots.warningsDisabled=true on the command line, in the .mvn/maven.config file, or in project POM properties.
2026-07-27 11:13:09,739 [Worker-57: Building] WARN  o.apache.maven.project.MavenProject - Plugin is modifying compileSourceRoots through add(), which will not work in Maven 4.0.0. Use MavenProject.addCompileSourceRoot()/removeCompileSourceRoot() methods instead. If using a plugin, please upgrade to the latest version or report the issue to the plugin maintainer. To disable these warnings, set -Dmaven.project.sourceRoots.warningsDisabled=true on the command line, in the .mvn/maven.config file, or in project POM properties.
2026-07-27 11:13:09,739 [Worker-57: Building] WARN  o.apache.maven.project.MavenProject - Plugin is modifying testCompileSourceRoots through clear(), which will not work in Maven 4.0.0. Use MavenProject.addTestCompileSourceRoot()/removeTestCompileSourceRoot() methods instead. If using a plugin, please upgrade to the latest version or report the issue to the plugin maintainer. To disable these warnings, set -Dmaven.project.sourceRoots.warningsDisabled=true on the command line, in the .mvn/maven.config file, or in project POM properties.
2026-07-27 11:13:09,739 [Worker-57: Building] WARN  o.apache.maven.project.MavenProject - Plugin is modifying testCompileSourceRoots through add(), which will not work in Maven 4.0.0. Use MavenProject.addTestCompileSourceRoot()/removeTestCompileSourceRoot() methods instead. If using a plugin, please upgrade to the latest version or report the issue to the plugin maintainer. To disable these warnings, set -Dmaven.project.sourceRoots.warningsDisabled=true on the command line, in the .mvn/maven.config file, or in project POM properties.
2026-07-27 11:17:42,695 [Worker-41: Building] INFO  o.a.m.s.f.DefaultMavenResourcesFiltering - Copying 1 resource from src\main\resources to target\classes
2026-07-27 11:17:42,698 [Worker-41: Building] INFO  o.a.m.s.f.DefaultMavenResourcesFiltering - Copying 0 resource from src\main\resources to target\classes
2026-07-27 11:17:42,701 [Worker-41: Building] INFO  o.a.m.s.f.DefaultMavenResourcesFiltering - skip non existing resourceDirectory C:\Users\adminn\Desktop\web-ay\server\movie-reservation\src\test\resources
2026-07-27 11:17:42,701 [Worker-41: Building] WARN  o.apache.maven.project.MavenProject - Plugin is modifying compileSourceRoots through clear(), which will not work in Maven 4.0.0. Use MavenProject.addCompileSourceRoot()/removeCompileSourceRoot() methods instead. If using a plugin, please upgrade to the latest version or report the issue to the plugin maintainer. To disable these warnings, set -Dmaven.project.sourceRoots.warningsDisabled=true on the command line, in the .mvn/maven.config file, or in project POM properties.
2026-07-27 11:17:42,702 [Worker-41: Building] WARN  o.apache.maven.project.MavenProject - Plugin is modifying compileSourceRoots through add(), which will not work in Maven 4.0.0. Use MavenProject.addCompileSourceRoot()/removeCompileSourceRoot() methods instead. If using a plugin, please upgrade to the latest version or report the issue to the plugin maintainer. To disable these warnings, set -Dmaven.project.sourceRoots.warningsDisabled=true on the command line, in the .mvn/maven.config file, or in project POM properties.
2026-07-27 11:17:42,702 [Worker-41: Building] WARN  o.apache.maven.project.MavenProject - Plugin is modifying testCompileSourceRoots through clear(), which will not work in Maven 4.0.0. Use MavenProject.addTestCompileSourceRoot()/removeTestCompileSourceRoot() methods instead. If using a plugin, please upgrade to the latest version or report the issue to the plugin maintainer. To disable these warnings, set -Dmaven.project.sourceRoots.warningsDisabled=true on the command line, in the .mvn/maven.config file, or in project POM properties.
2026-07-27 11:17:42,703 [Worker-41: Building] WARN  o.apache.maven.project.MavenProject - Plugin is modifying testCompileSourceRoots through add(), which will not work in Maven 4.0.0. Use MavenProject.addTestCompileSourceRoot()/removeTestCompileSourceRoot() methods instead. If using a plugin, please upgrade to the latest version or report the issue to the plugin maintainer. To disable these warnings, set -Dmaven.project.sourceRoots.warningsDisabled=true on the command line, in the .mvn/maven.config file, or in project POM properties.
2026-07-27 11:18:10,185 [Worker-48: Building] INFO  o.a.m.s.f.DefaultMavenResourcesFiltering - Copying 0 resource from src\main\resources to target\classes
2026-07-27 11:18:10,185 [Worker-48: Building] INFO  o.a.m.s.f.DefaultMavenResourcesFiltering - Copying 1 resource from src\main\resources to target\classes
2026-07-27 11:18:10,188 [Worker-48: Building] INFO  o.a.m.s.f.DefaultMavenResourcesFiltering - skip non existing resourceDirectory C:\Users\adminn\Desktop\web-ay\server\movie-reservation\src\test\resources
2026-07-27 11:18:10,188 [Worker-48: Building] WARN  o.apache.maven.project.MavenProject - Plugin is modifying compileSourceRoots through clear(), which will not work in Maven 4.0.0. Use MavenProject.addCompileSourceRoot()/removeCompileSourceRoot() methods instead. If using a plugin, please upgrade to the latest version or report the issue to the plugin maintainer. To disable these warnings, set -Dmaven.project.sourceRoots.warningsDisabled=true on the command line, in the .mvn/maven.config file, or in project POM properties.
2026-07-27 11:18:10,189 [Worker-48: Building] WARN  o.apache.maven.project.MavenProject - Plugin is modifying compileSourceRoots through add(), which will not work in Maven 4.0.0. Use MavenProject.addCompileSourceRoot()/removeCompileSourceRoot() methods instead. If using a plugin, please upgrade to the latest version or report the issue to the plugin maintainer. To disable these warnings, set -Dmaven.project.sourceRoots.warningsDisabled=true on the command line, in the .mvn/maven.config file, or in project POM properties.
2026-07-27 11:18:10,189 [Worker-48: Building] WARN  o.apache.maven.project.MavenProject - Plugin is modifying testCompileSourceRoots through clear(), which will not work in Maven 4.0.0. Use MavenProject.addTestCompileSourceRoot()/removeTestCompileSourceRoot() methods instead. If using a plugin, please upgrade to the latest version or report the issue to the plugin maintainer. To disable these warnings, set -Dmaven.project.sourceRoots.warningsDisabled=true on the command line, in the .mvn/maven.config file, or in project POM properties.
2026-07-27 11:18:10,189 [Worker-48: Building] WARN  o.apache.maven.project.MavenProject - Plugin is modifying testCompileSourceRoots through add(), which will not work in Maven 4.0.0. Use MavenProject.addTestCompileSourceRoot()/removeTestCompileSourceRoot() methods instead. If using a plugin, please upgrade to the latest version or report the issue to the plugin maintainer. To disable these warnings, set -Dmaven.project.sourceRoots.warningsDisabled=true on the command line, in the .mvn/maven.config file, or in project POM properties.
2026-07-27 11:18:26,769 [Worker-57: Building] INFO  o.a.m.s.f.DefaultMavenResourcesFiltering - Copying 0 resource from src\main\resources to target\classes
2026-07-27 11:18:26,769 [Worker-57: Building] INFO  o.a.m.s.f.DefaultMavenResourcesFiltering - Copying 1 resource from src\main\resources to target\classes
2026-07-27 11:18:26,772 [Worker-57: Building] INFO  o.a.m.s.f.DefaultMavenResourcesFiltering - skip non existing resourceDirectory C:\Users\adminn\Desktop\web-ay\server\movie-reservation\src\test\resources
2026-07-27 11:18:26,772 [Worker-57: Building] WARN  o.apache.maven.project.MavenProject - Plugin is modifying compileSourceRoots through clear(), which will not work in Maven 4.0.0. Use MavenProject.addCompileSourceRoot()/removeCompileSourceRoot() methods instead. If using a plugin, please upgrade to the latest version or report the issue to the plugin maintainer. To disable these warnings, set -Dmaven.project.sourceRoots.warningsDisabled=true on the command line, in the .mvn/maven.config file, or in project POM properties.
2026-07-27 11:18:26,772 [Worker-57: Building] WARN  o.apache.maven.project.MavenProject - Plugin is modifying compileSourceRoots through add(), which will not work in Maven 4.0.0. Use MavenProject.addCompileSourceRoot()/removeCompileSourceRoot() methods instead. If using a plugin, please upgrade to the latest version or report the issue to the plugin maintainer. To disable these warnings, set -Dmaven.project.sourceRoots.warningsDisabled=true on the command line, in the .mvn/maven.config file, or in project POM properties.
2026-07-27 11:18:26,773 [Worker-57: Building] WARN  o.apache.maven.project.MavenProject - Plugin is modifying testCompileSourceRoots through clear(), which will not work in Maven 4.0.0. Use MavenProject.addTestCompileSourceRoot()/removeTestCompileSourceRoot() methods instead. If using a plugin, please upgrade to the latest version or report the issue to the plugin maintainer. To disable these warnings, set -Dmaven.project.sourceRoots.warningsDisabled=true on the command line, in the .mvn/maven.config file, or in project POM properties.
2026-07-27 11:18:26,773 [Worker-57: Building] WARN  o.apache.maven.project.MavenProject - Plugin is modifying testCompileSourceRoots through add(), which will not work in Maven 4.0.0. Use MavenProject.addTestCompileSourceRoot()/removeTestCompileSourceRoot() methods instead. If using a plugin, please upgrade to the latest version or report the issue to the plugin maintainer. To disable these warnings, set -Dmaven.project.sourceRoots.warningsDisabled=true on the command line, in the .mvn/maven.config file, or in project POM properties.
2026-07-27 11:18:36,198 [Worker-41: Building] INFO  o.a.m.s.f.DefaultMavenResourcesFiltering - Copying 1 resource from src\main\resources to target\classes
2026-07-27 11:18:36,199 [Worker-41: Building] INFO  o.a.m.s.f.DefaultMavenResourcesFiltering - Copying 0 resource from src\main\resources to target\classes
2026-07-27 11:18:36,201 [Worker-41: Building] INFO  o.a.m.s.f.DefaultMavenResourcesFiltering - skip non existing resourceDirectory C:\Users\adminn\Desktop\web-ay\server\ex_0723\src\test\resources
2026-07-27 11:18:36,209 [Worker-41: Building] WARN  o.apache.maven.project.MavenProject - Plugin is modifying compileSourceRoots through clear(), which will not work in Maven 4.0.0. Use MavenProject.addCompileSourceRoot()/removeCompileSourceRoot() methods instead. If using a plugin, please upgrade to the latest version or report the issue to the plugin maintainer. To disable these warnings, set -Dmaven.project.sourceRoots.warningsDisabled=true on the command line, in the .mvn/maven.config file, or in project POM properties.
2026-07-27 11:18:36,210 [Worker-41: Building] WARN  o.apache.maven.project.MavenProject - Plugin is modifying compileSourceRoots through add(), which will not work in Maven 4.0.0. Use MavenProject.addCompileSourceRoot()/removeCompileSourceRoot() methods instead. If using a plugin, please upgrade to the latest version or report the issue to the plugin maintainer. To disable these warnings, set -Dmaven.project.sourceRoots.warningsDisabled=true on the command line, in the .mvn/maven.config file, or in project POM properties.
2026-07-27 11:18:36,210 [Worker-41: Building] WARN  o.apache.maven.project.MavenProject - Plugin is modifying testCompileSourceRoots through clear(), which will not work in Maven 4.0.0. Use MavenProject.addTestCompileSourceRoot()/removeTestCompileSourceRoot() methods instead. If using a plugin, please upgrade to the latest version or report the issue to the plugin maintainer. To disable these warnings, set -Dmaven.project.sourceRoots.warningsDisabled=true on the command line, in the .mvn/maven.config file, or in project POM properties.
2026-07-27 11:18:36,210 [Worker-41: Building] WARN  o.apache.maven.project.MavenProject - Plugin is modifying testCompileSourceRoots through add(), which will not work in Maven 4.0.0. Use MavenProject.addTestCompileSourceRoot()/removeTestCompileSourceRoot() methods instead. If using a plugin, please upgrade to the latest version or report the issue to the plugin maintainer. To disable these warnings, set -Dmaven.project.sourceRoots.warningsDisabled=true on the command line, in the .mvn/maven.config file, or in project POM properties.
2026-07-27 11:18:36,257 [Worker-41: Building] INFO  o.a.m.s.f.DefaultMavenResourcesFiltering - Copying 1 resource from src\main\resources to target\classes
2026-07-27 11:18:36,258 [Worker-41: Building] INFO  o.a.m.s.f.DefaultMavenResourcesFiltering - Copying 2 resources from src\main\resources to target\classes
2026-07-27 11:18:36,261 [Worker-41: Building] INFO  o.a.m.s.f.DefaultMavenResourcesFiltering - skip non existing resourceDirectory C:\Users\adminn\Desktop\web-ay\server\movie-reservation\src\test\resources
2026-07-27 11:18:36,269 [Worker-41: Building] WARN  o.apache.maven.project.MavenProject - Plugin is modifying compileSourceRoots through clear(), which will not work in Maven 4.0.0. Use MavenProject.addCompileSourceRoot()/removeCompileSourceRoot() methods instead. If using a plugin, please upgrade to the latest version or report the issue to the plugin maintainer. To disable these warnings, set -Dmaven.project.sourceRoots.warningsDisabled=true on the command line, in the .mvn/maven.config file, or in project POM properties.
2026-07-27 11:18:36,270 [Worker-41: Building] WARN  o.apache.maven.project.MavenProject - Plugin is modifying compileSourceRoots through add(), which will not work in Maven 4.0.0. Use MavenProject.addCompileSourceRoot()/removeCompileSourceRoot() methods instead. If using a plugin, please upgrade to the latest version or report the issue to the plugin maintainer. To disable these warnings, set -Dmaven.project.sourceRoots.warningsDisabled=true on the command line, in the .mvn/maven.config file, or in project POM properties.
2026-07-27 11:18:36,270 [Worker-41: Building] WARN  o.apache.maven.project.MavenProject - Plugin is modifying testCompileSourceRoots through clear(), which will not work in Maven 4.0.0. Use MavenProject.addTestCompileSourceRoot()/removeTestCompileSourceRoot() methods instead. If using a plugin, please upgrade to the latest version or report the issue to the plugin maintainer. To disable these warnings, set -Dmaven.project.sourceRoots.warningsDisabled=true on the command line, in the .mvn/maven.config file, or in project POM properties.
2026-07-27 11:18:36,270 [Worker-41: Building] WARN  o.apache.maven.project.MavenProject - Plugin is modifying testCompileSourceRoots through add(), which will not work in Maven 4.0.0. Use MavenProject.addTestCompileSourceRoot()/removeTestCompileSourceRoot() methods instead. If using a plugin, please upgrade to the latest version or report the issue to the plugin maintainer. To disable these warnings, set -Dmaven.project.sourceRoots.warningsDisabled=true on the command line, in the .mvn/maven.config file, or in project POM properties.
2026-07-27 11:18:36,313 [Worker-41: Building] INFO  o.a.m.s.f.DefaultMavenResourcesFiltering - Copying 1 resource from src\main\resources to target\classes
2026-07-27 11:18:36,314 [Worker-41: Building] INFO  o.a.m.s.f.DefaultMavenResourcesFiltering - Copying 1 resource from src\main\resources to target\classes
2026-07-27 11:18:36,317 [Worker-41: Building] INFO  o.a.m.s.f.DefaultMavenResourcesFiltering - skip non existing resourceDirectory C:\Users\adminn\Desktop\web-ay\server\petclinic\src\test\resources
2026-07-27 11:18:36,326 [Worker-41: Building] WARN  o.apache.maven.project.MavenProject - Plugin is modifying compileSourceRoots through clear(), which will not work in Maven 4.0.0. Use MavenProject.addCompileSourceRoot()/removeCompileSourceRoot() methods instead. If using a plugin, please upgrade to the latest version or report the issue to the plugin maintainer. To disable these warnings, set -Dmaven.project.sourceRoots.warningsDisabled=true on the command line, in the .mvn/maven.config file, or in project POM properties.
2026-07-27 11:18:36,326 [Worker-41: Building] WARN  o.apache.maven.project.MavenProject - Plugin is modifying compileSourceRoots through add(), which will not work in Maven 4.0.0. Use MavenProject.addCompileSourceRoot()/removeCompileSourceRoot() methods instead. If using a plugin, please upgrade to the latest version or report the issue to the plugin maintainer. To disable these warnings, set -Dmaven.project.sourceRoots.warningsDisabled=true on the command line, in the .mvn/maven.config file, or in project POM properties.
2026-07-27 11:18:36,327 [Worker-41: Building] WARN  o.apache.maven.project.MavenProject - Plugin is modifying testCompileSourceRoots through clear(), which will not work in Maven 4.0.0. Use MavenProject.addTestCompileSourceRoot()/removeTestCompileSourceRoot() methods instead. If using a plugin, please upgrade to the latest version or report the issue to the plugin maintainer. To disable these warnings, set -Dmaven.project.sourceRoots.warningsDisabled=true on the command line, in the .mvn/maven.config file, or in project POM properties.
2026-07-27 11:18:36,327 [Worker-41: Building] WARN  o.apache.maven.project.MavenProject - Plugin is modifying testCompileSourceRoots through add(), which will not work in Maven 4.0.0. Use MavenProject.addTestCompileSourceRoot()/removeTestCompileSourceRoot() methods instead. If using a plugin, please upgrade to the latest version or report the issue to the plugin maintainer. To disable these warnings, set -Dmaven.project.sourceRoots.warningsDisabled=true on the command line, in the .mvn/maven.config file, or in project POM properties.
2026-07-27 11:18:58,832 [Worker-57: Building] INFO  o.a.m.s.f.DefaultMavenResourcesFiltering - Copying 1 resource from src\main\resources to target\classes
2026-07-27 11:18:58,835 [Worker-57: Building] INFO  o.a.m.s.f.DefaultMavenResourcesFiltering - Copying 0 resource from src\main\resources to target\classes
2026-07-27 11:18:58,836 [Worker-57: Building] INFO  o.a.m.s.f.DefaultMavenResourcesFiltering - skip non existing resourceDirectory C:\Users\adminn\Desktop\web-ay\server\ex_0723\src\test\resources
2026-07-27 11:18:58,846 [Worker-57: Building] WARN  o.apache.maven.project.MavenProject - Plugin is modifying compileSourceRoots through clear(), which will not work in Maven 4.0.0. Use MavenProject.addCompileSourceRoot()/removeCompileSourceRoot() methods instead. If using a plugin, please upgrade to the latest version or report the issue to the plugin maintainer. To disable these warnings, set -Dmaven.project.sourceRoots.warningsDisabled=true on the command line, in the .mvn/maven.config file, or in project POM properties.
2026-07-27 11:18:58,846 [Worker-57: Building] WARN  o.apache.maven.project.MavenProject - Plugin is modifying compileSourceRoots through add(), which will not work in Maven 4.0.0. Use MavenProject.addCompileSourceRoot()/removeCompileSourceRoot() methods instead. If using a plugin, please upgrade to the latest version or report the issue to the plugin maintainer. To disable these warnings, set -Dmaven.project.sourceRoots.warningsDisabled=true on the command line, in the .mvn/maven.config file, or in project POM properties.
2026-07-27 11:18:58,847 [Worker-57: Building] WARN  o.apache.maven.project.MavenProject - Plugin is modifying testCompileSourceRoots through clear(), which will not work in Maven 4.0.0. Use MavenProject.addTestCompileSourceRoot()/removeTestCompileSourceRoot() methods instead. If using a plugin, please upgrade to the latest version or report the issue to the plugin maintainer. To disable these warnings, set -Dmaven.project.sourceRoots.warningsDisabled=true on the command line, in the .mvn/maven.config file, or in project POM properties.
2026-07-27 11:18:58,847 [Worker-57: Building] WARN  o.apache.maven.project.MavenProject - Plugin is modifying testCompileSourceRoots through add(), which will not work in Maven 4.0.0. Use MavenProject.addTestCompileSourceRoot()/removeTestCompileSourceRoot() methods instead. If using a plugin, please upgrade to the latest version or report the issue to the plugin maintainer. To disable these warnings, set -Dmaven.project.sourceRoots.warningsDisabled=true on the command line, in the .mvn/maven.config file, or in project POM properties.
2026-07-27 11:18:58,904 [Worker-57: Building] INFO  o.a.m.s.f.DefaultMavenResourcesFiltering - Copying 1 resource from src\main\resources to target\classes
2026-07-27 11:18:58,905 [Worker-57: Building] INFO  o.a.m.s.f.DefaultMavenResourcesFiltering - Copying 2 resources from src\main\resources to target\classes
2026-07-27 11:18:58,909 [Worker-57: Building] INFO  o.a.m.s.f.DefaultMavenResourcesFiltering - skip non existing resourceDirectory C:\Users\adminn\Desktop\web-ay\server\movie-reservation\src\test\resources
2026-07-27 11:18:58,919 [Worker-57: Building] WARN  o.apache.maven.project.MavenProject - Plugin is modifying compileSourceRoots through clear(), which will not work in Maven 4.0.0. Use MavenProject.addCompileSourceRoot()/removeCompileSourceRoot() methods instead. If using a plugin, please upgrade to the latest version or report the issue to the plugin maintainer. To disable these warnings, set -Dmaven.project.sourceRoots.warningsDisabled=true on the command line, in the .mvn/maven.config file, or in project POM properties.
2026-07-27 11:18:58,920 [Worker-57: Building] WARN  o.apache.maven.project.MavenProject - Plugin is modifying compileSourceRoots through add(), which will not work in Maven 4.0.0. Use MavenProject.addCompileSourceRoot()/removeCompileSourceRoot() methods instead. If using a plugin, please upgrade to the latest version or report the issue to the plugin maintainer. To disable these warnings, set -Dmaven.project.sourceRoots.warningsDisabled=true on the command line, in the .mvn/maven.config file, or in project POM properties.
2026-07-27 11:18:58,920 [Worker-57: Building] WARN  o.apache.maven.project.MavenProject - Plugin is modifying testCompileSourceRoots through clear(), which will not work in Maven 4.0.0. Use MavenProject.addTestCompileSourceRoot()/removeTestCompileSourceRoot() methods instead. If using a plugin, please upgrade to the latest version or report the issue to the plugin maintainer. To disable these warnings, set -Dmaven.project.sourceRoots.warningsDisabled=true on the command line, in the .mvn/maven.config file, or in project POM properties.
2026-07-27 11:18:58,921 [Worker-57: Building] WARN  o.apache.maven.project.MavenProject - Plugin is modifying testCompileSourceRoots through add(), which will not work in Maven 4.0.0. Use MavenProject.addTestCompileSourceRoot()/removeTestCompileSourceRoot() methods instead. If using a plugin, please upgrade to the latest version or report the issue to the plugin maintainer. To disable these warnings, set -Dmaven.project.sourceRoots.warningsDisabled=true on the command line, in the .mvn/maven.config file, or in project POM properties.
2026-07-27 11:18:58,974 [Worker-57: Building] INFO  o.a.m.s.f.DefaultMavenResourcesFiltering - Copying 1 resource from src\main\resources to target\classes
2026-07-27 11:18:58,975 [Worker-57: Building] INFO  o.a.m.s.f.DefaultMavenResourcesFiltering - Copying 1 resource from src\main\resources to target\classes
2026-07-27 11:18:58,978 [Worker-57: Building] INFO  o.a.m.s.f.DefaultMavenResourcesFiltering - skip non existing resourceDirectory C:\Users\adminn\Desktop\web-ay\server\petclinic\src\test\resources
2026-07-27 11:18:58,992 [Worker-57: Building] WARN  o.apache.maven.project.MavenProject - Plugin is modifying compileSourceRoots through clear(), which will not work in Maven 4.0.0. Use MavenProject.addCompileSourceRoot()/removeCompileSourceRoot() methods instead. If using a plugin, please upgrade to the latest version or report the issue to the plugin maintainer. To disable these warnings, set -Dmaven.project.sourceRoots.warningsDisabled=true on the command line, in the .mvn/maven.config file, or in project POM properties.
2026-07-27 11:18:58,993 [Worker-57: Building] WARN  o.apache.maven.project.MavenProject - Plugin is modifying compileSourceRoots through add(), which will not work in Maven 4.0.0. Use MavenProject.addCompileSourceRoot()/removeCompileSourceRoot() methods instead. If using a plugin, please upgrade to the latest version or report the issue to the plugin maintainer. To disable these warnings, set -Dmaven.project.sourceRoots.warningsDisabled=true on the command line, in the .mvn/maven.config file, or in project POM properties.
2026-07-27 11:18:58,993 [Worker-57: Building] WARN  o.apache.maven.project.MavenProject - Plugin is modifying testCompileSourceRoots through clear(), which will not work in Maven 4.0.0. Use MavenProject.addTestCompileSourceRoot()/removeTestCompileSourceRoot() methods instead. If using a plugin, please upgrade to the latest version or report the issue to the plugin maintainer. To disable these warnings, set -Dmaven.project.sourceRoots.warningsDisabled=true on the command line, in the .mvn/maven.config file, or in project POM properties.
2026-07-27 11:18:58,993 [Worker-57: Building] WARN  o.apache.maven.project.MavenProject - Plugin is modifying testCompileSourceRoots through add(), which will not work in Maven 4.0.0. Use MavenProject.addTestCompileSourceRoot()/removeTestCompileSourceRoot() methods instead. If using a plugin, please upgrade to the latest version or report the issue to the plugin maintainer. To disable these warnings, set -Dmaven.project.sourceRoots.warningsDisabled=true on the command line, in the .mvn/maven.config file, or in project POM properties.
2026-07-27 11:20:58,042 [Worker-54: Building] INFO  o.a.m.s.f.DefaultMavenResourcesFiltering - Copying 1 resource from src\main\resources to target\classes
2026-07-27 11:20:58,046 [Worker-54: Building] INFO  o.a.m.s.f.DefaultMavenResourcesFiltering - Copying 0 resource from src\main\resources to target\classes
2026-07-27 11:20:58,047 [Worker-54: Building] INFO  o.a.m.s.f.DefaultMavenResourcesFiltering - skip non existing resourceDirectory C:\Users\adminn\Desktop\web-ay\server\movie-reservation\src\test\resources
2026-07-27 11:20:58,047 [Worker-54: Building] WARN  o.apache.maven.project.MavenProject - Plugin is modifying compileSourceRoots through clear(), which will not work in Maven 4.0.0. Use MavenProject.addCompileSourceRoot()/removeCompileSourceRoot() methods instead. If using a plugin, please upgrade to the latest version or report the issue to the plugin maintainer. To disable these warnings, set -Dmaven.project.sourceRoots.warningsDisabled=true on the command line, in the .mvn/maven.config file, or in project POM properties.
2026-07-27 11:20:58,047 [Worker-54: Building] WARN  o.apache.maven.project.MavenProject - Plugin is modifying compileSourceRoots through add(), which will not work in Maven 4.0.0. Use MavenProject.addCompileSourceRoot()/removeCompileSourceRoot() methods instead. If using a plugin, please upgrade to the latest version or report the issue to the plugin maintainer. To disable these warnings, set -Dmaven.project.sourceRoots.warningsDisabled=true on the command line, in the .mvn/maven.config file, or in project POM properties.
2026-07-27 11:20:58,048 [Worker-54: Building] WARN  o.apache.maven.project.MavenProject - Plugin is modifying testCompileSourceRoots through clear(), which will not work in Maven 4.0.0. Use MavenProject.addTestCompileSourceRoot()/removeTestCompileSourceRoot() methods instead. If using a plugin, please upgrade to the latest version or report the issue to the plugin maintainer. To disable these warnings, set -Dmaven.project.sourceRoots.warningsDisabled=true on the command line, in the .mvn/maven.config file, or in project POM properties.
2026-07-27 11:20:58,048 [Worker-54: Building] WARN  o.apache.maven.project.MavenProject - Plugin is modifying testCompileSourceRoots through add(), which will not work in Maven 4.0.0. Use MavenProject.addTestCompileSourceRoot()/removeTestCompileSourceRoot() methods instead. If using a plugin, please upgrade to the latest version or report the issue to the plugin maintainer. To disable these warnings, set -Dmaven.project.sourceRoots.warningsDisabled=true on the command line, in the .mvn/maven.config file, or in project POM properties.
2026-07-27 11:21:04,168 [Worker-57: Building] INFO  o.a.m.s.f.DefaultMavenResourcesFiltering - Copying 1 resource from src\main\resources to target\classes
2026-07-27 11:21:04,169 [Worker-57: Building] INFO  o.a.m.s.f.DefaultMavenResourcesFiltering - Copying 0 resource from src\main\resources to target\classes
2026-07-27 11:21:04,170 [Worker-57: Building] INFO  o.a.m.s.f.DefaultMavenResourcesFiltering - skip non existing resourceDirectory C:\Users\adminn\Desktop\web-ay\server\ex_0723\src\test\resources
2026-07-27 11:21:04,178 [Worker-57: Building] WARN  o.apache.maven.project.MavenProject - Plugin is modifying compileSourceRoots through clear(), which will not work in Maven 4.0.0. Use MavenProject.addCompileSourceRoot()/removeCompileSourceRoot() methods instead. If using a plugin, please upgrade to the latest version or report the issue to the plugin maintainer. To disable these warnings, set -Dmaven.project.sourceRoots.warningsDisabled=true on the command line, in the .mvn/maven.config file, or in project POM properties.
2026-07-27 11:21:04,179 [Worker-57: Building] WARN  o.apache.maven.project.MavenProject - Plugin is modifying compileSourceRoots through add(), which will not work in Maven 4.0.0. Use MavenProject.addCompileSourceRoot()/removeCompileSourceRoot() methods instead. If using a plugin, please upgrade to the latest version or report the issue to the plugin maintainer. To disable these warnings, set -Dmaven.project.sourceRoots.warningsDisabled=true on the command line, in the .mvn/maven.config file, or in project POM properties.
2026-07-27 11:21:04,179 [Worker-57: Building] WARN  o.apache.maven.project.MavenProject - Plugin is modifying testCompileSourceRoots through clear(), which will not work in Maven 4.0.0. Use MavenProject.addTestCompileSourceRoot()/removeTestCompileSourceRoot() methods instead. If using a plugin, please upgrade to the latest version or report the issue to the plugin maintainer. To disable these warnings, set -Dmaven.project.sourceRoots.warningsDisabled=true on the command line, in the .mvn/maven.config file, or in project POM properties.
2026-07-27 11:21:04,179 [Worker-57: Building] WARN  o.apache.maven.project.MavenProject - Plugin is modifying testCompileSourceRoots through add(), which will not work in Maven 4.0.0. Use MavenProject.addTestCompileSourceRoot()/removeTestCompileSourceRoot() methods instead. If using a plugin, please upgrade to the latest version or report the issue to the plugin maintainer. To disable these warnings, set -Dmaven.project.sourceRoots.warningsDisabled=true on the command line, in the .mvn/maven.config file, or in project POM properties.
2026-07-27 11:21:04,230 [Worker-57: Building] INFO  o.a.m.s.f.DefaultMavenResourcesFiltering - Copying 1 resource from src\main\resources to target\classes
2026-07-27 11:21:04,232 [Worker-57: Building] INFO  o.a.m.s.f.DefaultMavenResourcesFiltering - Copying 2 resources from src\main\resources to target\classes
2026-07-27 11:21:04,236 [Worker-57: Building] INFO  o.a.m.s.f.DefaultMavenResourcesFiltering - skip non existing resourceDirectory C:\Users\adminn\Desktop\web-ay\server\movie-reservation\src\test\resources
2026-07-27 11:21:04,246 [Worker-57: Building] WARN  o.apache.maven.project.MavenProject - Plugin is modifying compileSourceRoots through clear(), which will not work in Maven 4.0.0. Use MavenProject.addCompileSourceRoot()/removeCompileSourceRoot() methods instead. If using a plugin, please upgrade to the latest version or report the issue to the plugin maintainer. To disable these warnings, set -Dmaven.project.sourceRoots.warningsDisabled=true on the command line, in the .mvn/maven.config file, or in project POM properties.
2026-07-27 11:21:04,247 [Worker-57: Building] WARN  o.apache.maven.project.MavenProject - Plugin is modifying compileSourceRoots through add(), which will not work in Maven 4.0.0. Use MavenProject.addCompileSourceRoot()/removeCompileSourceRoot() methods instead. If using a plugin, please upgrade to the latest version or report the issue to the plugin maintainer. To disable these warnings, set -Dmaven.project.sourceRoots.warningsDisabled=true on the command line, in the .mvn/maven.config file, or in project POM properties.
2026-07-27 11:21:04,247 [Worker-57: Building] WARN  o.apache.maven.project.MavenProject - Plugin is modifying testCompileSourceRoots through clear(), which will not work in Maven 4.0.0. Use MavenProject.addTestCompileSourceRoot()/removeTestCompileSourceRoot() methods instead. If using a plugin, please upgrade to the latest version or report the issue to the plugin maintainer. To disable these warnings, set -Dmaven.project.sourceRoots.warningsDisabled=true on the command line, in the .mvn/maven.config file, or in project POM properties.
2026-07-27 11:21:04,248 [Worker-57: Building] WARN  o.apache.maven.project.MavenProject - Plugin is modifying testCompileSourceRoots through add(), which will not work in Maven 4.0.0. Use MavenProject.addTestCompileSourceRoot()/removeTestCompileSourceRoot() methods instead. If using a plugin, please upgrade to the latest version or report the issue to the plugin maintainer. To disable these warnings, set -Dmaven.project.sourceRoots.warningsDisabled=true on the command line, in the .mvn/maven.config file, or in project POM properties.
2026-07-27 11:21:04,302 [Worker-57: Building] INFO  o.a.m.s.f.DefaultMavenResourcesFiltering - Copying 1 resource from src\main\resources to target\classes
2026-07-27 11:21:04,303 [Worker-57: Building] INFO  o.a.m.s.f.DefaultMavenResourcesFiltering - Copying 1 resource from src\main\resources to target\classes
2026-07-27 11:21:04,306 [Worker-57: Building] INFO  o.a.m.s.f.DefaultMavenResourcesFiltering - skip non existing resourceDirectory C:\Users\adminn\Desktop\web-ay\server\petclinic\src\test\resources
2026-07-27 11:21:04,318 [Worker-57: Building] WARN  o.apache.maven.project.MavenProject - Plugin is modifying compileSourceRoots through clear(), which will not work in Maven 4.0.0. Use MavenProject.addCompileSourceRoot()/removeCompileSourceRoot() methods instead. If using a plugin, please upgrade to the latest version or report the issue to the plugin maintainer. To disable these warnings, set -Dmaven.project.sourceRoots.warningsDisabled=true on the command line, in the .mvn/maven.config file, or in project POM properties.
2026-07-27 11:21:04,319 [Worker-57: Building] WARN  o.apache.maven.project.MavenProject - Plugin is modifying compileSourceRoots through add(), which will not work in Maven 4.0.0. Use MavenProject.addCompileSourceRoot()/removeCompileSourceRoot() methods instead. If using a plugin, please upgrade to the latest version or report the issue to the plugin maintainer. To disable these warnings, set -Dmaven.project.sourceRoots.warningsDisabled=true on the command line, in the .mvn/maven.config file, or in project POM properties.
2026-07-27 11:21:04,320 [Worker-57: Building] WARN  o.apache.maven.project.MavenProject - Plugin is modifying testCompileSourceRoots through clear(), which will not work in Maven 4.0.0. Use MavenProject.addTestCompileSourceRoot()/removeTestCompileSourceRoot() methods instead. If using a plugin, please upgrade to the latest version or report the issue to the plugin maintainer. To disable these warnings, set -Dmaven.project.sourceRoots.warningsDisabled=true on the command line, in the .mvn/maven.config file, or in project POM properties.
2026-07-27 11:21:04,320 [Worker-57: Building] WARN  o.apache.maven.project.MavenProject - Plugin is modifying testCompileSourceRoots through add(), which will not work in Maven 4.0.0. Use MavenProject.addTestCompileSourceRoot()/removeTestCompileSourceRoot() methods instead. If using a plugin, please upgrade to the latest version or report the issue to the plugin maintainer. To disable these warnings, set -Dmaven.project.sourceRoots.warningsDisabled=true on the command line, in the .mvn/maven.config file, or in project POM properties.
2026-07-27 11:31:21,458 [Worker-63: Building] INFO  o.a.m.s.f.DefaultMavenResourcesFiltering - Copying 1 resource from src\main\resources to target\classes
2026-07-27 11:31:21,463 [Worker-63: Building] INFO  o.a.m.s.f.DefaultMavenResourcesFiltering - Copying 2 resources from src\main\resources to target\classes
2026-07-27 11:31:21,464 [Worker-63: Building] INFO  o.a.m.s.f.DefaultMavenResourcesFiltering - skip non existing resourceDirectory C:\Users\adminn\Desktop\web-ay\server\movie-reservation\src\test\resources
2026-07-27 11:31:21,465 [Worker-63: Building] WARN  o.apache.maven.project.MavenProject - Plugin is modifying compileSourceRoots through clear(), which will not work in Maven 4.0.0. Use MavenProject.addCompileSourceRoot()/removeCompileSourceRoot() methods instead. If using a plugin, please upgrade to the latest version or report the issue to the plugin maintainer. To disable these warnings, set -Dmaven.project.sourceRoots.warningsDisabled=true on the command line, in the .mvn/maven.config file, or in project POM properties.
2026-07-27 11:31:21,465 [Worker-63: Building] WARN  o.apache.maven.project.MavenProject - Plugin is modifying compileSourceRoots through add(), which will not work in Maven 4.0.0. Use MavenProject.addCompileSourceRoot()/removeCompileSourceRoot() methods instead. If using a plugin, please upgrade to the latest version or report the issue to the plugin maintainer. To disable these warnings, set -Dmaven.project.sourceRoots.warningsDisabled=true on the command line, in the .mvn/maven.config file, or in project POM properties.
2026-07-27 11:31:21,466 [Worker-63: Building] WARN  o.apache.maven.project.MavenProject - Plugin is modifying testCompileSourceRoots through clear(), which will not work in Maven 4.0.0. Use MavenProject.addTestCompileSourceRoot()/removeTestCompileSourceRoot() methods instead. If using a plugin, please upgrade to the latest version or report the issue to the plugin maintainer. To disable these warnings, set -Dmaven.project.sourceRoots.warningsDisabled=true on the command line, in the .mvn/maven.config file, or in project POM properties.
2026-07-27 11:31:21,466 [Worker-63: Building] WARN  o.apache.maven.project.MavenProject - Plugin is modifying testCompileSourceRoots through add(), which will not work in Maven 4.0.0. Use MavenProject.addTestCompileSourceRoot()/removeTestCompileSourceRoot() methods instead. If using a plugin, please upgrade to the latest version or report the issue to the plugin maintainer. To disable these warnings, set -Dmaven.project.sourceRoots.warningsDisabled=true on the command line, in the .mvn/maven.config file, or in project POM properties.
2026-07-27 18:27:00,718 [Worker-164: Building] INFO  o.a.m.s.f.DefaultMavenResourcesFiltering - Copying 1 resource from src\main\resources to target\classes
2026-07-27 18:27:00,747 [Worker-164: Building] INFO  o.a.m.s.f.DefaultMavenResourcesFiltering - Copying 0 resource from src\main\resources to target\classes
2026-07-27 18:27:00,753 [Worker-164: Building] INFO  o.a.m.s.f.DefaultMavenResourcesFiltering - skip non existing resourceDirectory C:\Users\adminn\Desktop\web-ay\server\movie-reservation\src\test\resources
2026-07-27 18:27:00,753 [Worker-164: Building] WARN  o.apache.maven.project.MavenProject - Plugin is modifying compileSourceRoots through clear(), which will not work in Maven 4.0.0. Use MavenProject.addCompileSourceRoot()/removeCompileSourceRoot() methods instead. If using a plugin, please upgrade to the latest version or report the issue to the plugin maintainer. To disable these warnings, set -Dmaven.project.sourceRoots.warningsDisabled=true on the command line, in the .mvn/maven.config file, or in project POM properties.
2026-07-27 18:27:00,755 [Worker-164: Building] WARN  o.apache.maven.project.MavenProject - Plugin is modifying compileSourceRoots through add(), which will not work in Maven 4.0.0. Use MavenProject.addCompileSourceRoot()/removeCompileSourceRoot() methods instead. If using a plugin, please upgrade to the latest version or report the issue to the plugin maintainer. To disable these warnings, set -Dmaven.project.sourceRoots.warningsDisabled=true on the command line, in the .mvn/maven.config file, or in project POM properties.
2026-07-27 18:27:00,756 [Worker-164: Building] WARN  o.apache.maven.project.MavenProject - Plugin is modifying testCompileSourceRoots through clear(), which will not work in Maven 4.0.0. Use MavenProject.addTestCompileSourceRoot()/removeTestCompileSourceRoot() methods instead. If using a plugin, please upgrade to the latest version or report the issue to the plugin maintainer. To disable these warnings, set -Dmaven.project.sourceRoots.warningsDisabled=true on the command line, in the .mvn/maven.config file, or in project POM properties.
2026-07-27 18:27:00,756 [Worker-164: Building] WARN  o.apache.maven.project.MavenProject - Plugin is modifying testCompileSourceRoots through add(), which will not work in Maven 4.0.0. Use MavenProject.addTestCompileSourceRoot()/removeTestCompileSourceRoot() methods instead. If using a plugin, please upgrade to the latest version or report the issue to the plugin maintainer. To disable these warnings, set -Dmaven.project.sourceRoots.warningsDisabled=true on the command line, in the .mvn/maven.config file, or in project POM properties.
